IQ-TREE version 3.1.2 for Linux x86 64-bit built May 17 2026
Developed by Bui Quang Minh, Thomas Wong, Nhan Ly-Trong, Huaiyan Ren
Contributed by Lam-Tung Nguyen, Dominik Schrempf, Chris Bielow,
Olga Chernomor, Michael Woodhams, Diep Thi Hoang, Heiko Schmidt

Host:    YeastComp (AVX512, FMA3, 46 GB RAM)
Command: iqtree3 -s results/seq_tree/alnAA_3di.fasta -p results/seq_tree/aa3di_partition.nex -B 1000 -alrt 1000 -bnni -T AUTO -seed 42 -pre results/seq_tree/pif1_aa3di_supported -redo
Seed:    42 (Using SPRNG - Scalable Parallel Random Number Generator)
Time:    Thu Jun 18 01:26:46 2026
Kernel:  AVX+FMA - auto-detect threads (32 CPU cores detected)

Reading partition model file results/seq_tree/aa3di_partition.nex ...
Reading alignment file results/seq_tree/alnAA_3di.fasta ... Fasta format detected
Reading fasta file: done in 0.00385404 secs using 81.78% CPU
Alignment most likely contains protein sequences
Constructing alignment: done in 0.00648093 secs using 2561% CPU
Alignment has 957 sequences with 418 columns, 417 distinct patterns
374 parsimony-informative, 25 singleton sites, 19 constant sites
                                Gap/Ambiguity  Composition  p-value
Analyzing sequences: done in 0.000257015 secs using 3224% CPU
   1  A0A0C7N4Y2_Lachancea              1.44%    passed     81.05%
   2  A0A0W4ZHZ4_Pneumocystis           0.96%    passed     98.68%
   3  A0A0W4ZNJ0_Pneumocystis           0.48%    passed     98.67%
   4  A0A1G4K4H6_Lachancea              1.44%    passed     96.56%
   5  A0A2P7YPG7_Candidozyma            1.91%    passed     97.66%
   6  A5DHA1_Meyerozyma                 1.91%    passed     97.99%
   7  B6K513_Schizosaccharomyces        0.48%    passed     99.90%
   8  C4R0P2_Komagataella               2.39%    passed     99.57%
   9  G0V5V7_Naumovozyma                1.44%    passed     97.49%
  10  G0WAI2_Naumovozyma                1.44%    passed     96.33%
  11  G8BK92_Candida                    1.91%    passed     99.97%
  12  G8BQC5_Tetrapisispora             1.91%    passed     59.55%
  13  G8JMQ5_Eremothecium               1.91%    passed     96.78%
  14  G8ZST6_Torulaspora                1.44%    passed     99.83%
  15  H2AZM3_Kazachstania               1.44%    passed     97.54%
  16  I2H566_Henningerozyma             2.39%    passed     85.58%
  17  J7S6X7_Huiozyma                   1.44%    passed     95.91%
  18  M7P7M8_Pneumocystis               0.96%    passed     98.19%
  19  P07271_Saccharomyces              1.44%    passed     95.81%
  20  P38766_Saccharomyces              2.39%    passed     75.40%
  21  Q59RQ0_Candida                    1.91%    passed     99.22%
  22  Q6BQK7_Debaryomyces               1.44%    passed     94.75%
  23  Q6FKI9_Nakaseomyces               1.44%    passed     93.65%
  24  Q9UUA2_Schizosaccharomyces        0.48%    passed     82.26%
  25  S9PVT1_Schizosaccharomyces        0.48%    passed     99.90%
  26  S9X0K1_Schizosaccharomyces        0.48%    passed     99.87%
  27  W1QEW7_Ogataea                    2.39%    passed     97.42%
  28  W6MNR6_Kuraishia                  2.39%    passed     67.05%
  29  A0A066XBE3_Colletotrichum         0.00%    passed     99.97%
  30  A0A098E1Q1_Fusarium               0.00%    passed     99.99%
  31  A0A0A8L254_Kluyveromyces          1.91%    passed     97.13%
  32  A0A0A8L495_Kluyveromyces          1.44%    passed     95.07%
  33  A0A0D2HCP1_Cladophialophora       0.48%    passed     99.92%
  34  A0A0D2IYR0_Rhinocladiella         0.48%    passed     99.97%
  35  A0A0E9NJD1_Saitoella              0.96%    passed     96.87%
  36  A0A0F8UK25_Aspergillus            0.48%    passed     98.38%
  37  A0A0G2G6N1_Phaeomoniella          0.96%    passed     99.95%
  38  A0A0G4N7A9_Verticillium           0.00%    passed     99.97%
  39  A0A0G4PIW6_Penicillium            0.00%    passed     99.89%
  40  A0A0X8HVB8_Eremothecium           1.91%    passed     79.22%
  41  A0A135UEW1_Colletotrichum         0.00%    passed     99.88%
  42  A0A162ZNR2_Ascochyta              0.96%    passed    100.00%
  43  A0A166QWJ6_Colletotrichum         0.00%    passed     99.95%
  44  A0A167DT29_Sugiyamaella           6.70%    passed     99.61%
  45  A0A178CX55_Fonsecaea              0.48%    passed     99.62%
  46  A0A178FD44_Trichophyton           0.96%    passed    100.00%
  47  A0A1B2JBB9_Komagataella           2.39%    passed     99.52%
  48  A0A1E3B484_Aspergillus            0.48%    passed    100.00%
  49  A0A1F8AAX5_Aspergillus            0.48%    passed     97.63%
  50  A0A1G4B3T3_Colletotrichum         0.00%    passed     99.97%
  51  A0A1G4J9Z3_Lachancea              1.91%    passed     98.84%
  52  A0A1G4M6R4_Lachancea              1.91%    passed     98.88%
  53  A0A1J9QLP1_Diplodia               2.39%    passed     97.88%
  54  A0A1L7WWW9_Phialocephala          0.00%    passed     99.94%
  55  A0A1V6U152_Penicillium            0.48%    passed    100.00%
  56  A0A1W5D893_Lasallia               0.96%    passed    100.00%
  57  A0A2A9PT09_Ophiocordyceps         0.00%    passed     99.95%
  58  A0A2C5WV42_Ceratocystis           0.00%    passed     99.24%
  59  A0A2C5Z163_Ophiocordyceps         0.00%    passed     99.97%
  60  A0A2G7FQB8_Aspergillus            0.00%    passed     99.98%
  61  A0A2S4L8F3_Tolypocladium          0.00%    passed     99.85%
  62  A0A2S4Q1N6_Erysiphe               0.00%    passed     99.97%
  63  A0A2T0FEC6_Wickerhamiella         5.74%    passed     94.08%
  64  A0A2U9RAS2_Pichia                 4.31%    passed     90.28%
  65  A0A370TV91_Venustampulla          0.00%    passed     99.96%
  66  A0A3D8QMU0_Aspergillus            0.48%    passed     99.86%
  67  A0A401KJ13_Aspergillus            0.48%    passed    100.00%
  68  A0A420Y4N6_Coniochaeta            0.00%    passed     99.78%
  69  A0A423X8J6_Cytospora              0.00%    passed     99.99%
  70  A0A4P6XHN0_Metschnikowia          3.35%    passed     94.09%
  71  A0A4Q4SNS4_Alternaria             0.48%    passed     99.95%
  72  A0A4Q4SW76_Monosporascus          0.00%    passed     99.99%
  73  A0A4R8TC14_Colletotrichum         0.00%    passed     99.89%
  74  A0A4T0X234_Pichia                 3.35%    passed     60.41%
  75  A0A4Z1I1P6_Botryotinia            0.00%    passed     99.76%
  76  A0A5E8BJL0_Magnusiomyces          2.87%    passed     98.59%
  77  A0A5M3Z9B9_Aspergillus            0.00%    passed    100.00%
  78  A0A6H0XK98_Peltaster              0.48%    passed     99.78%
  79  A0A7D8YNF5_Lachnellula            0.00%    passed    100.00%
  80  A0A8E5HVQ8_Ustilaginoidea         0.00%    passed     99.99%
  81  A0A8H3WE31_Colletotrichum         0.00%    passed     99.35%
  82  A0A8H5T131_Fusarium               0.00%    passed     99.97%
  83  A0A8J2T8D0_Zygosaccharomyces      6.70%    passed     97.50%
  84  A0A8J8WMJ2_Penicillium            0.00%    passed    100.00%
  85  A0A8K0LFH0_Elsinoe                0.48%    passed    100.00%
  86  A0A8T9C083_Lachnellula            0.00%    passed    100.00%
  87  A0A9N9L4M2_Hymenoscyphus          0.00%    passed     99.97%
  88  A0A9P5AP51_Fusarium               0.00%    passed     99.99%
  89  A0A9P5F6D8_Colletotrichum         0.00%    passed     99.45%
  90  A0A9P5IFU8_Botrytis               0.00%    passed     99.59%
  91  A0A9P7HAM0_Fusarium               0.00%    passed    100.00%
  92  A0A9P8NYE8_Ogataea                2.39%    passed     97.83%
  93  A0A9P8TS07_Trichoderma            0.00%    passed     99.98%
  94  A0A9Q8LAV6_Fulvia                 0.96%    passed     99.99%
  95  A0A9Q8QLM5_Purpureocillium        0.00%    passed     99.95%
  96  A0A9W9HYZ6_Penicillium            0.00%    passed     99.89%
  97  A0A9W9RW94_Penicillium            0.00%    passed     98.88%
  98  A0AAD9T215_Diplocarpon            0.00%    passed     99.98%
  99  A0AAI9SXC1_Candida                3.83%    passed     99.38%
 100  Q5AXT5_Aspergillus                0.96%    passed     99.99%
 101  A0A010SLY8_Colletotrichum         0.00%    passed     99.96%
 102  A0A0A2KKZ8_Penicillium            0.00%    passed     99.33%
 103  A0A0C7N9H1_Lachancea              2.39%    passed     96.82%
 104  A0A0D2AM31_Verruconis             1.44%    passed     99.94%
 105  A0A0D2CU01_Cladophialophora       0.48%    passed     99.91%
 106  A0A0F4GSW0_Zymoseptoria           0.48%    passed     99.97%
 107  A0A0F7TPW7_Penicillium            0.00%    passed     99.84%
 108  A0A0F8V674_Aspergillus            0.48%    passed     95.96%
 109  A0A0J9X617_Geotrichum             2.87%    passed     97.92%
 110  A0A0J9XD28_Geotrichum             0.00%    passed     99.06%
 111  A0A0L1J6G6_Aspergillus            0.48%    passed     99.62%
 112  A0A0P1KUZ5_Lachancea              0.96%    passed     95.88%
 113  A0A0U1LMZ8_Talaromyces            0.00%    passed     99.75%
 114  A0A0U5FW00_Aspergillus            0.00%    passed    100.00%
 115  A0A179UY81_Blastomyces            0.96%    passed     99.88%
 116  A0A194VFA7_Cytospora              2.39%    passed     99.96%
 117  A0A1E1KHD1_Rhynchosporium         0.48%    passed    100.00%
 118  A0A1E5R2E4_Hanseniaspora         51.20%    failed      0.00%
 119  A0A1E5RH49_Hanseniaspora         50.96%    failed      0.00%
 120  A0A1E5RYU5_Hanseniaspora         51.67%    failed      0.00%
 121  A0A1G4JAR2_Lachancea              0.96%    passed     99.74%
 122  A0A1G4JJ13_Lachancea              1.44%    passed     97.09%
 123  A0A1G4KK60_Lachancea              1.44%    passed     97.25%
 124  A0A1G4M6E1_Lachancea              1.44%    passed     98.85%
 125  A0A1J9QG29_Blastomyces            0.96%    passed     99.84%
 126  A0A1L0D0Q5_Hanseniaspora          1.91%    passed     99.37%
 127  A0A1L7VNC0_Fusarium               0.00%    passed     99.99%
 128  A0A1X7R554_Maudiozyma             1.91%    passed     96.52%
 129  A0A218YVE5_Diplocarpon            0.00%    passed    100.00%
 130  A0A232LWR6_Elaphomyces            0.48%    passed     99.84%
 131  A0A292Q3K7_Tuber                  0.48%    passed     95.04%
 132  A0A2B7WVK7_Helicocarpus           0.48%    passed     99.97%
 133  A0A2D3UXI5_Ramularia              0.48%    passed     98.79%
 134  A0A2K1QRC5_Sphaceloma             0.48%    passed    100.00%
 135  A0A2S6CBW7_Cercospora             0.96%    passed     98.71%
 136  A0A2V1A9H7_Candidozyma            1.91%    passed     98.42%
 137  A0A2V1ALF0_Candidozyma            1.91%    passed     95.93%
 138  A0A2W1ERC3_Pyrenophora            1.44%    passed     99.97%
 139  A0A364L1Q7_Talaromyces            0.00%    passed     99.99%
 140  A0A367L4D8_Ophiocordyceps         0.00%    passed    100.00%
 141  A0A367YDY7_Candida                2.39%    passed     97.52%
 142  A0A384JQ16_Botrytis               0.00%    passed     99.93%
 143  A0A423WMC8_Cytospora              1.44%    passed     99.27%
 144  A0A448YGA8_Brettanomyces          2.39%    passed     97.08%
 145  A0A448YPH1_Brettanomyces          2.39%    passed     94.90%
 146  A0A4Y8D3B0_Botryotinia            0.00%    passed     99.99%
 147  A0A4Z0Z973_Xylaria                0.00%    passed    100.00%
 148  A0A507AHL1_Thyridium              0.00%    passed     99.93%
 149  A0A5Q4C7C0_Colletotrichum         0.00%    passed     99.99%
 150  A0A6A6V6U0_Sporormia              1.44%    passed     99.99%
 151  A0A6V8H3K1_Talaromyces            0.00%    passed     99.78%
 152  A0A7H8QY08_Talaromyces            0.00%    passed     99.90%
 153  A0A8G0PM48_Trichoderma            0.00%    passed     99.88%
 154  A0A8H2ZKI7_Maudiozyma             1.44%    passed     97.33%
 155  A0A8H4ISW3_Botryosphaeria         0.96%    passed     99.98%
 156  A0A8H4KSP0_Fusarium               0.00%    passed     99.97%
 157  A0A8H4L6X0_Fusarium               0.00%    passed    100.00%
 158  A0A8H4XL08_Fusarium               0.00%    passed     99.98%
 159  A0A8H5VWV3_Fusarium               0.00%    passed     99.99%
 160  A0A8H5XTU0_Fusarium               0.00%    passed     99.99%
 161  A0A8H6U8X2_Colletotrichum         0.00%    passed     99.60%
 162  A0A8H6UTP6_Aspergillus            0.00%    passed     99.93%
 163  A0A8H6VE95_Pseudocercospora       0.48%    passed     99.99%
 164  A0A9N8P9K6_Aureobasidium          0.48%    passed     99.98%
 165  A0A9N9LYP1_Hymenoscyphus          0.00%    passed     99.92%
 166  A0A9N9Y4Q8_Clonostachys           0.00%    passed    100.00%
 167  A0A9P0QRK9_Kurtzmaniella          1.44%    passed     84.30%
 168  A0A9P4YU51_Geosmithia             0.00%    passed     99.90%
 169  A0A9P8M8W8_Metarhizium            0.00%    passed    100.00%
 170  A0A9P8SF62_Hirsutella             0.00%    passed     99.99%
 171  A0A9P9XSS9_Colletotrichum         0.00%    passed     99.76%
 172  A0A9W7DE56_Ambrosiozyma           2.39%    passed     99.63%
 173  A0A9W7SU85_Teratosphaeria         0.48%    passed     99.77%
 174  A0A9W8N7W2_Xylaria                0.00%    passed    100.00%
 175  A0A9W9FVK9_Penicillium            0.48%    passed    100.00%
 176  A0A9W9KB48_Penicillium            0.00%    passed     97.62%
 177  A0A9W9TVT2_Penicillium            0.96%    passed     99.95%
 178  A0A9W9WZB3_Penicillium            0.00%    passed     99.93%
 179  A0A9W9XDN3_Penicillium           19.62%    passed     97.33%
 180  A0AA35IR82_Saccharomyces          1.44%    passed     93.92%
 181  A0AAV9SU16_Colletotrichum         0.00%    passed     99.99%
 182  A0AAV9UWD6_Orbilia                1.91%    passed     99.98%
 183  A0AB34KML8_Cladosporium           0.48%    passed     99.95%
 184  A0ABN8WKL1_Saccharomyces          1.44%    passed     84.03%
 185  A0ABQ8N742_Pyricularia            0.00%    passed     99.98%
 186  A0ABQ8WGQ7_Penicillium            0.00%    passed     99.99%
 187  A0ABR2V6U6_Seiridium              0.00%    passed    100.00%
 188  A0ABY6SM04_Podospora              0.96%    passed    100.00%
 189  B3LLJ4_Saccharomyces              1.44%    passed     93.12%
 190  B6Q6C2_Talaromyces                0.00%    passed     99.84%
 191  C5DFL7_Lachancea                  1.44%    passed     98.92%
 192  C5DM92_Lachancea                  0.96%    passed     97.34%
 193  C5MAG5_Candida                    3.35%    passed     99.79%
 194  E4V3W1_Nannizzia                  0.96%    passed    100.00%
 195  E9ETX6_Metarhizium                0.00%    passed    100.00%
 196  G4N540_Pyricularia                0.00%    passed    100.00%
 197  J5JW44_Beauveria                  0.00%    passed    100.00%
 198  M1WCW3_Claviceps                  0.00%    passed     98.03%
 199  Q6CEU3_Yarrowia                  22.49%    passed     96.83%
 200  W9CKN3_Sclerotinia                0.00%    passed     99.88%
 201  A0A022Y865_Trichophyton           0.96%    passed    100.00%
 202  A0A0A1TS53_tx1531966              0.00%    passed     99.17%
 203  A0A0D2H657_Fonsecaea              0.48%    passed     99.95%
 204  A0A0H1B6P3_Blastomyces            0.48%    passed     99.92%
 205  A0A0L0NDI1_Tolypocladium          0.48%    passed    100.00%
 206  A0A0M8P8W8_Penicillium            0.00%    passed     99.97%
 207  A0A0P1KKU7_Lachancea              1.44%    passed     97.11%
 208  A0A135TU94_Colletotrichum         0.00%    passed     99.73%
 209  A0A168CGZ8_Cordyceps              0.00%    passed     99.99%
 210  A0A168ISU5_Akanthomyces           0.00%    passed    100.00%
 211  A0A177FGZ4_Fonsecaea              0.48%    passed     99.83%
 212  A0A1B8AKF1_Fusarium               0.00%    passed    100.00%
 213  A0A1E1KSW3_Rhynchosporium         0.48%    passed    100.00%
 214  A0A1W2TKN4_Rosellinia             0.00%    passed     99.94%
 215  A0A1Z5T4Y1_Hortaea                0.48%    passed     99.71%
 216  A0A2B7X4F7_Blastomyces            0.48%    passed     98.86%
 217  A0A2H0ZLB1_Candidozyma            3.83%    passed     91.00%
 218  A0A2H2ZNG2_Trichoderma            0.00%    passed     99.99%
 219  A0A2N3NCB3_Lomentospora           7.66%    passed     99.91%
 220  A0A2P7Z3W1_Elsinoe                0.48%    passed    100.00%
 221  A0A366QY50_Fusarium               0.00%    passed     99.99%
 222  A0A376BA80_Saccharomycodes        2.87%    passed     97.05%
 223  A0A395SEG8_Fusarium               0.00%    passed     99.99%
 224  A0A3A2ZL16_Aspergillus            0.00%    passed     99.99%
 225  A0A3D8SQV1_Coleophoma             0.00%    passed     99.99%
 226  A0A420HWK8_Erysiphe               0.00%    passed     99.98%
 227  A0A484FKH5_Colletotrichum         0.00%    passed     99.93%
 228  A0A4Q4P3R5_Alternaria             0.48%    passed     99.95%
 229  A0A4Z1FQZ2_Botrytis               0.00%    passed     99.83%
 230  A0A4Z1H1E5_Botrytis               0.00%    passed     99.97%
 231  A0A4Z1I5K8_Botryotinia            0.00%    passed     99.87%
 232  A0A4Z1JM45_Botrytis               0.00%    passed     99.98%
 233  A0A4Z1NVH7_Venturia               0.48%    passed     99.36%
 234  A0A5E8B6K8_Magnusiomyces          3.83%    passed     96.43%
 235  A0A5N6K1H9_Monilinia              0.00%    passed     99.99%
 236  A0A642UJS9_Trichomonascus         0.96%    passed     97.10%
 237  A0A7C8MWI0_Xylaria                0.00%    passed    100.00%
 238  A0A7G3ZIW5_Torulaspora            3.83%    passed     91.86%
 239  A0A7U2QU03_Aspergillus            0.00%    passed     99.68%
 240  A0A8H2ZM85_Sclerotinia            0.00%    passed     99.95%
 241  A0A8H4Q9J7_Ophiocordyceps         0.00%    passed     99.98%
 242  A0A8H4T2Y1_Fusarium               0.00%    passed     99.85%
 243  A0A8H4YPP2_Fusarium               0.00%    passed     99.99%
 244  A0A8H5J614_Fusarium               0.00%    passed     99.96%
 245  A0A8H5UR89_Fusarium               0.00%    passed     99.99%
 246  A0A8H6KXX6_Colletotrichum         0.00%    passed     99.71%
 247  A0A8H8RV52_Lachnellula            0.00%    passed     99.99%
 248  A0A8J2TAJ9_Zygosaccharomyces      1.44%    passed     99.58%
 249  A0A8T9B5J8_Lachnellula            0.00%    passed     99.91%
 250  A0A9P0QU44_Kurtzmaniella          3.35%    passed     94.45%
 251  A0A9P3CP80_Cercospora             0.48%    passed     99.76%
 252  A0A9P6VJM9_Hyphodiscus            0.00%    passed     99.98%
 253  A0A9P8Q4R9_Wickerhamomyces        2.39%    passed     96.49%
 254  A0A9Q8SIE6_Colletotrichum         0.00%    passed     98.72%
 255  A0A9Q9EGB7_Septoria               0.48%    passed     99.68%
 256  A0A9W4UE87_Periconia              1.44%    passed     99.87%
 257  A0AA35J0E4_Saccharomyces          1.44%    passed     63.48%
 258  A0AAD4IFY3_Alternaria             0.48%    passed    100.00%
 259  A0AAD5BBM1_Candida                1.91%    passed     99.99%
 260  A0AAD6GIB4_Penicillium            5.74%    passed     99.58%
 261  A0AAD9AKZ3_Colletotrichum         0.00%    passed     99.38%
 262  A0AAD9Y213_Colletotrichum         0.00%    passed     99.18%
 263  A0AAE9W8S9_Schizosaccharomyces    0.48%    passed     99.75%
 264  A0AAI9TIH2_Penicillium            0.00%    passed     99.99%
 265  A0AAV5QDJ4_Saccharomycopsis       0.96%    passed     99.96%
 266  A0AAV5QKF6_Saccharomycopsis       1.44%    passed     94.36%
 267  A0AAX4HF17_Australozyma           4.31%    passed     98.48%
 268  A0AB34G0U3_Purpureocillium        0.00%    passed    100.00%
 269  A0ABP2EZZ6_Blastomyces            0.96%    passed     99.95%
 270  A0ABQ7RSC4_Ogataea                2.39%    passed     99.70%
 271  A0ABQ9SFB4_Colletotrichum         0.00%    passed     99.97%
 272  A0ABR0HK82_Podospora              0.96%    passed    100.00%
 273  A0ABR0TKY5_Aureobasidium          0.48%    passed     99.92%
 274  A0ABR1PTT1_Apiospora              0.00%    passed    100.00%
 275  A0ABR1RLE4_Apiospora              0.00%    passed     99.99%
 276  A0ABR1VZW9_Apiospora              0.00%    passed     99.99%
 277  A0ABR3DMS4_Neurospora             1.44%    passed     99.99%
 278  A0ABR3Y3X8_Phialemonium           0.00%    passed    100.00%
 279  A0ABR4P0R8_Nakaseomyces           1.91%    passed     87.44%
 280  A0ABX6EXJ8_Kluyveromyces          1.91%    passed     92.11%
 281  A0ABX6F0Q7_Kluyveromyces          1.44%    passed     99.06%
 282  A0ABX8I2X5_Candidozyma            4.31%    passed     97.18%
 283  A0ABX8I4W3_Candidozyma            1.91%    passed     87.24%
 284  A2R3M6_Aspergillus                0.00%    passed     99.98%
 285  C4JUZ0_Uncinocarpus              23.44%    passed     96.59%
 286  D4B4E8_Trichophyton               0.96%    passed    100.00%
 287  D4DAK6_Trichophyton               0.96%    passed    100.00%
 288  F2PR25_Trichophyton               2.39%    passed     99.98%
 289  F2S1K4_Trichophyton               2.39%    passed    100.00%
 290  G0S6L7_Thermochaetoides           0.00%    passed     99.98%
 291  G1WZ06_Orbilia                    1.91%    passed    100.00%
 292  I2H165_Henningerozyma             0.96%    passed     99.34%
 293  K0KM86_Wickerhamomyces            1.91%    passed     99.50%
 294  K3UQF6_Fusarium                   0.00%    passed    100.00%
 295  N1RU73_Fusarium                   0.00%    passed     99.99%
 296  R4XBB5_Taphrina                   2.39%    passed     94.75%
 297  S7ZUF7_Penicillium                0.00%    passed     99.99%
 298  U1GI40_Endocarpon                 0.96%    passed     99.99%
 299  W6MM08_Kuraishia                  5.26%    passed     85.99%
 300  W7HWQ6_Drechslerella              1.91%    passed     99.79%
 301  A0A086SVX6_Hapsidospora           0.00%    passed     99.99%
 302  A0A090CWN8_Podospora              0.96%    passed    100.00%
 303  A0A0A2KQC3_Penicillium            0.00%    passed     99.96%
 304  A0A0D9NSG7_Metarhizium            0.00%    passed    100.00%
 305  A0A0F4YPA8_Rasamsonia             0.00%    passed     99.84%
 306  A0A0F4ZHF8_Thielaviopsis          0.00%    passed     99.92%
 307  A0A0G4KXU7_Verticillium           0.00%    passed    100.00%
 308  A0A0M9VTS8_Escovopsis             0.00%    passed     99.89%
 309  A0A0N0DEY4_Fusarium               0.00%    passed     99.95%
 310  A0A0P7BBB4_Neonectria             0.00%    passed    100.00%
 311  A0A135LFH1_Penicillium            0.00%    passed     99.92%
 312  A0A139HGG1_Pseudocercospora       0.48%    passed     99.98%
 313  A0A139IDY3_Pseudocercospora       0.48%    passed     99.99%
 314  A0A151GWK7_Drechmeria             0.00%    passed     99.97%
 315  A0A166NVT2_Colletotrichum         0.00%    passed     99.98%
 316  A0A166U4T1_Moelleriella           0.00%    passed    100.00%
 317  A0A168C8M9_Ascosphaera            0.00%    passed     99.88%
 318  A0A1C1C9U7_Cladophialophora       0.48%    passed     99.03%
 319  A0A1E5R8N0_Hanseniaspora          2.39%    passed     98.56%
 320  A0A1G4KDP5_Lachancea              1.44%    passed     65.39%
 321  A0A1G4KMC5_Lachancea              0.96%    passed     99.88%
 322  A0A1J9QQT4_Diplodia               0.96%    passed     99.65%
 323  A0A1J9S2U9_Diplodia               0.96%    passed     99.64%
 324  A0A1L0BTK2_Sungouiella            4.31%    passed     99.67%
 325  A0A1Q2YI20_Pichia                 3.83%    passed     98.63%
 326  A0A1Q8RAQ6_Colletotrichum         0.00%    passed     99.87%
 327  A0A1T3CVP8_Trichoderma            0.00%    passed     99.72%
 328  A0A1V6QBT2_Penicillium            0.48%    passed     99.98%
 329  A0A1V6RMZ5_Penicillium            0.00%    passed     99.83%
 330  A0A1V6RZK0_Penicillium            0.00%    passed     99.95%
 331  A0A1V6V0V5_Penicillium            1.44%    passed     98.89%
 332  A0A1V6Z3Y5_Penicillium            0.00%    passed     99.94%
 333  A0A1X7RKD9_Zymoseptoria           0.48%    passed    100.00%
 334  A0A1Y2M700_Epicoccum              0.96%    passed     99.99%
 335  A0A2C5XF89_Ophiocordyceps         0.00%    passed     99.83%
 336  A0A2K0WHU4_Fusarium               0.00%    passed     99.97%
 337  A0A2K3Q965_Tolypocladium          0.00%    passed     99.99%
 338  A0A2P6FGS0_Pseudogymnoascus       0.48%    passed     98.88%
 339  A0A2T4GQX9_Fusarium               0.00%    passed     99.99%
 340  A0A2U3EBL3_Purpureocillium        0.00%    passed    100.00%
 341  A0A2V1AQV1_Candidozyma            4.31%    passed     99.88%
 342  A0A367YAA9_Candida                5.26%    passed     95.09%
 343  A0A367YJV1_Candida                5.26%    passed     92.33%
 344  A0A367YKM2_Candida                2.39%    passed     99.56%
 345  A0A395NCI1_Trichoderma            0.00%    passed     99.99%
 346  A0A423XFI1_Cytospora              0.00%    passed    100.00%
 347  A0A423XK23_Cytospora              0.96%    passed     97.89%
 348  A0A9W8UIP0_Akanthomyces           0.00%    passed    100.00%
 349  A0A9W9RAK9_Penicillium            0.00%    passed     99.87%
 350  A0A9W9XR84_Penicillium            0.00%    passed     99.99%
 351  A0AA35NL61_Saccharomyces          1.44%    passed     91.77%
 352  A0AA38VV67_Coniochaeta            0.00%    passed     99.94%
 353  A0AA39L6U6_Sarocladium            0.00%    passed    100.00%
 354  A0AAD5RWL4_Zalerion               0.00%    passed     99.85%
 355  A0AAD6H8K2_Penicillium            0.00%    passed     99.99%
 356  A0AAD6MU90_Penicillium            0.00%    passed     99.96%
 357  A0AAD9I3P7_Phyllachora            0.00%    passed     99.99%
 358  A0AAE8SVQ8_Cephalotrichum         0.00%    passed     99.95%
 359  A0AAI8YJ59_Anthostomella          0.00%    passed     99.95%
 360  A0AAI9XWQ1_Colletotrichum         0.00%    passed     99.10%
 361  A0AAQ3M7G8_Acrodontium            0.48%    passed     99.94%
 362  A0AAV5R7D5_Pichia                 1.44%    passed     10.84%
 363  A0AAV9X1R8_Orbilia                1.91%    passed     99.70%
 364  A0AAX4HXM9_Colletotrichum         0.00%    passed     99.99%
 365  A0ABN8VSG3_Saccharomyces          1.44%    passed     76.49%
 366  A0ABP0EFL8_Kurtzmaniella          1.44%    passed     99.58%
 367  A0ABQ7IPQ8_Botrytis               0.00%    passed     99.89%
 368  A0ABQ9RPP9_Colletotrichum         0.00%    passed     99.99%
 369  A0ABR0F5M0_Podospora              0.96%    passed    100.00%
 370  A0ABR0G3Y6_Podospora              0.96%    passed    100.00%
 371  A0ABR0SAG8_Cladobotryum           0.00%    passed    100.00%
 372  A0ABR1RWV5_Apiospora              0.00%    passed    100.00%
 373  A0ABR3P4W3_Neodothiora            0.96%    passed     99.58%
 374  A0ABR4D136_Oculimacula            0.48%    passed     99.98%
 375  A0ABR4F3V5_Diaporthe              0.96%    passed     98.82%
 376  A0ABR4MDG3_Ceratocystis           0.00%    passed    100.00%
 377  A0ABR4NXG5_Nakaseomyces           1.44%    passed     98.21%
 378  A0ABY0HA38_Monosporascus          0.00%    passed    100.00%
 379  A0ABY6US88_Clonostachys           0.00%    passed     99.88%
 380  A7EDF0_Sclerotinia                0.00%    passed     99.97%
 381  A7TJ00_Vanderwaltozyma            2.39%    passed     68.33%
 382  B3LSF2_Saccharomyces              2.39%    passed     65.02%
 383  B8LYE9_Talaromyces                0.00%    passed     99.60%
 384  B9WMD7_Candida                    1.91%    passed     93.88%
 385  C1GI25_Paracoccidioides           0.48%    passed     99.74%
 386  C5E0W3_Zygosaccharomyces          5.74%    passed     98.97%
 387  E9DY51_Metarhizium                0.00%    passed     99.98%
 388  F0XHJ8_Leptographium              1.44%    passed     99.02%
 389  F2T115_Trichophyton               0.96%    passed    100.00%
 390  G0W9L4_Naumovozyma                1.91%    passed     83.30%
 391  G3JM88_Cordyceps                 31.58%    passed     47.16%
 392  G8JWH4_Eremothecium               1.91%    passed     99.91%
 393  G8ZVF0_Torulaspora                0.96%    passed     99.75%
 394  H6BKX2_Exophiala                  0.48%    passed    100.00%
 395  J7S460_Huiozyma                   0.96%    passed     87.66%
 396  K1WPA9_Drepanopeziza              0.00%    passed    100.00%
 397  L2G0F7_Colletotrichum             0.00%    passed     99.72%
 398  Q4WVU7_Aspergillus                0.00%    passed     99.99%
 399  Q6FPW0_Nakaseomyces               1.44%    passed     46.78%
 400  Q756Y6_Eremothecium               1.91%    passed     99.34%
 401  A0A084APH7_Stachybotrys           0.00%    passed     99.97%
 402  A0A084GDF4_Scedosporium           0.00%    passed     99.87%
 403  A0A084QU30_Stachybotrys           0.00%    passed     99.99%
 404  A0A0B1PEI0_Erysiphe               0.00%    passed     99.93%
 405  A0A0B2X4N9_Metarhizium            0.00%    passed     99.98%
 406  A0A0C4EG66_Magnaporthiopsis       0.00%    passed     99.71%
 407  A0A0D1ZHZ9_Exophiala              0.48%    passed    100.00%
 408  A0A0D2J3X0_Fonsecaea              0.48%    passed     99.93%
 409  A0A0D8JVN0_Coccidioides           0.48%    passed     99.58%
 410  A0A0F7ZTC5_Hirsutella             0.00%    passed     99.97%
 411  A0A0F8DHR2_Ceratocystis           0.00%    passed     99.57%
 412  A0A0G2I193_Diaporthe              0.00%    passed    100.00%
 413  A0A0N1NVW2_Cyphellophora          0.48%    passed    100.00%
 414  A0A101MLQ9_Penicillium            0.00%    passed     99.99%
 415  A0A109UW77_Eremothecium           1.91%    passed     99.76%
 416  A0A135SIN3_Colletotrichum         0.00%    passed    100.00%
 417  A0A161HKE9_Sugiyamaella           0.96%    passed     98.23%
 418  A0A167F3J3_Metarhizium            0.00%    passed     99.89%
 419  A0A167H2R5_Beauveria              0.00%    passed    100.00%
 420  A0A167TDW9_Niveomyces             0.00%    passed    100.00%
 421  A0A175VPZ7_Madurella              0.00%    passed     99.95%
 422  A0A178ZSD6_Fonsecaea              0.48%    passed     99.99%
 423  A0A179FR29_Pochonia               0.00%    passed     99.98%
 424  A0A4P6XSZ4_Metschnikowia          1.44%    passed     99.21%
 425  A0A4R8QEN4_Colletotrichum         0.00%    passed     99.09%
 426  A0A4S8RIP6_Botrytis               0.00%    passed     99.96%
 427  A0A4V3HXL6_Colletotrichum         0.00%    passed     99.70%
 428  A0A4V3UMW7_Aspergillus            4.78%    passed     97.97%
 429  A0A4Z1EL52_Botrytis               0.00%    passed     99.62%
 430  A0A4Z1L1J9_Botrytis               0.00%    passed     99.83%
 431  A0A5M9JJ09_Monilinia             17.22%    passed     51.02%
 432  A0A5N5DHG1_Lasiodiplodia          0.48%    passed     99.09%
 433  A0A7D5Z7W4_Metarhizium            0.00%    passed     99.95%
 434  A0A7H9AW24_Zygotorulaspora        2.39%    passed     96.10%
 435  A0A7H9B3W0_Zygotorulaspora        1.44%    passed     97.35%
 436  A0A8H4NYZ8_Fusarium               0.00%    passed     99.99%
 437  A0A8H4PTP3_Ophiocordyceps         0.00%    passed    100.00%
 438  A0A8H4T3M7_Fusarium               0.00%    passed     99.94%
 439  A0A8H5N1Z6_Fusarium               0.00%    passed     99.96%
 440  A0A8H5UMM3_Fusarium               0.00%    passed     99.90%
 441  A0A8H5V583_Fusarium               0.00%    passed     99.94%
 442  A0A8H5X4H1_Fusarium               0.00%    passed     99.99%
 443  A0A8H8D9N3_Candida                1.91%    passed     99.79%
 444  A0A8H8QV95_Lachnellula            0.00%    passed     98.06%
 445  A0A8H8RJD5_Lachnellula            0.00%    passed    100.00%
 446  A0A9N9YLT0_Clonostachys           0.00%    passed     99.90%
 447  A0A9P4X3G5_Trichoderma            0.00%    passed     99.91%
 448  A0A9P7IRT1_Fusarium               0.00%    passed     99.97%
 449  A0A9W9HNM9_Penicillium            0.00%    passed     99.93%
 450  A0A9W9JQ30_Penicillium            0.00%    passed     99.97%
 451  A0A9W9M2N2_Penicillium            0.00%    passed     99.88%
 452  A0A9W9PWX5_Penicillium            0.00%    passed     99.86%
 453  A0A9W9V6L1_Penicillium            0.00%    passed     99.99%
 454  A0A9X0BA58_Penicillium            0.48%    passed    100.00%
 455  A0AAD6E3Q9_Penicillium            0.96%    passed    100.00%
 456  A0AAD6IDC6_Penicillium            0.48%    passed     99.99%
 457  A0AAE1J0Y1_Trichoderma            0.00%    passed     99.78%
 458  A0AAE8M1S2_Fusarium               0.00%    passed     99.96%
 459  A0AAI9UII0_Colletotrichum         0.00%    passed     98.84%
 460  A0AAJ0E579_Colletotrichum         0.00%    passed     99.26%
 461  A0AAN5Z088_Fusarium               0.00%    passed     99.97%
 462  A0AAN6NX75_Pseudoneurospora       0.00%    passed    100.00%
 463  A0AAN7BLM5_Podospora              0.96%    passed    100.00%
 464  A0AAV5QX45_Pichia                 3.83%    passed     96.07%
 465  A0AAV5RMN1_Starmerella            1.44%    passed     99.85%
 466  A0AAV9HLS5_Cladorrhinum           0.96%    passed    100.00%
 467  A0AAV9UWK0_Orbilia                2.39%    passed     99.59%
 468  A0AAW0R3B8_Apiospora             12.44%    passed     55.14%
 469  A0AAX4HB97_Australozyma           1.44%    passed     99.18%
 470  A0ABN8VEY2_Saccharomyces          1.44%    passed     98.56%
 471  A0ABN8WPA3_Saccharomyces          1.44%    passed     98.65%
 472  A0ABP0EH01_Kurtzmaniella          3.83%    passed     62.14%
 473  A0ABP0ZHK7_Lodderomyces           1.91%    passed     99.65%
 474  A0ABQ0GRH5_Madurella              0.00%    passed    100.00%
 475  A0ABQ7RB90_Ogataea                2.39%    passed     99.65%
 476  A0ABQ9PW01_Colletotrichum         0.00%    passed     99.99%
 477  A0ABR1UF14_Apiospora              0.00%    passed     99.99%
 478  A0ABR4DNY3_Remersonia             0.00%    passed    100.00%
 479  A0ABR4PIR0_Phlyctema              0.00%    passed     99.99%
 480  A0ABZ2WRY7_Fusarium               0.00%    passed    100.00%
 481  A1DDJ4_Aspergillus                0.00%    passed    100.00%
 482  A7TMC2_Vanderwaltozyma            4.31%    passed     87.55%
 483  C0NFA5_Histoplasma                0.96%    passed     99.66%
 484  C5FMN5_Microsporum                0.96%    passed    100.00%
 485  C5M8S6_Candida                    5.26%    passed     53.68%
 486  E3S321_Pyrenophora                1.44%    passed     99.93%
 487  F2QT11_Komagataella               2.39%    passed     98.97%
 488  G0V6X7_Naumovozyma                1.91%    passed     93.17%
 489  G8Y8Q1_Millerozyma                1.91%    passed     97.56%
 490  H0GH54_Saccharomyces              2.39%    passed     75.90%
 491  H0GLS5_Saccharomyces              1.44%    passed     99.14%
 492  H2AVD6_Kazachstania               2.39%    passed     98.02%
 493  J8PMR0_Saccharomyces              1.44%    passed     57.80%
 494  L8FZR6_Pseudogymnoascus           0.48%    passed     99.96%
 495  M3IP21_Candida                    1.44%    passed     98.49%
 496  Q6CWC6_Kluyveromyces              1.91%    passed     99.46%
 497  R8BS17_Phaeoacremonium            0.00%    passed     99.97%
 498  S8BV51_Dactylellina               1.91%    passed     98.83%
 499  U4KVV4_Pyronema                   0.48%    passed     99.41%
 500  V5FX47_Paecilomyces               0.48%    passed     99.82%
 501  A0A179IKE1_Akanthomyces           0.00%    passed    100.00%
 502  A0A1B7YNX9_Colletotrichum         0.00%    passed     99.99%
 503  A0A1E1LUZ6_Rhynchosporium         0.48%    passed    100.00%
 504  A0A1F5LX58_Penicillium            0.48%    passed    100.00%
 505  A0A1G4JCZ1_Lachancea              2.39%    passed     99.72%
 506  A0A1L7TYF3_Fusarium               0.00%    passed     99.99%
 507  A0A1L9RR32_Aspergillus            0.48%    passed     99.96%
 508  A0A1Q5UPN3_Penicillium            0.00%    passed     99.99%
 509  A0A1V6PDM4_Penicillium            0.00%    passed     99.87%
 510  A0A1V6U1M2_Penicillium            0.00%    passed     99.91%
 511  A0A1X7QZ68_Maudiozyma             1.44%    passed     97.16%
 512  A0A1Z5T0V7_Hortaea                0.00%    passed     99.54%
 513  A0A225ACG2_Talaromyces            0.00%    passed     99.57%
 514  A0A2B7ZAZ8_Emergomyces            0.96%    passed     99.17%
 515  A0A2C5Z3Z6_Ophiocordyceps         0.00%    passed     99.99%
 516  A0A2L2TT35_Fusarium               0.00%    passed     99.99%
 517  A0A2P4ZPZ5_Trichoderma            0.00%    passed     99.97%
 518  A0A2P5IG66_Diaporthe              0.00%    passed     99.99%
 519  A0A2P7YYZ7_Candidozyma            4.31%    passed     91.29%
 520  A0A395MU31_Fusarium               0.00%    passed     99.94%
 521  A0A395SH18_Fusarium               0.00%    passed     99.97%
 522  A0A3D8T9P5_Coleophoma             0.00%    passed     99.99%
 523  A0A420HI51_Golovinomyces          0.00%    passed     99.99%
 524  A0A437A639_Arthrobotrys           1.91%    passed    100.00%
 525  A0A4T0X4S6_Pichia                 1.91%    passed     90.27%
 526  A0A4U6XDE4_Colletotrichum         0.00%    passed    100.00%
 527  A0A545VF71_Cordyceps              0.00%    passed    100.00%
 528  A0A553I2H5_Xylaria                0.00%    passed    100.00%
 529  A0A642UC18_Diutina                2.39%    passed     96.11%
 530  A0A6P8AS74_Pyricularia            0.00%    passed     99.99%
 531  A0A7D9D0S1_Brettanomyces          3.35%    passed     83.14%
 532  A0A7D9H4X7_Brettanomyces          2.39%    passed     98.99%
 533  A0A7G3ZFX8_Torulaspora            1.44%    passed     99.99%
 534  A0A7H9HQ67_Torulaspora            1.44%    passed     99.87%
 535  A0A8A3PQR8_Monilinia              0.00%    passed     99.76%
 536  A0A8E2ECP4_Lepidopterella         0.96%    passed     99.91%
 537  A0A8H2VG31_Maudiozyma             0.96%    passed     94.60%
 538  A0A8H4M5R7_Aspergillus            0.00%    passed     99.99%
 539  A0A8H4RP39_Cudoniella             0.00%    passed    100.00%
 540  A0A8H5K2L9_Fusarium               0.00%    passed     99.95%
 541  A0A8H5V246_Fusarium               0.00%    passed     99.98%
 542  A0A8H6DJK2_Fusarium               0.00%    passed     99.99%
 543  A0A8H6EMB0_Botrytis               0.00%    passed     99.99%
 544  A0A8H6MX16_Colletotrichum         0.00%    passed     99.41%
 545  A0A8H6P867_Aspergillus            0.00%    passed     99.99%
 546  A0A8H7B4D1_Alternaria             0.48%    passed     99.89%
 547  A0A8H7MC09_Ascochyta              0.96%    passed    100.00%
 548  A0A8J2N2S3_Alternaria             0.48%    passed    100.00%
 549  A0A9N8P4J7_Aureobasidium          6.70%    passed     98.31%
 550  A0A9N8PPA1_Aureobasidium          4.78%    passed     73.57%
 551  A0A9P5H1A3_Cylindrodendrum        0.00%    passed     99.99%
 552  A0A9P6I5L3_Colletotrichum         0.00%    passed     99.85%
 553  A0A9P7UDJ2_Colletotrichum         0.00%    passed     99.09%
 554  A0A9P8KRB0_Trichoderma            0.00%    passed     99.55%
 555  A0A9P8PN42_Wickerhamomyces        1.44%    passed     99.74%
 556  A0A9P8PWM7_Ogataea                2.39%    passed     97.24%
 557  A0A9P8Q2R3_Wickerhamomyces        1.44%    passed     98.30%
 558  A0A9P8TBX6_Wickerhamomyces        1.91%    passed     98.63%
 559  A0A9P9XX88_Emericellopsis         0.00%    passed     99.47%
 560  A0A9Q0AR35_Neoarthrinium          0.00%    passed     99.95%
 561  A0A9W4TRY8_Candida                3.83%    passed     41.76%
 562  A0A9W4TSQ7_Candida                2.39%    passed     88.65%
 563  A0A9W6SUB1_Ogataea                1.91%    passed     62.75%
 564  A0A9W8NAJ3_Xylaria                0.00%    passed     98.77%
 565  A0A9W9E386_Trichoderma            0.00%    passed     99.82%
 566  A0A9W9GHH5_Penicillium            0.96%    passed    100.00%
 567  A0A9W9KDN3_Penicillium            0.96%    passed     99.99%
 568  A0A9W9NF67_Penicillium            0.48%    passed     99.55%
 569  A0A9W9PGZ8_Penicillium            0.00%    passed     99.99%
 570  A0AA35M823_Clonostachys           0.00%    passed     99.93%
 571  A0AA38R6I5_Pleurostoma            0.00%    passed     99.89%
 572  A0AA39QRC0_Cladonia               0.96%    passed    100.00%
 573  A0AA40CH22_Lasiodiplodia          0.48%    passed     99.68%
 574  A0AAD6BVQ3_Penicillium            0.00%    passed     99.93%
 575  A0AAD9W185_Diaporthe              0.00%    passed    100.00%
 576  A0AAI8YTU8_Lecanosticta           0.96%    passed     99.95%
 577  A0AAI9SW46_Candida                1.91%    passed     98.75%
 578  A0AAN6BNB4_Aspergillus            0.00%    passed     99.92%
 579  A0AAN6PR26_Parachaetomium         1.44%    passed     79.17%
 580  A0AAV5RQD8_Maudiozyma             1.44%    passed     92.70%
 581  A0AAV5RS12_Starmerella            3.35%    passed     99.62%
 582  A0AAV5S599_Maudiozyma             1.44%    passed     95.57%
 583  A0ABP0ZI86_Lodderomyces           4.31%    passed     96.34%
 584  A0ABQ0CIR6_Epichloe               0.00%    passed     99.92%
 585  A0ABQ1A1P2_Aspergillus            0.00%    passed     99.25%
 586  A0ABR0H0U4_Podospora              0.96%    passed    100.00%
 587  A0ABR1X8Q2_Apiospora              0.00%    passed    100.00%
 588  A0ABR2HLJ4_Apiospora              0.00%    passed    100.00%
 589  A0ABR2XV60_Seiridium              0.00%    passed    100.00%
 590  A0ABR3VRV6_Mycothermus            1.44%    passed    100.00%
 591  A0ABR4DQT9_Diaporthe              0.00%    passed    100.00%
 592  A1CBS2_Aspergillus                0.00%    passed    100.00%
 593  A5E709_Lodderomyces               1.91%    passed    100.00%
 594  A7TNQ0_Vanderwaltozyma            1.44%    passed     99.71%
 595  B0Y232_Aspergillus                0.00%    passed     99.92%
 596  B6HL55_Penicillium                0.00%    passed     99.90%
 597  C1GVB7_Paracoccidioides           0.48%    passed     99.75%
 598  C4YMF4_Candida                    1.91%    passed     99.24%
 599  C5DS62_Zygosaccharomyces          1.44%    passed     99.86%
 600  E3Q2W0_Colletotrichum             0.00%    passed     99.99%
 601  A0A074S981_Rhizoctonia            1.44%    passed     99.68%
 602  A0A081CCF7_Moesziomyces           0.96%    passed     99.84%
 603  A0A0B7FZH9_Rhizoctonia            1.91%    passed     99.97%
 604  A0A0B7G372_Rhizoctonia            1.91%    passed     75.01%
 605  A0A0D0VFI3_Cryptococcus           1.44%    passed     99.14%
 606  A0A0D6ENE9_Sporobolomyces         0.96%    passed     99.82%
 607  A0A0K3C6U0_Rhodotorula            0.96%    passed     98.44%
 608  A0A0K6FND2_Rhizoctonia            5.74%    passed     97.79%
 609  A0A1B9GFU3_Kwoniella              1.44%    passed     99.59%
 610  A0A1Q3E2N1_Lentinula              4.31%    passed     99.32%
 611  A0A2G8RUN7_Ganoderma              1.44%    passed     99.95%
 612  A0A2G8S4W6_Ganoderma              0.96%    passed     99.82%
 613  A0A369J1H4_Hypsizygus             1.44%    passed     99.65%
 614  A0A5B0MRD7_Puccinia               1.91%    passed     95.55%
 615  A0A5M3MBB2_Coniophora             1.91%    passed     99.49%
 616  A0A8H3TUW7_Naganishia             1.91%    passed     97.86%
 617  A0A8H3U0A2_Naganishia             2.87%    passed     86.98%
 618  A0A8H5CYE4_Tetrapyrgos            1.44%    passed     98.73%
 619  A0A8H5EYD2_Psilocybe              0.96%    passed     80.21%
 620  F7VS34_Sordaria                   1.44%    passed    100.00%
 621  G8BSI5_Tetrapisispora             1.44%    passed     99.07%
 622  H8XAL7_Candida                    1.91%    passed     99.94%
 623  J3NIB7_Gaeumannomyces             0.00%    passed     99.94%
 624  K9GB17_Penicillium                0.00%    passed     99.74%
 625  N1J746_Blumeria                   0.00%    passed     99.95%
 626  Q6CQY1_Kluyveromyces              1.91%    passed     95.86%
 627  Q756M1_Eremothecium               1.91%    passed     93.58%
 628  Q7RXT1_Neurospora                 0.00%    passed    100.00%
 629  S0E8T2_Fusarium                   0.00%    passed     99.99%
 630  S3DLT2_Glarea                     0.00%    passed    100.00%
 631  W3WI34_Pestalotiopsis             0.00%    passed     99.76%
 632  W6QMY6_Penicillium                0.00%    passed     99.46%
 633  A0A0B4FVA9_Metarhizium            0.00%    passed     99.97%
 634  A0A0P7BLB4_Neonectria             1.44%    passed     97.98%
 635  A0A0V1Q2Z0_Debaryomyces           1.91%    passed     96.52%
 636  A0A1L0BLG4_Sungouiella            1.44%    passed     99.48%
 637  A0A1U7LSY4_Neolecta               0.48%    passed     83.83%
 638  A0A2P5HGU5_Diaporthe              0.96%    passed     98.33%
 639  A0A2T0FMF4_Wickerhamiella         1.44%    passed     97.85%
 640  A0A2U9QZ99_Pichia                 3.83%    passed     84.63%
 641  A0A376BAK2_Saccharomycodes        2.39%    passed     98.70%
 642  A0A395J7K7_Monilinia              4.31%    passed     95.52%
 643  A0A3E2GT96_Scytalidium            0.00%    passed    100.00%
 644  A0A3N4JMV7_Choiromyces            0.48%    passed     99.97%
 645  A0A559MKX1_Lachnellula            0.00%    passed     99.92%
 646  A0A5E8BI10_Magnusiomyces          0.96%    passed     99.48%
 647  A0A642UMB7_Diutina                4.31%    passed     98.01%
 648  A0A642V5E7_Trichomonascus         1.91%    passed     98.19%
 649  A0A7H9HUR2_Torulaspora            2.39%    passed     99.28%
 650  A0A8H4CLQ5_Colletotrichum         0.00%    passed     99.88%
 651  A0A8H4T4I9_Fusarium               0.96%    passed     99.92%
 652  A0A8H5WXE6_Fusarium               0.48%    passed     89.96%
 653  A0A9N9W2U8_Clonostachys           0.00%    passed     99.95%
 654  A0A9P5HJJ0_Cylindrodendrum        0.48%    passed     91.11%
 655  A0A9P8F6U8_Aureobasidium          0.48%    passed    100.00%
 656  A0A9W4RWK1_Colletotrichum         0.00%    passed     99.94%
 657  A0AA35JJF7_Saccharomyces          1.44%    passed     77.00%
 658  A0AAD9SP23_Diaporthe              1.44%    passed     99.97%
 659  A0ABR1QZN4_Apiospora              0.48%    passed     99.86%
 660  A0ABR1X8H1_Apiospora              0.48%    passed     99.50%
 661  A0ABY2H3J9_Trichoderma            0.00%    passed    100.00%
 662  A0ACA9TUV3_Clonostachys           0.00%    passed     99.94%
 663  A0ACA9Y7U7_Yamadazyma             1.44%    passed     98.14%
 664  A0ACA9YCX0_Yamadazyma             3.83%    passed     95.00%
 665  A0ACB5SA82_Neofusicoccum          0.48%    passed     99.80%
 666  A0ACB6V604_Geotrichum             0.00%    passed     92.62%
 667  A0ACB6V835_Geotrichum             2.87%    passed     99.22%
 668  A0ACC0QR54_Fusarium               0.00%    passed     99.99%
 669  A0ACC1N0K5_Zarea                  0.00%    passed    100.00%
 670  A0ACC1PT71_Xylaria                9.09%    passed     98.55%
 671  A0ACC1RAE9_Lecanicillium          0.00%    passed    100.00%
 672  A0ACC1RL04_Fusarium               5.74%    passed     99.11%
 673  A0ACC2HQW4_Boeremia               0.48%    passed     99.90%
 674  A0ACC3TRB3_Lipomyces              0.00%    passed     99.92%
 675  A0ACC3YGM8_Colletotrichum         0.00%    passed     99.96%
 676  A0ACD3Z1H8_Fusarium               0.00%    passed     99.74%
 677  J6EEG6_Saccharomyces              1.44%    passed     79.39%
 678  M3JT10_Candida                    4.31%    passed     97.07%
 679  A0A0V1Q0J3_Debaryomyces           4.31%    passed     99.82%
 680  A0A1D8PRM6_Candida                3.83%    passed     99.22%
 681  A0A1G4KQ33_Komagataella           2.39%    passed     91.00%
 682  A0A2V1AIT0_Candidozyma            4.31%    passed     97.18%
 683  A0A8H8D8N2_Candida                4.31%    passed     81.50%
 684  A0A8J5QH60_Spathaspora            4.78%    passed     77.65%
 685  A0A9P8P3R0_Ogataea                3.35%    passed     86.74%
 686  A0A9P8T4U6_Ogataea                3.35%    passed     95.97%
 687  A0AAD5BCG9_Candida                4.78%    passed     99.18%
 688  A0ABQ7RA53_Ogataea                3.35%    passed     84.84%
 689  A0ABQ7S1B0_Ogataea                3.35%    passed     84.07%
 690  A5DRR3_Lodderomyces               4.31%    passed     88.62%
 691  B9WKK1_Candida                    4.31%    passed     91.35%
 692  C4R014_Komagataella               2.39%    passed     93.39%
 693  C4Y757_Clavispora                 3.83%    passed     99.79%
 694  C4YNB1_Candida                    3.83%    passed     99.56%
 695  G8BBJ1_Candida                    5.26%    passed     99.98%
 696  G8YJN4_Millerozyma                3.83%    passed     74.08%
 697  H8WVI4_Candida                    4.78%    passed     98.43%
 698  K0KZ61_Wickerhamomyces            2.39%    passed     99.72%
 699  Q6BNW6_Debaryomyces               4.31%    passed     99.60%
 700  W1QFA7_Ogataea                    3.35%    passed     91.80%
 701  A0A060SM94_Trametes               1.44%    passed    100.00%
 702  A0A074S1G0_Rhizoctonia            0.48%    passed     74.53%
 703  A0A0D1DZD7_Mycosarcoma            0.96%    passed     99.65%
 704  A0A0K6G7K7_Rhizoctonia            2.39%    passed     99.50%
 705  A0A0L6V131_Puccinia               1.91%    passed     97.99%
 706  A0A0P1BIQ6_Ceraceosorus           1.44%    passed     95.96%
 707  A0A1B9FTK0_Kwoniella              1.91%    passed     98.28%
 708  A0A1B9HTQ2_Kwoniella              0.96%    passed     98.07%
 709  A0A1C7MA88_Grifola                0.96%    passed     99.98%
 710  A0A1E3HRY9_Cryptococcus           1.44%    passed     99.98%
 711  A0A1K0G3T0_Ustilago               0.96%    passed     99.11%
 712  A0A1M2VF04_Trametes               2.39%    passed     82.42%
 713  A0A1Q3EGR3_Lentinula              1.91%    passed     99.89%
 714  A0A238F8L5_Microbotryum           1.91%    passed     99.04%
 715  A0A284R575_Armillaria             2.87%    passed     98.66%
 716  A0A2R6NMH7_Hermanssonia           0.96%    passed     99.84%
 717  A0A2R6NTT4_Hermanssonia           1.44%    passed     99.96%
 718  A0A2S5BEQ4_Rhodotorula            0.48%    passed     99.96%
 719  A0A2X0KA56_Microbotryum           1.91%    passed     99.99%
 720  A0A2X0LW32_Microbotryum           1.91%    passed     98.71%
 721  A0A409W7F6_Gymnopilus             0.96%    passed     97.37%
 722  A0A4Q1BV97_Tremella               0.96%    passed     99.87%
 723  A0A4S4KLM9_Hermanssonia           1.44%    passed     99.99%
 724  A0A4S4LSC0_Bondarzewia            0.96%    passed     99.99%
 725  A0A4S4MT59_Antrodiella            0.96%    passed     99.96%
 726  A0A4T0FNF2_Wallemia               2.39%    passed     99.89%
 727  A0A4Y9YC71_Dentipellis            0.96%    passed     99.83%
 728  A0A4Y9YGX5_Dentipellis           12.44%    passed     98.06%
 729  A0A5B0N1Q3_Puccinia               1.91%    passed     94.45%
 730  A0A5C3E4B2_Ustilago               0.96%    passed     99.98%
 731  A0A5C3E832_Ustilago               1.44%    passed     99.92%
 732  A0A5C3FLB2_Moesziomyces           0.96%    passed     99.99%
 733  A0A5M6C3F7_Kwoniella              1.44%    passed     99.69%
 734  A0A5N5QIE1_Ceratobasidium         2.87%    passed     49.57%
 735  A0A5N5QIV7_Ceratobasidium         2.87%    passed     81.28%
 736  A0A5N5QSQ7_Ceratobasidium         2.39%    passed     99.98%
 737  A0A8H5D9L0_Leucocoprinus          2.87%    passed     99.74%
 738  A0A8H5FIS4_Ephemerocybe           1.91%    passed    100.00%
 739  A0A8H5H1J4_Tetrapyrgos            7.66%    passed     68.14%
 740  A0A8H5HHS9_Tricholomella          1.44%    passed     99.77%
 741  A0A8H5HYM6_Collybiopsis           1.91%    passed     86.60%
 742  A0A8H5LZH5_Tetrapyrgos            4.78%    passed     98.14%
 743  A0A8H5M8P6_Collybiopsis           3.83%    passed     97.83%
 744  A0A8H6X7X8_Mycena                 7.18%    passed     38.54%
 745  A0A8H7CZF7_Mycena                 0.96%    passed     99.44%
 746  A0A8X7NC76_Tilletia               1.44%    passed     96.10%
 747  A0A8X7SWK2_Tilletia               1.44%    passed     97.27%
 748  A0A9N8MAE1_Tilletia               1.44%    passed     89.86%
 749  A0A9P3G2I0_Phanerochaete          3.35%    passed     98.19%
 750  A0A9P3G4R7_Phanerochaete          3.83%    passed     78.07%
 751  A0A9P3G5D9_Phanerochaete          4.78%    passed     96.70%
 752  A0A9P3G9Z6_Phanerochaete          2.39%    passed     99.98%
 753  A0A9P3GEL8_Phanerochaete          0.96%    passed     99.09%
 754  A0A9P3UJ47_Lyophyllum             4.31%    passed     98.50%
 755  A0A9Q3CGN2_Austropuccinia         2.87%    passed     94.98%
 756  A0A9Q3DCC3_Austropuccinia         5.26%    passed     82.82%
 757  A0AA38HDX6_Dioszegia              1.44%    passed     94.40%
 758  A0AA48QVP0_Cutaneotrichosporon    0.96%    passed     99.74%
 759  A0AAD3TY69_Cutaneotrichosporon    0.96%    passed     98.61%
 760  A0AAD5VW10_Leucocoprinus         16.75%    passed     76.19%
 761  A0AAD7TST6_Trametes               0.96%    passed     99.15%
 762  A0AAD7TZE9_Trametes               2.39%    passed     87.35%
 763  A0AAF0Y8C4_Vanrija                1.91%    passed     99.97%
 764  A0AAJ4XLQ0_Melanopsichium         0.96%    passed     99.91%
 765  A0AAJ8KXR9_Kwoniella              1.91%    passed     94.20%
 766  A0AAW0BFE3_Favolaschia           16.27%    passed     98.23%
 767  A0AAW0E6V9_Favolaschia            1.91%    passed     99.76%
 768  A0AAW0YJW9_Kwoniella              1.44%    passed     93.59%
 769  A0AAX4K6B3_Kwoniella              0.96%    passed     97.71%
 770  A0AAX4K8N5_Kwoniella              1.91%    passed     97.24%
 771  A0AAX4KL96_Kwoniella              1.44%    passed     96.63%
 772  A0ABP1CKG3_Somion                 3.35%    passed     97.16%
 773  A0ABP1DQJ8_Somion                 0.96%    passed     99.93%
 774  A0ABP1E5U3_Somion                 1.91%    passed     98.25%
 775  A0ABP1E5U8_Somion                 1.91%    passed     98.50%
 776  A0ABP1E5X9_Somion                 1.91%    passed     98.62%
 777  A0ABR3BXI1_Cryptococcus           1.44%    passed     99.71%
 778  A0ABR3JDG0_Hohenbuehelia          1.44%    passed     99.84%
 779  A0ABR5B432_Cryptococcus           3.35%    passed     99.58%
 780  A0ABR5C231_Cryptococcus           1.44%    passed     99.34%
 781  A0ABY7D8X9_Puccinia               2.39%    passed     99.46%
 782  A0ABZ2AN38_Cryptococcus           1.44%    passed     98.74%
 783  A8N288_Coprinopsis                1.91%    passed     98.99%
 784  A8N8Y7_Coprinopsis                1.91%    passed     97.12%
 785  D6RJX6_Coprinopsis                5.74%    passed     73.38%
 786  E3LA34_Puccinia                   1.91%    passed     97.42%
 787  E6RE98_Cryptococcus               3.35%    passed     99.76%
 788  E7A0V7_Sporisorium                0.96%    passed     98.44%
 789  G4TC19_Serendipita                3.35%    passed     97.58%
 790  G4TCR9_Serendipita                2.87%    passed     92.82%
 791  G7DW85_Mixia                      2.39%    passed     99.75%
 792  J4G0H3_Fibroporia                 2.39%    passed     99.67%
 793  J9VZB8_Cryptococcus               1.44%    passed     99.94%
 794  J9W1Z3_Cryptococcus               3.83%    passed     99.62%
 795  M7X6D4_Rhodotorula                0.96%    passed     97.16%
 796  Q5KCW7_Cryptococcus               3.83%    passed     98.10%
 797  R7RYN2_Stereum                    0.96%    passed     97.84%
 798  R9NXM4_Pseudozyma                 0.96%    passed     99.16%
 799  V2Z1H8_Moniliophthora             0.48%    passed     99.60%
 800  W3VVA0_Moesziomyces               0.96%    passed     99.98%
 801  A0A060SCN9_Trametes               0.96%    passed     99.43%
 802  A0A067Q5M5_Jaapia                 1.44%    passed     99.94%
 803  A0A095CAP8_Cryptococcus           1.44%    passed     99.77%
 804  A0A0D7BMU1_Cylindrobasidium       1.91%    passed     95.34%
 805  A0A0F7RVL5_Sporisorium            0.96%    passed     99.94%
 806  A0A0K6G747_Rhizoctonia            1.91%    passed     83.49%
 807  A0A0L0V172_Puccinia               2.39%    passed     85.83%
 808  A0A177TH00_Tilletia               1.44%    passed     96.31%
 809  A0A177V7P0_Tilletia               1.44%    passed     96.62%
 810  A0A180GTA2_Puccinia               2.39%    passed     93.24%
 811  A0A1A5ZVX6_Kwoniella              0.96%    passed     95.43%
 812  A0A1B9GQY0_Kwoniella              1.44%    passed     77.06%
 813  A0A1B9GYC6_Kwoniella              1.44%    passed     98.39%
 814  A0A1B9IG44_Kwoniella              0.96%    passed     97.49%
 815  A0A1E3I3G1_Cryptococcus           1.91%    passed     97.39%
 816  A0A1E3JFJ4_Cryptococcus           1.91%    passed     90.41%
 817  A0A1J8Q9H0_Rhizopogon             9.57%    passed     86.40%
 818  A0A1M2VTG0_Trametes              11.48%    passed     73.50%
 819  A0A1M8AB69_Malassezia             1.44%    passed     98.07%
 820  A0A1Q3E1Z4_Lentinula              2.39%    passed     99.48%
 821  A0A284RQ68_Armillaria             1.91%    passed     82.32%
 822  A0A286UKZ0_Pyrrhoderma            1.91%    passed     99.45%
 823  A0A2S4URQ4_Puccinia               2.39%    passed     94.48%
 824  A0A369K4X4_Hypsizygus             3.83%    passed     75.56%
 825  A0A369KAK7_Hypsizygus             3.83%    passed     94.60%
 826  A0A3G2S9J2_Malassezia             1.44%    passed     89.05%
 827  A0A401G8C9_Sparassis              2.39%    passed     98.83%
 828  A0A401H636_Sparassis              0.96%    passed     97.45%
 829  A0A409VCH1_Gymnopilus             1.44%    passed     92.89%
 830  A0A409Y7J2_Panaeolus              1.44%    passed     85.06%
 831  A0A4Q2DRZ9_Candolleomyces         1.44%    passed     99.26%
 832  A0A4S4LHT0_Phellinidium           1.44%    passed     99.96%
 833  A0A4U7KPQ9_Sporisorium            0.96%    passed     99.90%
 834  A0A4V3XJE3_Antrodiella            0.96%    passed     99.99%
 835  A0A5B0N0I5_Puccinia               1.91%    passed     98.48%
 836  A0A5C3EV21_Pseudozyma             8.61%    passed     93.40%
 837  A0A5C3EZA1_Pseudozyma             2.39%    passed     87.29%
 838  A0A5D3AUK3_Cryptococcus           1.91%    passed     85.33%
 839  A0A5M6C8X0_Kwoniella              1.91%    passed     76.04%
 840  A0A8H4VJS1_Agrocybe               1.44%    passed     97.51%
 841  A0A8H5B4L3_Psilocybe              1.44%    passed     99.35%
 842  A0A8H5GCJ7_Leucocoprinus         16.75%    passed     96.62%
 843  A0A8H5HQ47_Collybiopsis           2.39%    passed     98.44%
 844  A0A8H6T2J5_Mycena                 1.44%    passed     99.97%
 845  A0A8H6WB99_Mycena                 1.44%    passed     98.18%
 846  A0A8H6WYH6_Mycena                 1.91%    passed     98.84%
 847  A0A8H6Z6T2_Mycena                 0.96%    passed     99.89%
 848  A0A9P3G3Y6_Phanerochaete          3.35%    passed     97.16%
 849  A0A9P3US95_Lyophyllum             1.44%    passed     99.80%
 850  A0A9Q5HZ83_Sanghuangporus         1.91%    passed     99.98%
 851  A0AAD2HQZ9_Mycena                 2.87%    passed     81.62%
 852  A0AAD2HTN7_Mycena                 3.35%    passed     97.53%
 853  A0AAD5VEU9_Meripilus              0.96%    passed     97.50%
 854  A0AAD5W3A8_Leucocoprinus          2.87%    passed     98.90%
 855  A0AAD5YMS7_Meripilus              2.87%    passed     97.62%
 856  A0AAD7TYJ6_Trametes               1.44%    passed    100.00%
 857  A0AAJ8M2S8_Cryptococcus           4.31%    passed     97.68%
 858  A0AAW0YQW8_Kwoniella              1.91%    passed     85.09%
 859  A0ABP1DQU6_Somion                 5.74%    passed     83.41%
 860  A0ABP1DT00_Somion                 0.96%    passed     97.21%
 861  A0ABQ0L4N8_Mycena                 1.44%    passed     96.93%
 862  A0ABQ0M0T4_Mycena                 1.44%    passed     99.91%
 863  A0ABR3BM64_Cryptococcus           3.35%    passed     99.71%
 864  A0ABR5BG99_Cryptococcus           1.44%    passed     99.63%
 865  A0ABR5BLN6_Cryptococcus           3.35%    passed     99.89%
 866  A0ABZ1DBQ0_Kwoniella              1.44%    passed     99.16%
 867  A0ABZ2B030_Cryptococcus           3.35%    passed     98.71%
 868  E6R3E7_Cryptococcus               1.44%    passed     98.68%
 869  G7DW84_Mixia                      2.39%    passed     99.54%
 870  I2G1B8_Ustilago                   0.96%    passed     98.97%
 871  J4I8G7_Fibroporia                 0.96%    passed     97.93%
 872  K1WDM8_Trichosporon               3.83%    passed     99.72%
 873  Q5KKJ1_Cryptococcus               1.44%    passed     99.81%
 874  R9AGB8_Wallemia                   2.39%    passed     99.73%
 875  U5H9L9_Microbotryum              15.79%    passed     98.36%
 876  V2XGD7_Moniliophthora             0.48%    passed     90.86%
 877  V5GHH8_Kalmanozyma                0.96%    passed     99.54%
 878  A0A0B7G341_Rhizoctonia            7.18%    passed     63.79%
 879  A0A0K6G754_Rhizoctonia            6.70%    passed     99.58%
 880  A0A0K6GA87_Rhizoctonia            1.91%    passed     88.94%
 881  A0A1Y2IYW8_Trametes               2.39%    passed     87.34%
 882  A0A284RAN9_Armillaria             3.35%    passed     99.85%
 883  A0A286UR16_Pyrrhoderma            3.35%    passed     97.85%
 884  A0A4S4LN17_Bondarzewia            3.83%    passed     80.11%
 885  A0A4S4MSG5_Antrodiella            4.31%    passed     95.93%
 886  A0A4Y9YSR9_Dentipellis            0.96%    passed     70.35%
 887  A0A8H5M0W8_Tricholomella          4.31%    passed     96.28%
 888  A0A8H6YXU7_Mycena                 3.35%    passed     99.94%
 889  A0A8H7DCL8_Mycena                 2.39%    passed     89.53%
 890  A0A9P8AFI1_Marasmius              0.96%    passed     52.11%
 891  A0A9P8AFL8_Marasmius              0.96%    passed     55.19%
 892  A0A9W8ML86_Candolleomyces         1.44%    passed     97.53%
 893  A0AAD5UZ43_Meripilus              1.44%    passed    100.00%
 894  A0ABP1CKG6_Somion                 2.39%    passed     84.27%
 895  A0ABP1CNA1_Somion                 2.39%    passed     90.34%
 896  A0ABP1CNE3_Somion                 2.39%    passed     84.18%
 897  A0ABQ0KXJ8_Mycena                 3.83%    passed     44.56%
 898  A0ACB7IKH0_Pleurotus              1.44%    passed     89.26%
 899  A0ACC1P622_Trametes              58.61%    failed      0.00%
 900  V2XWW7_Moniliophthora             4.31%    passed     99.94%
 901  I1BKX4_Rhizopus                   4.31%    passed     99.83%
 902  Q9H611_Homo                       6.22%    passed     16.70%
 903  A0A015N2M8_Rhizophagus            3.35%    passed     99.10%
 904  A0A0B7N3L9_Parasitella            3.83%    passed     98.20%
 905  A0A0B7NVF9_Parasitella            1.91%    passed     60.09%
 906  A0A0C9MZV3_Mucor                  4.78%    passed     96.28%
 907  A0A0L0HTH8_Spizellomyces          3.35%    passed     88.07%
 908  A0A168NJR9_Absidia                4.31%    passed     99.53%
 909  A0A1C7NKC8_Choanephora            4.31%    passed     94.15%
 910  A0A1C7NS85_Choanephora            4.31%    passed     95.40%
 911  A0A2Z6Q637_Rhizophagus            3.35%    passed     99.62%
 912  A0A507E7A0_Powellomyces           3.35%    passed     98.23%
 913  A0A507FMG7_Chytriomyces           2.87%    passed     99.08%
 914  A0A8H4A8B1_Gigaspora              1.44%    passed     89.37%
 915  A0A8H7Q426_Umbelopsis             3.83%    passed     96.85%
 916  A0A8H7QRS8_Mucor                  4.31%    passed     99.97%
 917  A0A8H7RPV3_Mucor                  1.91%    passed     65.77%
 918  A0A8H7S720_Circinella             4.31%    passed     97.24%
 919  A0A8H7V8V8_Mucor                  4.78%    passed     91.59%
 920  A0A9N8Z8P5_Diversispora           3.35%    passed     82.50%
 921  A0A9N8ZA40_Funneliformis          3.83%    passed     98.43%
 922  A0A9N8ZJ08_Ambispora              4.31%    passed     99.67%
 923  A0A9N9HM59_Dentiscutata           1.44%    passed     97.46%
 924  A0A9P3HAH0_Entomortierella       19.14%    passed     79.28%
 925  A0A9P3HF53_Entomortierella        3.35%    passed     60.82%
 926  A0A9P3HK37_Entomortierella        3.83%    passed     99.76%
 927  A0A9P3HK44_Entomortierella        3.35%    passed     83.21%
 928  A0A9P3HKJ7_Entomortierella        3.35%    passed     99.18%
 929  A0A9P6YYP4_Rhizopus               4.31%    passed     99.75%
 930  A0A9P7BV71_Rhizopus               4.31%    passed     99.16%
 931  A0A9W4WTA5_Funneliformis          3.83%    passed     95.48%
 932  A0AAD7XWI0_Lichtheimia            2.39%    passed     99.87%
 933  A0AAN7D3L5_Mucor                  4.78%    passed     99.45%
 934  A0AAN7D484_Mucor                  4.31%    passed     72.11%
 935  A0ABQ8ESF1_Batrachochytrium       7.18%    passed     98.12%
 936  A0A015KD19_Rhizophagus            4.78%    passed     85.23%
 937  A0A1M2VH00_Trametes               0.96%    passed     97.69%
 938  A0A1Q3E2E1_Lentinula              2.87%    passed     97.07%
 939  A0A261Y8L7_Bifiguratus            4.78%    passed     99.93%
 940  A0A8H5FHN3_Ephemerocybe           4.31%    passed     91.67%
 941  A0A8H7Q1B8_Umbelopsis             3.83%    passed     99.99%
 942  A0A9N9IT00_Cetraspora             1.44%    passed     90.28%
 943  A0A9P3UKB6_Lyophyllum             3.83%    passed     91.75%
 944  A0ACB7J0F3_Pleurotus              1.44%    passed     99.94%
 945  A0ACC1QDJ0_Trametes              51.44%    failed      0.00%
 946  A0ACC1T3Q8_Phlebia                1.91%    passed     99.99%
 947  A0ACC1T620_Phlebia                0.96%    passed     79.13%
 948  A8PUE9_Malassezia                 1.44%    passed     85.78%
 949  J4H1T8_Fibroporia                 2.87%    passed     93.23%
 950  A0A0C3AWH9_Serendipita            3.83%    passed     95.89%
 951  A0A0D7ANQ6_Fistulina              1.91%    passed     99.91%
 952  A0A0H2RNB9_Schizopora             1.91%    passed     99.19%
 953  A0A0H2S6Y4_Schizopora             4.31%    passed     89.17%
 954  A0A2A9NU72_Amanita                1.44%    passed     97.54%
 955  A0A4S8MSI0_Dendrothele            3.83%    passed     91.10%
 956  A0A9N9DSD6_Ambispora              4.78%    passed     85.27%
 957  A0ACA9NG08_Acaulospora            3.35%    passed     99.96%
WARNING: 5 sequences contain more than 50% gaps/ambiguity
****  TOTAL                             1.89%  5 sequences failed composition chi2 test (p-value<5%; df=19)

Loading 2 partitions...
Identifying sites to remove: done in 0.00139189 secs using 2738% CPU
Subset	Type	Seqs	Sites	Infor	Invar	Model	Name
1	AA	957	209	180	15	LG+G	AA
2		952	209	194	4	data/3di/3di_substmat.txt+G	TDi
Degree of missing data: 0.003

NOTE: A0A2V1AIT0_Candidozyma is identical to A0ABX8I2X5_Candidozyma but kept for subsequent analysis
WARNING: State(s) I, K, M, W rarely appear in partition 2 and may cause numerical problems

Create initial parsimony tree by phylogenetic likelihood library (PLL)... 0.696 seconds
Generating 1000 samples for ultrafast bootstrap (seed: 42)...
Reading model parameters from file data/3di/3di_substmat.txt

NOTE: 273 MB RAM (0 GB) is required!
Measuring multi-threading efficiency up to 32 CPU cores
Increase to 10 rounds for branch lengths
5 trees examined
Threads: 1 / Time: 37.381 sec / Speedup: 1.000 / Efficiency: 100% / LogL: -348755
Threads: 2 / Time: 24.883 sec / Speedup: 1.502 / Efficiency: 75% / LogL: -348755
Threads: 3 / Time: 19.746 sec / Speedup: 1.893 / Efficiency: 63% / LogL: -348755
Threads: 4 / Time: 17.671 sec / Speedup: 2.115 / Efficiency: 53% / LogL: -348755
Threads: 5 / Time: 16.871 sec / Speedup: 2.216 / Efficiency: 44% / LogL: -348755
Determining AUTO threadcount: done in 116.559 secs using 253.7% CPU
BEST NUMBER OF THREADS: 4

Estimate model parameters (epsilon = 0.100)
Initial log-likelihood: -188547.252
Current log-likelihood at step 1: -186908.625
Current log-likelihood at step 2: -186794.770
Current log-likelihood at step 3: -186793.732
Current log-likelihood at step 4: -186793.731
Partition-specific rates:  1.167 0.833
Parameters optimization took 3 rounds (7.680 sec)

Wrote distance file to... 
Computing ML distances based on estimated model parameters...
Calculating distance matrix: done in 0.0106912 secs using 152.8% CPU
Computing ML distances took 0.014202 sec (of wall-clock time) 0.016618 sec (of CPU time)
WARNING: Some pairwise ML distances are too long (saturated)
Setting up auxiliary I and S matrices: done in 0.00247693 secs using 391.8% CPU
Constructing RapidNJ tree: done in 0.041445 secs using 444.4% CPU
Computing RapidNJ tree took 0.044053 sec (of wall-clock time) 0.195850 sec (of CPU time)
Log-likelihood of RapidNJ tree: -341874.119
--------------------------------------------------------------------
|             INITIALIZING CANDIDATE TREE SET                      |
--------------------------------------------------------------------
Generating 98 parsimony trees... 54.185 second
Computing log-likelihood of 98 initial trees ... 44.846 seconds
Current best score: -186793.731

Do NNI search on 20 best initial trees
Estimate model parameters (epsilon = 0.100)
Initial log-likelihood: -186178.973
Current log-likelihood at step 1: -186178.126
Current log-likelihood at step 2: -186178.124
Parameters optimization took 1 rounds (2.393 sec)

BETTER TREE FOUND at iteration 1: -186178.124
Estimate model parameters (epsilon = 0.100)
Initial log-likelihood: -186155.707
Current log-likelihood at step 1: -186155.108
Current log-likelihood at step 2: -186155.091
Parameters optimization took 1 rounds (2.330 sec)

BETTER TREE FOUND at iteration 5: -186155.091
Estimate model parameters (epsilon = 0.100)
Initial log-likelihood: -186018.999
Current log-likelihood at step 1: -186011.241
Current log-likelihood at step 2: -186011.075
Current log-likelihood at step 3: -186011.070
Parameters optimization took 2 rounds (3.670 sec)

BETTER TREE FOUND at iteration 7: -186011.070
Iteration 10 / LogL: -186238.149 / Time: 0h:5m:47s
Iteration 20 / LogL: -186185.837 / Time: 0h:7m:25s
Finish initializing candidate tree set (20)
Current best tree score: -186011.070 / CPU time: 316.398
Number of iterations: 20
--------------------------------------------------------------------
|               OPTIMIZING CANDIDATE TREE SET                      |
--------------------------------------------------------------------
Estimate model parameters (epsilon = 0.100)
Initial log-likelihood: -185970.131
Current log-likelihood at step 1: -185969.310
Current log-likelihood at step 2: -185969.130
Current log-likelihood at step 3: -185969.051
Parameters optimization took 2 rounds (3.363 sec)

BETTER TREE FOUND at iteration 21: -185969.051
Estimate model parameters (epsilon = 0.100)
Initial log-likelihood: -185962.618
Current log-likelihood at step 1: -185961.415
Current log-likelihood at step 2: -185961.385
Parameters optimization took 1 rounds (2.237 sec)

BETTER TREE FOUND at iteration 26: -185961.385
Estimate model parameters (epsilon = 0.100)
Initial log-likelihood: -185950.780
Current log-likelihood at step 1: -185949.749
Current log-likelihood at step 2: -185949.737
Parameters optimization took 1 rounds (2.293 sec)

BETTER TREE FOUND at iteration 28: -185949.737
Iteration 30 / LogL: -185974.776 / Time: 0h:9m:8s (0h:30m:50s left)
Estimate model parameters (epsilon = 0.100)
Initial log-likelihood: -185945.345
Current log-likelihood at step 1: -185944.990
Current log-likelihood at step 2: -185944.950
Parameters optimization took 1 rounds (2.293 sec)

BETTER TREE FOUND at iteration 31: -185944.950
Estimate model parameters (epsilon = 0.100)
Initial log-likelihood: -185940.995
Current log-likelihood at step 1: -185940.065
Current log-likelihood at step 2: -185940.018
Parameters optimization took 1 rounds (2.530 sec)

BETTER TREE FOUND at iteration 35: -185940.018
Iteration 40 / LogL: -186081.364 / Time: 0h:10m:52s (0h:26m:27s left)
Estimate model parameters (epsilon = 0.100)
Initial log-likelihood: -185922.340
Current log-likelihood at step 1: -185922.196
Current log-likelihood at step 2: -185922.195
Parameters optimization took 1 rounds (2.080 sec)

BETTER TREE FOUND at iteration 42: -185922.195
Estimate model parameters (epsilon = 0.100)
Initial log-likelihood: -185904.974
Current log-likelihood at step 1: -185904.859
Current log-likelihood at step 2: -185904.857
Parameters optimization took 1 rounds (2.103 sec)

BETTER TREE FOUND at iteration 43: -185904.857
Iteration 50 / LogL: -185908.788 / Time: 0h:12m:31s (0h:23m:45s left)
Iteration 60 / LogL: -185940.470 / Time: 0h:14m:6s (0h:19m:49s left)
Iteration 70 / LogL: -185917.400 / Time: 0h:15m:45s (0h:16m:39s left)
Estimate model parameters (epsilon = 0.100)
Initial log-likelihood: -185896.575
Current log-likelihood at step 1: -185894.411
Current log-likelihood at step 2: -185894.359
Parameters optimization took 1 rounds (2.218 sec)

BETTER TREE FOUND at iteration 76: -185894.359
Estimate model parameters (epsilon = 0.100)
Initial log-likelihood: -185880.858
Current log-likelihood at step 1: -185880.543
Current log-likelihood at step 2: -185880.526
Parameters optimization took 1 rounds (2.267 sec)

BETTER TREE FOUND at iteration 77: -185880.526
Iteration 80 / LogL: -185951.691 / Time: 0h:17m:30s (0h:21m:28s left)
Estimate model parameters (epsilon = 0.100)
Initial log-likelihood: -185851.668
Current log-likelihood at step 1: -185849.946
Current log-likelihood at step 2: -185849.862
Parameters optimization took 1 rounds (2.226 sec)

BETTER TREE FOUND at iteration 86: -185849.862
Estimate model parameters (epsilon = 0.100)
Initial log-likelihood: -185821.706
Current log-likelihood at step 1: -185821.238
Current log-likelihood at step 2: -185821.226
Parameters optimization took 1 rounds (2.080 sec)

BETTER TREE FOUND at iteration 88: -185821.226
Estimate model parameters (epsilon = 0.100)
Initial log-likelihood: -185786.198
Current log-likelihood at step 1: -185785.899
Current log-likelihood at step 2: -185785.899
Parameters optimization took 1 rounds (1.972 sec)

BETTER TREE FOUND at iteration 89: -185785.899
Iteration 90 / LogL: -185928.142 / Time: 0h:19m:17s (0h:21m:26s left)
Iteration 100 / LogL: -185806.303 / Time: 0h:20m:47s (0h:18m:40s left)
Estimate model parameters (epsilon = 0.100)
Initial log-likelihood: -185776.409
Current log-likelihood at step 1: -185775.980
Current log-likelihood at step 2: -185775.938
Parameters optimization took 1 rounds (2.438 sec)

BETTER TREE FOUND at iteration 101: -185775.938
Iteration 110 / LogL: -185825.543 / Time: 0h:22m:25s (0h:18m:42s left)
Iteration 120 / LogL: -185869.256 / Time: 0h:24m:19s (0h:16m:32s left)
Iteration 130 / LogL: -185851.479 / Time: 0h:26m:12s (0h:14m:25s left)
Estimate model parameters (epsilon = 0.100)
Initial log-likelihood: -185774.189
Current log-likelihood at step 1: -185773.938
Current log-likelihood at step 2: -185773.934
Parameters optimization took 1 rounds (2.188 sec)

BETTER TREE FOUND at iteration 133: -185773.934
Estimate model parameters (epsilon = 0.100)
Initial log-likelihood: -185764.980
Current log-likelihood at step 1: -185764.761
Current log-likelihood at step 2: -185764.757
Parameters optimization took 1 rounds (2.143 sec)

BETTER TREE FOUND at iteration 136: -185764.757
Iteration 140 / LogL: -185773.595 / Time: 0h:27m:57s (0h:19m:18s left)
Estimate model parameters (epsilon = 0.100)
Initial log-likelihood: -185752.308
Current log-likelihood at step 1: -185751.767
Current log-likelihood at step 2: -185751.759
Parameters optimization took 1 rounds (2.000 sec)

BETTER TREE FOUND at iteration 142: -185751.759
Iteration 150 / LogL: -185809.344 / Time: 0h:29m:33s (0h:18m:14s left)
Iteration 160 / LogL: -185813.281 / Time: 0h:31m:5s (0h:16m:1s left)
Iteration 170 / LogL: -185816.265 / Time: 0h:32m:35s (0h:13m:53s left)
Iteration 180 / LogL: -185839.170 / Time: 0h:34m:11s (0h:11m:50s left)
Estimate model parameters (epsilon = 0.100)
Initial log-likelihood: -185748.551
Current log-likelihood at step 1: -185748.423
Current log-likelihood at step 2: -185748.421
Parameters optimization took 1 rounds (2.009 sec)

BETTER TREE FOUND at iteration 183: -185748.421
Iteration 190 / LogL: -185829.822 / Time: 0h:35m:47s (0h:17m:36s left)
Estimate model parameters (epsilon = 0.100)
Initial log-likelihood: -185744.397
Current log-likelihood at step 1: -185744.226
Current log-likelihood at step 2: -185744.226
Parameters optimization took 1 rounds (2.106 sec)

BETTER TREE FOUND at iteration 196: -185744.226
Iteration 200 / LogL: -185767.748 / Time: 0h:37m:24s (0h:18m:2s left)
Estimate model parameters (epsilon = 0.100)
Initial log-likelihood: -185721.339
Current log-likelihood at step 1: -185720.306
Current log-likelihood at step 2: -185720.273
Parameters optimization took 1 rounds (2.417 sec)

BETTER TREE FOUND at iteration 204: -185720.273
Iteration 210 / LogL: -185776.232 / Time: 0h:39m:0s (0h:17m:32s left)
Estimate model parameters (epsilon = 0.100)
Initial log-likelihood: -185706.765
Current log-likelihood at step 1: -185706.351
Current log-likelihood at step 2: -185706.346
Parameters optimization took 1 rounds (2.135 sec)

BETTER TREE FOUND at iteration 217: -185706.346
Iteration 220 / LogL: -185773.166 / Time: 0h:40m:32s (0h:17m:57s left)
Iteration 230 / LogL: -185759.147 / Time: 0h:42m:5s (0h:15m:59s left)
Iteration 240 / LogL: -185718.131 / Time: 0h:43m:40s (0h:14m:4s left)
Estimate model parameters (epsilon = 0.100)
Initial log-likelihood: -185689.373
Current log-likelihood at step 1: -185689.122
Current log-likelihood at step 2: -185689.119
Parameters optimization took 1 rounds (2.038 sec)

BETTER TREE FOUND at iteration 248: -185689.119
Iteration 250 / LogL: -185770.597 / Time: 0h:45m:19s (0h:17m:50s left)
Iteration 260 / LogL: -185735.736 / Time: 0h:46m:56s (0h:15m:56s left)
Iteration 270 / LogL: -185735.307 / Time: 0h:48m:33s (0h:14m:4s left)
Iteration 280 / LogL: -185745.211 / Time: 0h:50m:3s (0h:12m:11s left)
Iteration 290 / LogL: -185716.590 / Time: 0h:51m:39s (0h:10m:21s left)
Estimate model parameters (epsilon = 0.100)
Initial log-likelihood: -185673.349
Current log-likelihood at step 1: -185673.220
Current log-likelihood at step 2: -185673.219
Parameters optimization took 1 rounds (2.096 sec)

BETTER TREE FOUND at iteration 293: -185673.219
Iteration 300 / LogL: -185729.849 / Time: 0h:53m:18s (0h:16m:34s left)
Iteration 310 / LogL: -185791.809 / Time: 0h:54m:55s (0h:14m:44s left)
Iteration 320 / LogL: -185923.799 / Time: 0h:56m:31s (0h:12m:55s left)
Iteration 330 / LogL: -185750.205 / Time: 0h:58m:9s (0h:11m:8s left)
Iteration 340 / LogL: -185770.472 / Time: 0h:59m:45s (0h:9m:20s left)
Iteration 350 / LogL: -185693.667 / Time: 1h:1m:18s (0h:7m:33s left)
Iteration 360 / LogL: -185746.838 / Time: 1h:2m:55s (0h:5m:46s left)
Iteration 370 / LogL: -185684.820 / Time: 1h:4m:31s (0h:4m:1s left)
Iteration 380 / LogL: -185771.149 / Time: 1h:6m:8s (0h:2m:16s left)
Estimate model parameters (epsilon = 0.100)
Initial log-likelihood: -185670.145
Current log-likelihood at step 1: -185669.942
Current log-likelihood at step 2: -185669.932
Parameters optimization took 1 rounds (2.087 sec)

BETTER TREE FOUND at iteration 390: -185669.932
Iteration 390 / LogL: -185669.932 / Time: 1h:7m:47s (0h:17m:25s left)
Iteration 400 / LogL: -185741.645 / Time: 1h:9m:19s (0h:15m:38s left)
Iteration 410 / LogL: -185680.444 / Time: 1h:10m:48s (0h:13m:50s left)
Iteration 420 / LogL: -185751.426 / Time: 1h:12m:24s (0h:12m:5s left)
Iteration 430 / LogL: -185718.639 / Time: 1h:13m:56s (0h:10m:20s left)
Iteration 440 / LogL: -185732.249 / Time: 1h:15m:30s (0h:8m:35s left)
Iteration 450 / LogL: -185763.337 / Time: 1h:17m:0s (0h:6m:51s left)
Iteration 460 / LogL: -185720.585 / Time: 1h:18m:33s (0h:5m:8s left)
Iteration 470 / LogL: -185734.181 / Time: 1h:20m:6s (0h:3m:24s left)
Iteration 480 / LogL: -185772.612 / Time: 1h:21m:32s (0h:1m:42s left)
Iteration 490 / LogL: -185721.880 / Time: 1h:23m:3s (0h:0m:0s left)
Refining ufboot trees with NNI 5 branches...
Reading model parameters from file data/3di/3di_substmat.txt
Reading model parameters from file data/3di/3di_substmat.txt
Reading model parameters from file data/3di/3di_substmat.txt
Reading model parameters from file data/3di/3di_substmat.txt
Reading model parameters from file data/3di/3di_substmat.txt
Reading model parameters from file data/3di/3di_substmat.txt
Reading model parameters from file data/3di/3di_substmat.txt
Reading model parameters from file data/3di/3di_substmat.txt
Reading model parameters from file data/3di/3di_substmat.txt
Reading model parameters from file data/3di/3di_substmat.txt
Reading model parameters from file data/3di/3di_substmat.txt
Reading model parameters from file data/3di/3di_substmat.txt
Reading model parameters from file data/3di/3di_substmat.txt
Reading model parameters from file data/3di/3di_substmat.txt
Reading model parameters from file data/3di/3di_substmat.txt
Reading model parameters from file data/3di/3di_substmat.txt
Reading model parameters from file data/3di/3di_substmat.txt
Reading model parameters from file data/3di/3di_substmat.txt
Reading model parameters from file data/3di/3di_substmat.txt
Reading model parameters from file data/3di/3di_substmat.txt
Reading model parameters from file data/3di/3di_substmat.txt
Reading model parameters from file data/3di/3di_substmat.txt
Reading model parameters from file data/3di/3di_substmat.txt
Reading model parameters from file data/3di/3di_substmat.txt
Reading model parameters from file data/3di/3di_substmat.txt
Reading model parameters from file data/3di/3di_substmat.txt
Reading model parameters from file data/3di/3di_substmat.txt
Reading model parameters from file data/3di/3di_substmat.txt
Reading model parameters from file data/3di/3di_substmat.txt
Reading model parameters from file data/3di/3di_substmat.txt
Reading model parameters from file data/3di/3di_substmat.txt
Reading model parameters from file data/3di/3di_substmat.txt
Reading model parameters from file data/3di/3di_substmat.txt
Reading model parameters from file data/3di/3di_substmat.txt
Reading model parameters from file data/3di/3di_substmat.txt
Reading model parameters from file data/3di/3di_substmat.txt
Reading model parameters from file data/3di/3di_substmat.txt
Reading model parameters from file data/3di/3di_substmat.txt
Reading model parameters from file data/3di/3di_substmat.txt
Reading model parameters from file data/3di/3di_substmat.txt
Reading model parameters from file data/3di/3di_substmat.txt
Reading model parameters from file data/3di/3di_substmat.txt
Reading model parameters from file data/3di/3di_substmat.txt
Reading model parameters from file data/3di/3di_substmat.txt
Reading model parameters from file data/3di/3di_substmat.txt
Reading model parameters from file data/3di/3di_substmat.txt
Reading model parameters from file data/3di/3di_substmat.txt
Reading model parameters from file data/3di/3di_substmat.txt
Reading model parameters from file data/3di/3di_substmat.txt
Reading model parameters from file data/3di/3di_substmat.txt
Reading model parameters from file data/3di/3di_substmat.txt
Reading model parameters from file data/3di/3di_substmat.txt
Reading model parameters from file data/3di/3di_substmat.txt
Reading model parameters from file data/3di/3di_substmat.txt
Reading model parameters from file data/3di/3di_substmat.txt
Reading model parameters from file data/3di/3di_substmat.txt
Reading model parameters from file data/3di/3di_substmat.txt
Reading model parameters from file data/3di/3di_substmat.txt
Reading model parameters from file data/3di/3di_substmat.txt
Reading model parameters from file data/3di/3di_substmat.txt
Reading model parameters from file data/3di/3di_substmat.txt
Reading model parameters from file data/3di/3di_substmat.txt
Reading model parameters from file data/3di/3di_substmat.txt
Reading model parameters from file data/3di/3di_substmat.txt
Reading model parameters from file data/3di/3di_substmat.txt
Reading model parameters from file data/3di/3di_substmat.txt
Reading model parameters from file data/3di/3di_substmat.txt
Reading model parameters from file data/3di/3di_substmat.txt
Reading model parameters from file data/3di/3di_substmat.txt
Reading model parameters from file data/3di/3di_substmat.txt
Reading model parameters from file data/3di/3di_substmat.txt
Reading model parameters from file data/3di/3di_substmat.txt
Reading model parameters from file data/3di/3di_substmat.txt
Reading model parameters from file data/3di/3di_substmat.txt
Reading model parameters from file data/3di/3di_substmat.txt
Reading model parameters from file data/3di/3di_substmat.txt
Reading model parameters from file data/3di/3di_substmat.txt
Reading model parameters from file data/3di/3di_substmat.txt
Reading model parameters from file data/3di/3di_substmat.txt
Reading model parameters from file data/3di/3di_substmat.txt
Reading model parameters from file data/3di/3di_substmat.txt
Reading model parameters from file data/3di/3di_substmat.txt
Reading model parameters from file data/3di/3di_substmat.txt
Reading model parameters from file data/3di/3di_substmat.txt
Reading model parameters from file data/3di/3di_substmat.txt
Reading model parameters from file data/3di/3di_substmat.txt
Reading model parameters from file data/3di/3di_substmat.txt
Reading model parameters from file data/3di/3di_substmat.txt
Reading model parameters from file data/3di/3di_substmat.txt
Reading model parameters from file data/3di/3di_substmat.txt
Reading model parameters from file data/3di/3di_substmat.txt
Reading model parameters from file data/3di/3di_substmat.txt
Reading model parameters from file data/3di/3di_substmat.txt
Reading model parameters from file data/3di/3di_substmat.txt
Reading model parameters from file data/3di/3di_substmat.txt
Reading model parameters from file data/3di/3di_substmat.txt
Reading model parameters from file data/3di/3di_substmat.txt
Reading model parameters from file data/3di/3di_substmat.txt
Reading model parameters from file data/3di/3di_substmat.txt
Reading model parameters from file data/3di/3di_substmat.txt
100 samples done
Reading model parameters from file data/3di/3di_substmat.txt
Reading model parameters from file data/3di/3di_substmat.txt
Reading model parameters from file data/3di/3di_substmat.txt
Reading model parameters from file data/3di/3di_substmat.txt
Reading model parameters from file data/3di/3di_substmat.txt
Reading model parameters from file data/3di/3di_substmat.txt
Reading model parameters from file data/3di/3di_substmat.txt
Reading model parameters from file data/3di/3di_substmat.txt
Reading model parameters from file data/3di/3di_substmat.txt
Reading model parameters from file data/3di/3di_substmat.txt
Reading model parameters from file data/3di/3di_substmat.txt
Reading model parameters from file data/3di/3di_substmat.txt
Reading model parameters from file data/3di/3di_substmat.txt
Reading model parameters from file data/3di/3di_substmat.txt
Reading model parameters from file data/3di/3di_substmat.txt
Reading model parameters from file data/3di/3di_substmat.txt
Reading model parameters from file data/3di/3di_substmat.txt
Reading model parameters from file data/3di/3di_substmat.txt
Reading model parameters from file data/3di/3di_substmat.txt
Reading model parameters from file data/3di/3di_substmat.txt
Reading model parameters from file data/3di/3di_substmat.txt
Reading model parameters from file data/3di/3di_substmat.txt
Reading model parameters from file data/3di/3di_substmat.txt
Reading model parameters from file data/3di/3di_substmat.txt
Reading model parameters from file data/3di/3di_substmat.txt
Reading model parameters from file data/3di/3di_substmat.txt
Reading model parameters from file data/3di/3di_substmat.txt
Reading model parameters from file data/3di/3di_substmat.txt
Reading model parameters from file data/3di/3di_substmat.txt
Reading model parameters from file data/3di/3di_substmat.txt
Reading model parameters from file data/3di/3di_substmat.txt
Reading model parameters from file data/3di/3di_substmat.txt
Reading model parameters from file data/3di/3di_substmat.txt
Reading model parameters from file data/3di/3di_substmat.txt
Reading model parameters from file data/3di/3di_substmat.txt
Reading model parameters from file data/3di/3di_substmat.txt
Reading model parameters from file data/3di/3di_substmat.txt
Reading model parameters from file data/3di/3di_substmat.txt
Reading model parameters from file data/3di/3di_substmat.txt
Reading model parameters from file data/3di/3di_substmat.txt
Reading model parameters from file data/3di/3di_substmat.txt
Reading model parameters from file data/3di/3di_substmat.txt
Reading model parameters from file data/3di/3di_substmat.txt
Reading model parameters from file data/3di/3di_substmat.txt
Reading model parameters from file data/3di/3di_substmat.txt
Reading model parameters from file data/3di/3di_substmat.txt
Reading model parameters from file data/3di/3di_substmat.txt
Reading model parameters from file data/3di/3di_substmat.txt
Reading model parameters from file data/3di/3di_substmat.txt
Reading model parameters from file data/3di/3di_substmat.txt
Reading model parameters from file data/3di/3di_substmat.txt
Reading model parameters from file data/3di/3di_substmat.txt
Reading model parameters from file data/3di/3di_substmat.txt
Reading model parameters from file data/3di/3di_substmat.txt
Reading model parameters from file data/3di/3di_substmat.txt
Reading model parameters from file data/3di/3di_substmat.txt
Reading model parameters from file data/3di/3di_substmat.txt
Reading model parameters from file data/3di/3di_substmat.txt
Reading model parameters from file data/3di/3di_substmat.txt
Reading model parameters from file data/3di/3di_substmat.txt
Reading model parameters from file data/3di/3di_substmat.txt
Reading model parameters from file data/3di/3di_substmat.txt
Reading model parameters from file data/3di/3di_substmat.txt
Reading model parameters from file data/3di/3di_substmat.txt
Reading model parameters from file data/3di/3di_substmat.txt
Reading model parameters from file data/3di/3di_substmat.txt
Reading model parameters from file data/3di/3di_substmat.txt
Reading model parameters from file data/3di/3di_substmat.txt
Reading model parameters from file data/3di/3di_substmat.txt
Reading model parameters from file data/3di/3di_substmat.txt
Reading model parameters from file data/3di/3di_substmat.txt
Reading model parameters from file data/3di/3di_substmat.txt
Reading model parameters from file data/3di/3di_substmat.txt
Reading model parameters from file data/3di/3di_substmat.txt
Reading model parameters from file data/3di/3di_substmat.txt
Reading model parameters from file data/3di/3di_substmat.txt
Reading model parameters from file data/3di/3di_substmat.txt
Reading model parameters from file data/3di/3di_substmat.txt
Reading model parameters from file data/3di/3di_substmat.txt
Reading model parameters from file data/3di/3di_substmat.txt
Reading model parameters from file data/3di/3di_substmat.txt
Reading model parameters from file data/3di/3di_substmat.txt
Reading model parameters from file data/3di/3di_substmat.txt
Reading model parameters from file data/3di/3di_substmat.txt
Reading model parameters from file data/3di/3di_substmat.txt
Reading model parameters from file data/3di/3di_substmat.txt
Reading model parameters from file data/3di/3di_substmat.txt
Reading model parameters from file data/3di/3di_substmat.txt
Reading model parameters from file data/3di/3di_substmat.txt
Reading model parameters from file data/3di/3di_substmat.txt
Reading model parameters from file data/3di/3di_substmat.txt
Reading model parameters from file data/3di/3di_substmat.txt
Reading model parameters from file data/3di/3di_substmat.txt
Reading model parameters from file data/3di/3di_substmat.txt
Reading model parameters from file data/3di/3di_substmat.txt
Reading model parameters from file data/3di/3di_substmat.txt
Reading model parameters from file data/3di/3di_substmat.txt
Reading model parameters from file data/3di/3di_substmat.txt
Reading model parameters from file data/3di/3di_substmat.txt
Reading model parameters from file data/3di/3di_substmat.txt
200 samples done
Reading model parameters from file data/3di/3di_substmat.txt
Reading model parameters from file data/3di/3di_substmat.txt
Reading model parameters from file data/3di/3di_substmat.txt
Reading model parameters from file data/3di/3di_substmat.txt
Reading model parameters from file data/3di/3di_substmat.txt
Reading model parameters from file data/3di/3di_substmat.txt
Reading model parameters from file data/3di/3di_substmat.txt
Reading model parameters from file data/3di/3di_substmat.txt
Reading model parameters from file data/3di/3di_substmat.txt
Reading model parameters from file data/3di/3di_substmat.txt
Reading model parameters from file data/3di/3di_substmat.txt
Reading model parameters from file data/3di/3di_substmat.txt
Reading model parameters from file data/3di/3di_substmat.txt
Reading model parameters from file data/3di/3di_substmat.txt
Reading model parameters from file data/3di/3di_substmat.txt
Reading model parameters from file data/3di/3di_substmat.txt
Reading model parameters from file data/3di/3di_substmat.txt
Reading model parameters from file data/3di/3di_substmat.txt
Reading model parameters from file data/3di/3di_substmat.txt
Reading model parameters from file data/3di/3di_substmat.txt
Reading model parameters from file data/3di/3di_substmat.txt
Reading model parameters from file data/3di/3di_substmat.txt
Reading model parameters from file data/3di/3di_substmat.txt
Reading model parameters from file data/3di/3di_substmat.txt
Reading model parameters from file data/3di/3di_substmat.txt
Reading model parameters from file data/3di/3di_substmat.txt
Reading model parameters from file data/3di/3di_substmat.txt
Reading model parameters from file data/3di/3di_substmat.txt
Reading model parameters from file data/3di/3di_substmat.txt
Reading model parameters from file data/3di/3di_substmat.txt
Reading model parameters from file data/3di/3di_substmat.txt
Reading model parameters from file data/3di/3di_substmat.txt
Reading model parameters from file data/3di/3di_substmat.txt
Reading model parameters from file data/3di/3di_substmat.txt
Reading model parameters from file data/3di/3di_substmat.txt
Reading model parameters from file data/3di/3di_substmat.txt
Reading model parameters from file data/3di/3di_substmat.txt
Reading model parameters from file data/3di/3di_substmat.txt
Reading model parameters from file data/3di/3di_substmat.txt
Reading model parameters from file data/3di/3di_substmat.txt
Reading model parameters from file data/3di/3di_substmat.txt
Reading model parameters from file data/3di/3di_substmat.txt
Reading model parameters from file data/3di/3di_substmat.txt
Reading model parameters from file data/3di/3di_substmat.txt
Reading model parameters from file data/3di/3di_substmat.txt
Reading model parameters from file data/3di/3di_substmat.txt
Reading model parameters from file data/3di/3di_substmat.txt
Reading model parameters from file data/3di/3di_substmat.txt
Reading model parameters from file data/3di/3di_substmat.txt
Reading model parameters from file data/3di/3di_substmat.txt
Reading model parameters from file data/3di/3di_substmat.txt
Reading model parameters from file data/3di/3di_substmat.txt
Reading model parameters from file data/3di/3di_substmat.txt
Reading model parameters from file data/3di/3di_substmat.txt
Reading model parameters from file data/3di/3di_substmat.txt
Reading model parameters from file data/3di/3di_substmat.txt
Reading model parameters from file data/3di/3di_substmat.txt
Reading model parameters from file data/3di/3di_substmat.txt
Reading model parameters from file data/3di/3di_substmat.txt
Reading model parameters from file data/3di/3di_substmat.txt
Reading model parameters from file data/3di/3di_substmat.txt
Reading model parameters from file data/3di/3di_substmat.txt
Reading model parameters from file data/3di/3di_substmat.txt
Reading model parameters from file data/3di/3di_substmat.txt
Reading model parameters from file data/3di/3di_substmat.txt
Reading model parameters from file data/3di/3di_substmat.txt
Reading model parameters from file data/3di/3di_substmat.txt
Reading model parameters from file data/3di/3di_substmat.txt
Reading model parameters from file data/3di/3di_substmat.txt
Reading model parameters from file data/3di/3di_substmat.txt
Reading model parameters from file data/3di/3di_substmat.txt
Reading model parameters from file data/3di/3di_substmat.txt
Reading model parameters from file data/3di/3di_substmat.txt
Reading model parameters from file data/3di/3di_substmat.txt
Reading model parameters from file data/3di/3di_substmat.txt
Reading model parameters from file data/3di/3di_substmat.txt
Reading model parameters from file data/3di/3di_substmat.txt
Reading model parameters from file data/3di/3di_substmat.txt
Reading model parameters from file data/3di/3di_substmat.txt
Reading model parameters from file data/3di/3di_substmat.txt
Reading model parameters from file data/3di/3di_substmat.txt
Reading model parameters from file data/3di/3di_substmat.txt
Reading model parameters from file data/3di/3di_substmat.txt
Reading model parameters from file data/3di/3di_substmat.txt
Reading model parameters from file data/3di/3di_substmat.txt
Reading model parameters from file data/3di/3di_substmat.txt
Reading model parameters from file data/3di/3di_substmat.txt
Reading model parameters from file data/3di/3di_substmat.txt
Reading model parameters from file data/3di/3di_substmat.txt
Reading model parameters from file data/3di/3di_substmat.txt
Reading model parameters from file data/3di/3di_substmat.txt
Reading model parameters from file data/3di/3di_substmat.txt
Reading model parameters from file data/3di/3di_substmat.txt
Reading model parameters from file data/3di/3di_substmat.txt
Reading model parameters from file data/3di/3di_substmat.txt
Reading model parameters from file data/3di/3di_substmat.txt
Reading model parameters from file data/3di/3di_substmat.txt
Reading model parameters from file data/3di/3di_substmat.txt
Reading model parameters from file data/3di/3di_substmat.txt
Reading model parameters from file data/3di/3di_substmat.txt
300 samples done
Reading model parameters from file data/3di/3di_substmat.txt
Reading model parameters from file data/3di/3di_substmat.txt
Reading model parameters from file data/3di/3di_substmat.txt
Reading model parameters from file data/3di/3di_substmat.txt
Reading model parameters from file data/3di/3di_substmat.txt
Reading model parameters from file data/3di/3di_substmat.txt
Reading model parameters from file data/3di/3di_substmat.txt
Reading model parameters from file data/3di/3di_substmat.txt
Reading model parameters from file data/3di/3di_substmat.txt
Reading model parameters from file data/3di/3di_substmat.txt
Reading model parameters from file data/3di/3di_substmat.txt
Reading model parameters from file data/3di/3di_substmat.txt
Reading model parameters from file data/3di/3di_substmat.txt
Reading model parameters from file data/3di/3di_substmat.txt
Reading model parameters from file data/3di/3di_substmat.txt
Reading model parameters from file data/3di/3di_substmat.txt
Reading model parameters from file data/3di/3di_substmat.txt
Reading model parameters from file data/3di/3di_substmat.txt
Reading model parameters from file data/3di/3di_substmat.txt
Reading model parameters from file data/3di/3di_substmat.txt
Reading model parameters from file data/3di/3di_substmat.txt
Reading model parameters from file data/3di/3di_substmat.txt
Reading model parameters from file data/3di/3di_substmat.txt
Reading model parameters from file data/3di/3di_substmat.txt
Reading model parameters from file data/3di/3di_substmat.txt
Reading model parameters from file data/3di/3di_substmat.txt
Reading model parameters from file data/3di/3di_substmat.txt
Reading model parameters from file data/3di/3di_substmat.txt
Reading model parameters from file data/3di/3di_substmat.txt
Reading model parameters from file data/3di/3di_substmat.txt
Reading model parameters from file data/3di/3di_substmat.txt
Reading model parameters from file data/3di/3di_substmat.txt
Reading model parameters from file data/3di/3di_substmat.txt
Reading model parameters from file data/3di/3di_substmat.txt
Reading model parameters from file data/3di/3di_substmat.txt
Reading model parameters from file data/3di/3di_substmat.txt
Reading model parameters from file data/3di/3di_substmat.txt
Reading model parameters from file data/3di/3di_substmat.txt
Reading model parameters from file data/3di/3di_substmat.txt
Reading model parameters from file data/3di/3di_substmat.txt
Reading model parameters from file data/3di/3di_substmat.txt
Reading model parameters from file data/3di/3di_substmat.txt
Reading model parameters from file data/3di/3di_substmat.txt
Reading model parameters from file data/3di/3di_substmat.txt
Reading model parameters from file data/3di/3di_substmat.txt
Reading model parameters from file data/3di/3di_substmat.txt
Reading model parameters from file data/3di/3di_substmat.txt
Reading model parameters from file data/3di/3di_substmat.txt
Reading model parameters from file data/3di/3di_substmat.txt
Reading model parameters from file data/3di/3di_substmat.txt
Reading model parameters from file data/3di/3di_substmat.txt
Reading model parameters from file data/3di/3di_substmat.txt
Reading model parameters from file data/3di/3di_substmat.txt
Reading model parameters from file data/3di/3di_substmat.txt
Reading model parameters from file data/3di/3di_substmat.txt
Reading model parameters from file data/3di/3di_substmat.txt
Reading model parameters from file data/3di/3di_substmat.txt
Reading model parameters from file data/3di/3di_substmat.txt
Reading model parameters from file data/3di/3di_substmat.txt
Reading model parameters from file data/3di/3di_substmat.txt
Reading model parameters from file data/3di/3di_substmat.txt
Reading model parameters from file data/3di/3di_substmat.txt
Reading model parameters from file data/3di/3di_substmat.txt
Reading model parameters from file data/3di/3di_substmat.txt
Reading model parameters from file data/3di/3di_substmat.txt
Reading model parameters from file data/3di/3di_substmat.txt
Reading model parameters from file data/3di/3di_substmat.txt
Reading model parameters from file data/3di/3di_substmat.txt
Reading model parameters from file data/3di/3di_substmat.txt
Reading model parameters from file data/3di/3di_substmat.txt
Reading model parameters from file data/3di/3di_substmat.txt
Reading model parameters from file data/3di/3di_substmat.txt
Reading model parameters from file data/3di/3di_substmat.txt
Reading model parameters from file data/3di/3di_substmat.txt
Reading model parameters from file data/3di/3di_substmat.txt
Reading model parameters from file data/3di/3di_substmat.txt
Reading model parameters from file data/3di/3di_substmat.txt
Reading model parameters from file data/3di/3di_substmat.txt
Reading model parameters from file data/3di/3di_substmat.txt
Reading model parameters from file data/3di/3di_substmat.txt
Reading model parameters from file data/3di/3di_substmat.txt
Reading model parameters from file data/3di/3di_substmat.txt
Reading model parameters from file data/3di/3di_substmat.txt
Reading model parameters from file data/3di/3di_substmat.txt
Reading model parameters from file data/3di/3di_substmat.txt
Reading model parameters from file data/3di/3di_substmat.txt
Reading model parameters from file data/3di/3di_substmat.txt
Reading model parameters from file data/3di/3di_substmat.txt
Reading model parameters from file data/3di/3di_substmat.txt
Reading model parameters from file data/3di/3di_substmat.txt
Reading model parameters from file data/3di/3di_substmat.txt
Reading model parameters from file data/3di/3di_substmat.txt
Reading model parameters from file data/3di/3di_substmat.txt
Reading model parameters from file data/3di/3di_substmat.txt
Reading model parameters from file data/3di/3di_substmat.txt
Reading model parameters from file data/3di/3di_substmat.txt
Reading model parameters from file data/3di/3di_substmat.txt
Reading model parameters from file data/3di/3di_substmat.txt
Reading model parameters from file data/3di/3di_substmat.txt
Reading model parameters from file data/3di/3di_substmat.txt
400 samples done
Reading model parameters from file data/3di/3di_substmat.txt
Reading model parameters from file data/3di/3di_substmat.txt
Reading model parameters from file data/3di/3di_substmat.txt
Reading model parameters from file data/3di/3di_substmat.txt
Reading model parameters from file data/3di/3di_substmat.txt
Reading model parameters from file data/3di/3di_substmat.txt
Reading model parameters from file data/3di/3di_substmat.txt
Reading model parameters from file data/3di/3di_substmat.txt
Reading model parameters from file data/3di/3di_substmat.txt
Reading model parameters from file data/3di/3di_substmat.txt
Reading model parameters from file data/3di/3di_substmat.txt
Reading model parameters from file data/3di/3di_substmat.txt
Reading model parameters from file data/3di/3di_substmat.txt
Reading model parameters from file data/3di/3di_substmat.txt
Reading model parameters from file data/3di/3di_substmat.txt
Reading model parameters from file data/3di/3di_substmat.txt
Reading model parameters from file data/3di/3di_substmat.txt
Reading model parameters from file data/3di/3di_substmat.txt
Reading model parameters from file data/3di/3di_substmat.txt
Reading model parameters from file data/3di/3di_substmat.txt
Reading model parameters from file data/3di/3di_substmat.txt
Reading model parameters from file data/3di/3di_substmat.txt
Reading model parameters from file data/3di/3di_substmat.txt
Reading model parameters from file data/3di/3di_substmat.txt
Reading model parameters from file data/3di/3di_substmat.txt
Reading model parameters from file data/3di/3di_substmat.txt
Reading model parameters from file data/3di/3di_substmat.txt
Reading model parameters from file data/3di/3di_substmat.txt
Reading model parameters from file data/3di/3di_substmat.txt
Reading model parameters from file data/3di/3di_substmat.txt
Reading model parameters from file data/3di/3di_substmat.txt
Reading model parameters from file data/3di/3di_substmat.txt
Reading model parameters from file data/3di/3di_substmat.txt
Reading model parameters from file data/3di/3di_substmat.txt
Reading model parameters from file data/3di/3di_substmat.txt
Reading model parameters from file data/3di/3di_substmat.txt
Reading model parameters from file data/3di/3di_substmat.txt
Reading model parameters from file data/3di/3di_substmat.txt
Reading model parameters from file data/3di/3di_substmat.txt
Reading model parameters from file data/3di/3di_substmat.txt
Reading model parameters from file data/3di/3di_substmat.txt
Reading model parameters from file data/3di/3di_substmat.txt
Reading model parameters from file data/3di/3di_substmat.txt
Reading model parameters from file data/3di/3di_substmat.txt
Reading model parameters from file data/3di/3di_substmat.txt
Reading model parameters from file data/3di/3di_substmat.txt
Reading model parameters from file data/3di/3di_substmat.txt
Reading model parameters from file data/3di/3di_substmat.txt
Reading model parameters from file data/3di/3di_substmat.txt
Reading model parameters from file data/3di/3di_substmat.txt
Reading model parameters from file data/3di/3di_substmat.txt
Reading model parameters from file data/3di/3di_substmat.txt
Reading model parameters from file data/3di/3di_substmat.txt
Reading model parameters from file data/3di/3di_substmat.txt
Reading model parameters from file data/3di/3di_substmat.txt
Reading model parameters from file data/3di/3di_substmat.txt
Reading model parameters from file data/3di/3di_substmat.txt
Reading model parameters from file data/3di/3di_substmat.txt
Reading model parameters from file data/3di/3di_substmat.txt
Reading model parameters from file data/3di/3di_substmat.txt
Reading model parameters from file data/3di/3di_substmat.txt
Reading model parameters from file data/3di/3di_substmat.txt
Reading model parameters from file data/3di/3di_substmat.txt
Reading model parameters from file data/3di/3di_substmat.txt
Reading model parameters from file data/3di/3di_substmat.txt
Reading model parameters from file data/3di/3di_substmat.txt
Reading model parameters from file data/3di/3di_substmat.txt
Reading model parameters from file data/3di/3di_substmat.txt
Reading model parameters from file data/3di/3di_substmat.txt
Reading model parameters from file data/3di/3di_substmat.txt
Reading model parameters from file data/3di/3di_substmat.txt
Reading model parameters from file data/3di/3di_substmat.txt
Reading model parameters from file data/3di/3di_substmat.txt
Reading model parameters from file data/3di/3di_substmat.txt
Reading model parameters from file data/3di/3di_substmat.txt
Reading model parameters from file data/3di/3di_substmat.txt
Reading model parameters from file data/3di/3di_substmat.txt
Reading model parameters from file data/3di/3di_substmat.txt
Reading model parameters from file data/3di/3di_substmat.txt
Reading model parameters from file data/3di/3di_substmat.txt
Reading model parameters from file data/3di/3di_substmat.txt
Reading model parameters from file data/3di/3di_substmat.txt
Reading model parameters from file data/3di/3di_substmat.txt
Reading model parameters from file data/3di/3di_substmat.txt
Reading model parameters from file data/3di/3di_substmat.txt
Reading model parameters from file data/3di/3di_substmat.txt
Reading model parameters from file data/3di/3di_substmat.txt
Reading model parameters from file data/3di/3di_substmat.txt
Reading model parameters from file data/3di/3di_substmat.txt
Reading model parameters from file data/3di/3di_substmat.txt
Reading model parameters from file data/3di/3di_substmat.txt
Reading model parameters from file data/3di/3di_substmat.txt
Reading model parameters from file data/3di/3di_substmat.txt
Reading model parameters from file data/3di/3di_substmat.txt
Reading model parameters from file data/3di/3di_substmat.txt
Reading model parameters from file data/3di/3di_substmat.txt
Reading model parameters from file data/3di/3di_substmat.txt
Reading model parameters from file data/3di/3di_substmat.txt
Reading model parameters from file data/3di/3di_substmat.txt
Reading model parameters from file data/3di/3di_substmat.txt
500 samples done
Reading model parameters from file data/3di/3di_substmat.txt
Reading model parameters from file data/3di/3di_substmat.txt
Reading model parameters from file data/3di/3di_substmat.txt
Reading model parameters from file data/3di/3di_substmat.txt
Reading model parameters from file data/3di/3di_substmat.txt
Reading model parameters from file data/3di/3di_substmat.txt
Reading model parameters from file data/3di/3di_substmat.txt
Reading model parameters from file data/3di/3di_substmat.txt
Reading model parameters from file data/3di/3di_substmat.txt
Reading model parameters from file data/3di/3di_substmat.txt
Reading model parameters from file data/3di/3di_substmat.txt
Reading model parameters from file data/3di/3di_substmat.txt
Reading model parameters from file data/3di/3di_substmat.txt
Reading model parameters from file data/3di/3di_substmat.txt
Reading model parameters from file data/3di/3di_substmat.txt
Reading model parameters from file data/3di/3di_substmat.txt
Reading model parameters from file data/3di/3di_substmat.txt
Reading model parameters from file data/3di/3di_substmat.txt
Reading model parameters from file data/3di/3di_substmat.txt
Reading model parameters from file data/3di/3di_substmat.txt
Reading model parameters from file data/3di/3di_substmat.txt
Reading model parameters from file data/3di/3di_substmat.txt
Reading model parameters from file data/3di/3di_substmat.txt
Reading model parameters from file data/3di/3di_substmat.txt
Reading model parameters from file data/3di/3di_substmat.txt
Reading model parameters from file data/3di/3di_substmat.txt
Reading model parameters from file data/3di/3di_substmat.txt
Reading model parameters from file data/3di/3di_substmat.txt
Reading model parameters from file data/3di/3di_substmat.txt
Reading model parameters from file data/3di/3di_substmat.txt
Reading model parameters from file data/3di/3di_substmat.txt
Reading model parameters from file data/3di/3di_substmat.txt
Reading model parameters from file data/3di/3di_substmat.txt
Reading model parameters from file data/3di/3di_substmat.txt
Reading model parameters from file data/3di/3di_substmat.txt
Reading model parameters from file data/3di/3di_substmat.txt
Reading model parameters from file data/3di/3di_substmat.txt
Reading model parameters from file data/3di/3di_substmat.txt
Reading model parameters from file data/3di/3di_substmat.txt
Reading model parameters from file data/3di/3di_substmat.txt
Reading model parameters from file data/3di/3di_substmat.txt
Reading model parameters from file data/3di/3di_substmat.txt
Reading model parameters from file data/3di/3di_substmat.txt
Reading model parameters from file data/3di/3di_substmat.txt
Reading model parameters from file data/3di/3di_substmat.txt
Reading model parameters from file data/3di/3di_substmat.txt
Reading model parameters from file data/3di/3di_substmat.txt
Reading model parameters from file data/3di/3di_substmat.txt
Reading model parameters from file data/3di/3di_substmat.txt
Reading model parameters from file data/3di/3di_substmat.txt
Reading model parameters from file data/3di/3di_substmat.txt
Reading model parameters from file data/3di/3di_substmat.txt
Reading model parameters from file data/3di/3di_substmat.txt
Reading model parameters from file data/3di/3di_substmat.txt
Reading model parameters from file data/3di/3di_substmat.txt
Reading model parameters from file data/3di/3di_substmat.txt
Reading model parameters from file data/3di/3di_substmat.txt
Reading model parameters from file data/3di/3di_substmat.txt
Reading model parameters from file data/3di/3di_substmat.txt
Reading model parameters from file data/3di/3di_substmat.txt
Reading model parameters from file data/3di/3di_substmat.txt
Reading model parameters from file data/3di/3di_substmat.txt
Reading model parameters from file data/3di/3di_substmat.txt
Reading model parameters from file data/3di/3di_substmat.txt
Reading model parameters from file data/3di/3di_substmat.txt
Reading model parameters from file data/3di/3di_substmat.txt
Reading model parameters from file data/3di/3di_substmat.txt
Reading model parameters from file data/3di/3di_substmat.txt
Reading model parameters from file data/3di/3di_substmat.txt
Reading model parameters from file data/3di/3di_substmat.txt
Reading model parameters from file data/3di/3di_substmat.txt
Reading model parameters from file data/3di/3di_substmat.txt
Reading model parameters from file data/3di/3di_substmat.txt
Reading model parameters from file data/3di/3di_substmat.txt
Reading model parameters from file data/3di/3di_substmat.txt
Reading model parameters from file data/3di/3di_substmat.txt
Reading model parameters from file data/3di/3di_substmat.txt
Reading model parameters from file data/3di/3di_substmat.txt
Reading model parameters from file data/3di/3di_substmat.txt
Reading model parameters from file data/3di/3di_substmat.txt
Reading model parameters from file data/3di/3di_substmat.txt
Reading model parameters from file data/3di/3di_substmat.txt
Reading model parameters from file data/3di/3di_substmat.txt
Reading model parameters from file data/3di/3di_substmat.txt
Reading model parameters from file data/3di/3di_substmat.txt
Reading model parameters from file data/3di/3di_substmat.txt
Reading model parameters from file data/3di/3di_substmat.txt
Reading model parameters from file data/3di/3di_substmat.txt
Reading model parameters from file data/3di/3di_substmat.txt
Reading model parameters from file data/3di/3di_substmat.txt
Reading model parameters from file data/3di/3di_substmat.txt
Reading model parameters from file data/3di/3di_substmat.txt
Reading model parameters from file data/3di/3di_substmat.txt
Reading model parameters from file data/3di/3di_substmat.txt
Reading model parameters from file data/3di/3di_substmat.txt
Reading model parameters from file data/3di/3di_substmat.txt
Reading model parameters from file data/3di/3di_substmat.txt
Reading model parameters from file data/3di/3di_substmat.txt
Reading model parameters from file data/3di/3di_substmat.txt
Reading model parameters from file data/3di/3di_substmat.txt
600 samples done
Reading model parameters from file data/3di/3di_substmat.txt
Reading model parameters from file data/3di/3di_substmat.txt
Reading model parameters from file data/3di/3di_substmat.txt
Reading model parameters from file data/3di/3di_substmat.txt
Reading model parameters from file data/3di/3di_substmat.txt
Reading model parameters from file data/3di/3di_substmat.txt
Reading model parameters from file data/3di/3di_substmat.txt
Reading model parameters from file data/3di/3di_substmat.txt
Reading model parameters from file data/3di/3di_substmat.txt
Reading model parameters from file data/3di/3di_substmat.txt
Reading model parameters from file data/3di/3di_substmat.txt
Reading model parameters from file data/3di/3di_substmat.txt
Reading model parameters from file data/3di/3di_substmat.txt
Reading model parameters from file data/3di/3di_substmat.txt
Reading model parameters from file data/3di/3di_substmat.txt
Reading model parameters from file data/3di/3di_substmat.txt
Reading model parameters from file data/3di/3di_substmat.txt
Reading model parameters from file data/3di/3di_substmat.txt
Reading model parameters from file data/3di/3di_substmat.txt
Reading model parameters from file data/3di/3di_substmat.txt
Reading model parameters from file data/3di/3di_substmat.txt
Reading model parameters from file data/3di/3di_substmat.txt
Reading model parameters from file data/3di/3di_substmat.txt
Reading model parameters from file data/3di/3di_substmat.txt
Reading model parameters from file data/3di/3di_substmat.txt
Reading model parameters from file data/3di/3di_substmat.txt
Reading model parameters from file data/3di/3di_substmat.txt
Reading model parameters from file data/3di/3di_substmat.txt
Reading model parameters from file data/3di/3di_substmat.txt
Reading model parameters from file data/3di/3di_substmat.txt
Reading model parameters from file data/3di/3di_substmat.txt
Reading model parameters from file data/3di/3di_substmat.txt
Reading model parameters from file data/3di/3di_substmat.txt
Reading model parameters from file data/3di/3di_substmat.txt
Reading model parameters from file data/3di/3di_substmat.txt
Reading model parameters from file data/3di/3di_substmat.txt
Reading model parameters from file data/3di/3di_substmat.txt
Reading model parameters from file data/3di/3di_substmat.txt
Reading model parameters from file data/3di/3di_substmat.txt
Reading model parameters from file data/3di/3di_substmat.txt
Reading model parameters from file data/3di/3di_substmat.txt
Reading model parameters from file data/3di/3di_substmat.txt
Reading model parameters from file data/3di/3di_substmat.txt
Reading model parameters from file data/3di/3di_substmat.txt
Reading model parameters from file data/3di/3di_substmat.txt
Reading model parameters from file data/3di/3di_substmat.txt
Reading model parameters from file data/3di/3di_substmat.txt
Reading model parameters from file data/3di/3di_substmat.txt
Reading model parameters from file data/3di/3di_substmat.txt
Reading model parameters from file data/3di/3di_substmat.txt
Reading model parameters from file data/3di/3di_substmat.txt
Reading model parameters from file data/3di/3di_substmat.txt
Reading model parameters from file data/3di/3di_substmat.txt
Reading model parameters from file data/3di/3di_substmat.txt
Reading model parameters from file data/3di/3di_substmat.txt
Reading model parameters from file data/3di/3di_substmat.txt
Reading model parameters from file data/3di/3di_substmat.txt
Reading model parameters from file data/3di/3di_substmat.txt
Reading model parameters from file data/3di/3di_substmat.txt
Reading model parameters from file data/3di/3di_substmat.txt
Reading model parameters from file data/3di/3di_substmat.txt
Reading model parameters from file data/3di/3di_substmat.txt
Reading model parameters from file data/3di/3di_substmat.txt
Reading model parameters from file data/3di/3di_substmat.txt
Reading model parameters from file data/3di/3di_substmat.txt
Reading model parameters from file data/3di/3di_substmat.txt
Reading model parameters from file data/3di/3di_substmat.txt
Reading model parameters from file data/3di/3di_substmat.txt
Reading model parameters from file data/3di/3di_substmat.txt
Reading model parameters from file data/3di/3di_substmat.txt
Reading model parameters from file data/3di/3di_substmat.txt
Reading model parameters from file data/3di/3di_substmat.txt
Reading model parameters from file data/3di/3di_substmat.txt
Reading model parameters from file data/3di/3di_substmat.txt
Reading model parameters from file data/3di/3di_substmat.txt
Reading model parameters from file data/3di/3di_substmat.txt
Reading model parameters from file data/3di/3di_substmat.txt
Reading model parameters from file data/3di/3di_substmat.txt
Reading model parameters from file data/3di/3di_substmat.txt
Reading model parameters from file data/3di/3di_substmat.txt
Reading model parameters from file data/3di/3di_substmat.txt
Reading model parameters from file data/3di/3di_substmat.txt
Reading model parameters from file data/3di/3di_substmat.txt
Reading model parameters from file data/3di/3di_substmat.txt
Reading model parameters from file data/3di/3di_substmat.txt
Reading model parameters from file data/3di/3di_substmat.txt
Reading model parameters from file data/3di/3di_substmat.txt
Reading model parameters from file data/3di/3di_substmat.txt
Reading model parameters from file data/3di/3di_substmat.txt
Reading model parameters from file data/3di/3di_substmat.txt
Reading model parameters from file data/3di/3di_substmat.txt
Reading model parameters from file data/3di/3di_substmat.txt
Reading model parameters from file data/3di/3di_substmat.txt
Reading model parameters from file data/3di/3di_substmat.txt
Reading model parameters from file data/3di/3di_substmat.txt
Reading model parameters from file data/3di/3di_substmat.txt
Reading model parameters from file data/3di/3di_substmat.txt
Reading model parameters from file data/3di/3di_substmat.txt
Reading model parameters from file data/3di/3di_substmat.txt
Reading model parameters from file data/3di/3di_substmat.txt
700 samples done
Reading model parameters from file data/3di/3di_substmat.txt
Reading model parameters from file data/3di/3di_substmat.txt
Reading model parameters from file data/3di/3di_substmat.txt
Reading model parameters from file data/3di/3di_substmat.txt
Reading model parameters from file data/3di/3di_substmat.txt
Reading model parameters from file data/3di/3di_substmat.txt
Reading model parameters from file data/3di/3di_substmat.txt
Reading model parameters from file data/3di/3di_substmat.txt
Reading model parameters from file data/3di/3di_substmat.txt
Reading model parameters from file data/3di/3di_substmat.txt
Reading model parameters from file data/3di/3di_substmat.txt
Reading model parameters from file data/3di/3di_substmat.txt
Reading model parameters from file data/3di/3di_substmat.txt
Reading model parameters from file data/3di/3di_substmat.txt
Reading model parameters from file data/3di/3di_substmat.txt
Reading model parameters from file data/3di/3di_substmat.txt
Reading model parameters from file data/3di/3di_substmat.txt
Reading model parameters from file data/3di/3di_substmat.txt
Reading model parameters from file data/3di/3di_substmat.txt
Reading model parameters from file data/3di/3di_substmat.txt
Reading model parameters from file data/3di/3di_substmat.txt
Reading model parameters from file data/3di/3di_substmat.txt
Reading model parameters from file data/3di/3di_substmat.txt
Reading model parameters from file data/3di/3di_substmat.txt
Reading model parameters from file data/3di/3di_substmat.txt
Reading model parameters from file data/3di/3di_substmat.txt
Reading model parameters from file data/3di/3di_substmat.txt
Reading model parameters from file data/3di/3di_substmat.txt
Reading model parameters from file data/3di/3di_substmat.txt
Reading model parameters from file data/3di/3di_substmat.txt
Reading model parameters from file data/3di/3di_substmat.txt
Reading model parameters from file data/3di/3di_substmat.txt
Reading model parameters from file data/3di/3di_substmat.txt
Reading model parameters from file data/3di/3di_substmat.txt
Reading model parameters from file data/3di/3di_substmat.txt
Reading model parameters from file data/3di/3di_substmat.txt
Reading model parameters from file data/3di/3di_substmat.txt
Reading model parameters from file data/3di/3di_substmat.txt
Reading model parameters from file data/3di/3di_substmat.txt
Reading model parameters from file data/3di/3di_substmat.txt
Reading model parameters from file data/3di/3di_substmat.txt
Reading model parameters from file data/3di/3di_substmat.txt
Reading model parameters from file data/3di/3di_substmat.txt
Reading model parameters from file data/3di/3di_substmat.txt
Reading model parameters from file data/3di/3di_substmat.txt
Reading model parameters from file data/3di/3di_substmat.txt
Reading model parameters from file data/3di/3di_substmat.txt
Reading model parameters from file data/3di/3di_substmat.txt
Reading model parameters from file data/3di/3di_substmat.txt
Reading model parameters from file data/3di/3di_substmat.txt
Reading model parameters from file data/3di/3di_substmat.txt
Reading model parameters from file data/3di/3di_substmat.txt
Reading model parameters from file data/3di/3di_substmat.txt
Reading model parameters from file data/3di/3di_substmat.txt
Reading model parameters from file data/3di/3di_substmat.txt
Reading model parameters from file data/3di/3di_substmat.txt
Reading model parameters from file data/3di/3di_substmat.txt
Reading model parameters from file data/3di/3di_substmat.txt
Reading model parameters from file data/3di/3di_substmat.txt
Reading model parameters from file data/3di/3di_substmat.txt
Reading model parameters from file data/3di/3di_substmat.txt
Reading model parameters from file data/3di/3di_substmat.txt
Reading model parameters from file data/3di/3di_substmat.txt
Reading model parameters from file data/3di/3di_substmat.txt
Reading model parameters from file data/3di/3di_substmat.txt
Reading model parameters from file data/3di/3di_substmat.txt
Reading model parameters from file data/3di/3di_substmat.txt
Reading model parameters from file data/3di/3di_substmat.txt
Reading model parameters from file data/3di/3di_substmat.txt
Reading model parameters from file data/3di/3di_substmat.txt
Reading model parameters from file data/3di/3di_substmat.txt
Reading model parameters from file data/3di/3di_substmat.txt
Reading model parameters from file data/3di/3di_substmat.txt
Reading model parameters from file data/3di/3di_substmat.txt
Reading model parameters from file data/3di/3di_substmat.txt
Reading model parameters from file data/3di/3di_substmat.txt
Reading model parameters from file data/3di/3di_substmat.txt
Reading model parameters from file data/3di/3di_substmat.txt
Reading model parameters from file data/3di/3di_substmat.txt
Reading model parameters from file data/3di/3di_substmat.txt
Reading model parameters from file data/3di/3di_substmat.txt
Reading model parameters from file data/3di/3di_substmat.txt
Reading model parameters from file data/3di/3di_substmat.txt
Reading model parameters from file data/3di/3di_substmat.txt
Reading model parameters from file data/3di/3di_substmat.txt
Reading model parameters from file data/3di/3di_substmat.txt
Reading model parameters from file data/3di/3di_substmat.txt
Reading model parameters from file data/3di/3di_substmat.txt
Reading model parameters from file data/3di/3di_substmat.txt
Reading model parameters from file data/3di/3di_substmat.txt
Reading model parameters from file data/3di/3di_substmat.txt
Reading model parameters from file data/3di/3di_substmat.txt
Reading model parameters from file data/3di/3di_substmat.txt
Reading model parameters from file data/3di/3di_substmat.txt
Reading model parameters from file data/3di/3di_substmat.txt
Reading model parameters from file data/3di/3di_substmat.txt
Reading model parameters from file data/3di/3di_substmat.txt
Reading model parameters from file data/3di/3di_substmat.txt
Reading model parameters from file data/3di/3di_substmat.txt
Reading model parameters from file data/3di/3di_substmat.txt
800 samples done
Reading model parameters from file data/3di/3di_substmat.txt
Reading model parameters from file data/3di/3di_substmat.txt
Reading model parameters from file data/3di/3di_substmat.txt
Reading model parameters from file data/3di/3di_substmat.txt
Reading model parameters from file data/3di/3di_substmat.txt
Reading model parameters from file data/3di/3di_substmat.txt
Reading model parameters from file data/3di/3di_substmat.txt
Reading model parameters from file data/3di/3di_substmat.txt
Reading model parameters from file data/3di/3di_substmat.txt
Reading model parameters from file data/3di/3di_substmat.txt
Reading model parameters from file data/3di/3di_substmat.txt
Reading model parameters from file data/3di/3di_substmat.txt
Reading model parameters from file data/3di/3di_substmat.txt
Reading model parameters from file data/3di/3di_substmat.txt
Reading model parameters from file data/3di/3di_substmat.txt
Reading model parameters from file data/3di/3di_substmat.txt
Reading model parameters from file data/3di/3di_substmat.txt
Reading model parameters from file data/3di/3di_substmat.txt
Reading model parameters from file data/3di/3di_substmat.txt
Reading model parameters from file data/3di/3di_substmat.txt
Reading model parameters from file data/3di/3di_substmat.txt
Reading model parameters from file data/3di/3di_substmat.txt
Reading model parameters from file data/3di/3di_substmat.txt
Reading model parameters from file data/3di/3di_substmat.txt
Reading model parameters from file data/3di/3di_substmat.txt
Reading model parameters from file data/3di/3di_substmat.txt
Reading model parameters from file data/3di/3di_substmat.txt
Reading model parameters from file data/3di/3di_substmat.txt
Reading model parameters from file data/3di/3di_substmat.txt
Reading model parameters from file data/3di/3di_substmat.txt
Reading model parameters from file data/3di/3di_substmat.txt
Reading model parameters from file data/3di/3di_substmat.txt
Reading model parameters from file data/3di/3di_substmat.txt
Reading model parameters from file data/3di/3di_substmat.txt
Reading model parameters from file data/3di/3di_substmat.txt
Reading model parameters from file data/3di/3di_substmat.txt
Reading model parameters from file data/3di/3di_substmat.txt
Reading model parameters from file data/3di/3di_substmat.txt
Reading model parameters from file data/3di/3di_substmat.txt
Reading model parameters from file data/3di/3di_substmat.txt
Reading model parameters from file data/3di/3di_substmat.txt
Reading model parameters from file data/3di/3di_substmat.txt
Reading model parameters from file data/3di/3di_substmat.txt
Reading model parameters from file data/3di/3di_substmat.txt
Reading model parameters from file data/3di/3di_substmat.txt
Reading model parameters from file data/3di/3di_substmat.txt
Reading model parameters from file data/3di/3di_substmat.txt
Reading model parameters from file data/3di/3di_substmat.txt
Reading model parameters from file data/3di/3di_substmat.txt
Reading model parameters from file data/3di/3di_substmat.txt
Reading model parameters from file data/3di/3di_substmat.txt
Reading model parameters from file data/3di/3di_substmat.txt
Reading model parameters from file data/3di/3di_substmat.txt
Reading model parameters from file data/3di/3di_substmat.txt
Reading model parameters from file data/3di/3di_substmat.txt
Reading model parameters from file data/3di/3di_substmat.txt
Reading model parameters from file data/3di/3di_substmat.txt
Reading model parameters from file data/3di/3di_substmat.txt
Reading model parameters from file data/3di/3di_substmat.txt
Reading model parameters from file data/3di/3di_substmat.txt
Reading model parameters from file data/3di/3di_substmat.txt
Reading model parameters from file data/3di/3di_substmat.txt
Reading model parameters from file data/3di/3di_substmat.txt
Reading model parameters from file data/3di/3di_substmat.txt
Reading model parameters from file data/3di/3di_substmat.txt
Reading model parameters from file data/3di/3di_substmat.txt
Reading model parameters from file data/3di/3di_substmat.txt
Reading model parameters from file data/3di/3di_substmat.txt
Reading model parameters from file data/3di/3di_substmat.txt
Reading model parameters from file data/3di/3di_substmat.txt
Reading model parameters from file data/3di/3di_substmat.txt
Reading model parameters from file data/3di/3di_substmat.txt
Reading model parameters from file data/3di/3di_substmat.txt
Reading model parameters from file data/3di/3di_substmat.txt
Reading model parameters from file data/3di/3di_substmat.txt
Reading model parameters from file data/3di/3di_substmat.txt
Reading model parameters from file data/3di/3di_substmat.txt
Reading model parameters from file data/3di/3di_substmat.txt
Reading model parameters from file data/3di/3di_substmat.txt
Reading model parameters from file data/3di/3di_substmat.txt
Reading model parameters from file data/3di/3di_substmat.txt
Reading model parameters from file data/3di/3di_substmat.txt
Reading model parameters from file data/3di/3di_substmat.txt
Reading model parameters from file data/3di/3di_substmat.txt
Reading model parameters from file data/3di/3di_substmat.txt
Reading model parameters from file data/3di/3di_substmat.txt
Reading model parameters from file data/3di/3di_substmat.txt
Reading model parameters from file data/3di/3di_substmat.txt
Reading model parameters from file data/3di/3di_substmat.txt
Reading model parameters from file data/3di/3di_substmat.txt
Reading model parameters from file data/3di/3di_substmat.txt
Reading model parameters from file data/3di/3di_substmat.txt
Reading model parameters from file data/3di/3di_substmat.txt
Reading model parameters from file data/3di/3di_substmat.txt
Reading model parameters from file data/3di/3di_substmat.txt
Reading model parameters from file data/3di/3di_substmat.txt
Reading model parameters from file data/3di/3di_substmat.txt
Reading model parameters from file data/3di/3di_substmat.txt
Reading model parameters from file data/3di/3di_substmat.txt
Reading model parameters from file data/3di/3di_substmat.txt
900 samples done
Reading model parameters from file data/3di/3di_substmat.txt
Reading model parameters from file data/3di/3di_substmat.txt
Reading model parameters from file data/3di/3di_substmat.txt
Reading model parameters from file data/3di/3di_substmat.txt
Reading model parameters from file data/3di/3di_substmat.txt
Reading model parameters from file data/3di/3di_substmat.txt
Reading model parameters from file data/3di/3di_substmat.txt
Reading model parameters from file data/3di/3di_substmat.txt
Reading model parameters from file data/3di/3di_substmat.txt
Reading model parameters from file data/3di/3di_substmat.txt
Reading model parameters from file data/3di/3di_substmat.txt
Reading model parameters from file data/3di/3di_substmat.txt
Reading model parameters from file data/3di/3di_substmat.txt
Reading model parameters from file data/3di/3di_substmat.txt
Reading model parameters from file data/3di/3di_substmat.txt
Reading model parameters from file data/3di/3di_substmat.txt
Reading model parameters from file data/3di/3di_substmat.txt
Reading model parameters from file data/3di/3di_substmat.txt
Reading model parameters from file data/3di/3di_substmat.txt
Reading model parameters from file data/3di/3di_substmat.txt
Reading model parameters from file data/3di/3di_substmat.txt
Reading model parameters from file data/3di/3di_substmat.txt
Reading model parameters from file data/3di/3di_substmat.txt
Reading model parameters from file data/3di/3di_substmat.txt
Reading model parameters from file data/3di/3di_substmat.txt
Reading model parameters from file data/3di/3di_substmat.txt
Reading model parameters from file data/3di/3di_substmat.txt
Reading model parameters from file data/3di/3di_substmat.txt
Reading model parameters from file data/3di/3di_substmat.txt
Reading model parameters from file data/3di/3di_substmat.txt
Reading model parameters from file data/3di/3di_substmat.txt
Reading model parameters from file data/3di/3di_substmat.txt
Reading model parameters from file data/3di/3di_substmat.txt
Reading model parameters from file data/3di/3di_substmat.txt
Reading model parameters from file data/3di/3di_substmat.txt
Reading model parameters from file data/3di/3di_substmat.txt
Reading model parameters from file data/3di/3di_substmat.txt
Reading model parameters from file data/3di/3di_substmat.txt
Reading model parameters from file data/3di/3di_substmat.txt
Reading model parameters from file data/3di/3di_substmat.txt
Reading model parameters from file data/3di/3di_substmat.txt
Reading model parameters from file data/3di/3di_substmat.txt
Reading model parameters from file data/3di/3di_substmat.txt
Reading model parameters from file data/3di/3di_substmat.txt
Reading model parameters from file data/3di/3di_substmat.txt
Reading model parameters from file data/3di/3di_substmat.txt
Reading model parameters from file data/3di/3di_substmat.txt
Reading model parameters from file data/3di/3di_substmat.txt
Reading model parameters from file data/3di/3di_substmat.txt
Reading model parameters from file data/3di/3di_substmat.txt
Reading model parameters from file data/3di/3di_substmat.txt
Reading model parameters from file data/3di/3di_substmat.txt
Reading model parameters from file data/3di/3di_substmat.txt
Reading model parameters from file data/3di/3di_substmat.txt
Reading model parameters from file data/3di/3di_substmat.txt
Reading model parameters from file data/3di/3di_substmat.txt
Reading model parameters from file data/3di/3di_substmat.txt
Reading model parameters from file data/3di/3di_substmat.txt
Reading model parameters from file data/3di/3di_substmat.txt
Reading model parameters from file data/3di/3di_substmat.txt
Reading model parameters from file data/3di/3di_substmat.txt
Reading model parameters from file data/3di/3di_substmat.txt
Reading model parameters from file data/3di/3di_substmat.txt
Reading model parameters from file data/3di/3di_substmat.txt
Reading model parameters from file data/3di/3di_substmat.txt
Reading model parameters from file data/3di/3di_substmat.txt
Reading model parameters from file data/3di/3di_substmat.txt
Reading model parameters from file data/3di/3di_substmat.txt
Reading model parameters from file data/3di/3di_substmat.txt
Reading model parameters from file data/3di/3di_substmat.txt
Reading model parameters from file data/3di/3di_substmat.txt
Reading model parameters from file data/3di/3di_substmat.txt
Reading model parameters from file data/3di/3di_substmat.txt
Reading model parameters from file data/3di/3di_substmat.txt
Reading model parameters from file data/3di/3di_substmat.txt
Reading model parameters from file data/3di/3di_substmat.txt
Reading model parameters from file data/3di/3di_substmat.txt
Reading model parameters from file data/3di/3di_substmat.txt
Reading model parameters from file data/3di/3di_substmat.txt
Reading model parameters from file data/3di/3di_substmat.txt
Reading model parameters from file data/3di/3di_substmat.txt
Reading model parameters from file data/3di/3di_substmat.txt
Reading model parameters from file data/3di/3di_substmat.txt
Reading model parameters from file data/3di/3di_substmat.txt
Reading model parameters from file data/3di/3di_substmat.txt
Reading model parameters from file data/3di/3di_substmat.txt
Reading model parameters from file data/3di/3di_substmat.txt
Reading model parameters from file data/3di/3di_substmat.txt
Reading model parameters from file data/3di/3di_substmat.txt
Reading model parameters from file data/3di/3di_substmat.txt
Reading model parameters from file data/3di/3di_substmat.txt
Reading model parameters from file data/3di/3di_substmat.txt
Reading model parameters from file data/3di/3di_substmat.txt
Reading model parameters from file data/3di/3di_substmat.txt
Reading model parameters from file data/3di/3di_substmat.txt
Reading model parameters from file data/3di/3di_substmat.txt
Reading model parameters from file data/3di/3di_substmat.txt
Reading model parameters from file data/3di/3di_substmat.txt
Reading model parameters from file data/3di/3di_substmat.txt
Reading model parameters from file data/3di/3di_substmat.txt
1000 samples done
Total 1000 ufboot trees refined
TREE SEARCH COMPLETED AFTER 491 ITERATIONS / Time: 4h:44m:38s

--------------------------------------------------------------------
|                    FINALIZING TREE SEARCH                        |
--------------------------------------------------------------------
Performs final model parameters optimization
Estimate model parameters (epsilon = 0.010)
Initial log-likelihood: -185669.932
Current log-likelihood at step 1: -185669.932
Partition-specific rates:  1.203 0.797
Parameters optimization took 0 rounds (0.923 sec)

Partition information was printed to results/seq_tree/pif1_aa3di_supported.best_model.nex
BEST SCORE FOUND : -185669.932

Testing tree branches by SH-like aLRT with 1000 replicates...
Alternative NNI shows better log-likelihood -185669.853 > -185669.932
Alternative NNI shows better log-likelihood -185669.455 > -185669.932
Alternative NNI shows better log-likelihood -185668.271 > -185669.932
Alternative NNI shows better log-likelihood -185669.889 > -185669.932
Alternative NNI shows better log-likelihood -185669.818 > -185669.932
Alternative NNI shows better log-likelihood -185669.516 > -185669.932
Alternative NNI shows better log-likelihood -185669.917 > -185669.932
2.301 sec.
Creating bootstrap support values...
Split supports printed to NEXUS file results/seq_tree/pif1_aa3di_supported.splits.nex
Total tree length: 113.207

Total number of iterations: 491
CPU time used for tree search: 31553.096 sec (8h:45m:53s)
Wall-clock time used for tree search: 16949.464 sec (4h:42m:29s)
Total CPU time used: 31919.527 sec (8h:51m:59s)
Total wall-clock time used: 17084.741 sec (4h:44m:44s)
UFBoot trees printed to results/seq_tree/pif1_aa3di_supported.ufboot

Computing bootstrap consensus tree...
Reading input file results/seq_tree/pif1_aa3di_supported.splits.nex...
957 taxa and 19352 splits.
Consensus tree written to results/seq_tree/pif1_aa3di_supported.contree
Reading input trees file results/seq_tree/pif1_aa3di_supported.contree
Log-likelihood of consensus tree: -185679.767
Identifying sites to remove: done in 0.00069499 secs using 391.1% CPU

Analysis results written to: 
  IQ-TREE report:                results/seq_tree/pif1_aa3di_supported.iqtree
  Maximum-likelihood tree:       results/seq_tree/pif1_aa3di_supported.treefile
  Likelihood distances:          results/seq_tree/pif1_aa3di_supported.mldist

Ultrafast bootstrap approximation results written to:
  Split support values:          results/seq_tree/pif1_aa3di_supported.splits.nex
  Consensus tree:                results/seq_tree/pif1_aa3di_supported.contree
  UFBoot trees:                  results/seq_tree/pif1_aa3di_supported.ufboot
  Screen log file:               results/seq_tree/pif1_aa3di_supported.log

Date and Time: Thu Jun 18 06:11:36 2026
