accession,gene,organism,taxid,subphylum,class,order,family,genus,length,reviewed,structure_source,afdb_version,mean_plddt,is_reference_proteome,structure_path,paralog_label
P07271,PIF1,Saccharomyces cerevisiae (strain ATCC 204508 / S288c) (Baker's yeast),559292,Saccharomycotina,Saccharomycetes,Saccharomycetales,Saccharomycetaceae,Saccharomyces,859,reviewed,AFDB,6,67.19,True,/Users/spencergray/Desktop/pif1-foldtree/data/structures/afdb/AF-P07271-F1-model_v6.cif,
P38766,RRM3,Saccharomyces cerevisiae (strain ATCC 204508 / S288c) (Baker's yeast),559292,Saccharomycotina,Saccharomycetes,Saccharomycetales,Saccharomycetaceae,Saccharomyces,723,reviewed,AFDB,6,68.75,True,/Users/spencergray/Desktop/pif1-foldtree/data/structures/afdb/AF-P38766-F1-model_v6.cif,
Q59RQ0,PIF1,Candida albicans (strain SC5314 / ATCC MYA-2876) (Yeast),237561,Saccharomycotina,Pichiomycetes,Serinales,Debaryomycetaceae,Candida,906,reviewed,AFDB,6,60.41,True,/Users/spencergray/Desktop/pif1-foldtree/data/structures/afdb/AF-Q59RQ0-F1-model_v6.cif,
Q9UUA2,pfh1,Schizosaccharomyces pombe (strain 972 / ATCC 24843) (Fission yeast),284812,Taphrinomycotina,Schizosaccharomycetes,Schizosaccharomycetales,Schizosaccharomycetaceae,Schizosaccharomyces,805,reviewed,AFDB,6,63.94,True,/Users/spencergray/Desktop/pif1-foldtree/data/structures/afdb/AF-Q9UUA2-F1-model_v6.cif,
Q5AXT5,pif1,Emericella nidulans (strain FGSC A4 / ATCC 38163 / CBS 112.46 / NRRL 194 / M139) (Aspergillus nidulans),227321,Pezizomycotina,Eurotiomycetes,Eurotiales,Aspergillaceae,Aspergillus,745,reviewed,AFDB,6,67.25,True,/Users/spencergray/Desktop/pif1-foldtree/data/structures/afdb/AF-Q5AXT5-F1-model_v6.cif,
A0A2P7YPG7,PIF1,Candidozyma pseudohaemuli,418784,Saccharomycotina,Pichiomycetes,Serinales,Metschnikowiaceae,Candidozyma,787,unreviewed,AFDB,6,65.75,True,/Users/spencergray/Desktop/pif1-foldtree/data/structures/afdb/AF-A0A2P7YPG7-F1-model_v6.cif,
C4R0P2,PIF1,Komagataella phaffii (strain GS115 / ATCC 20864) (Yeast) (Pichia pastoris),644223,Saccharomycotina,Pichiomycetes,Pichiales,Pichiaceae,Komagataella,797,unreviewed,AFDB,6,64.62,True,/Users/spencergray/Desktop/pif1-foldtree/data/structures/afdb/AF-C4R0P2-F1-model_v6.cif,
G0V5V7,NCAS0A02870,Naumovozyma castellii (Yeast) (Saccharomyces castellii),27288,Saccharomycotina,Saccharomycetes,Saccharomycetales,Saccharomycetaceae,Naumovozyma,870,unreviewed,AFDB,6,61.94,True,/Users/spencergray/Desktop/pif1-foldtree/data/structures/afdb/AF-G0V5V7-F1-model_v6.cif,
G8BQC5,TPHA0B00500,Tetrapisispora phaffii (strain ATCC 24235 / CBS 4417 / NBRC 1672 / NRRL Y-8282 / UCD 70-5) (Yeast) (Fabospora phaffii),1071381,Saccharomycotina,Saccharomycetes,Saccharomycetales,Saccharomycetaceae,Tetrapisispora,948,unreviewed,AFDB,6,60.19,True,/Users/spencergray/Desktop/pif1-foldtree/data/structures/afdb/AF-G8BQC5-F1-model_v6.cif,
G8BK92,PIF1,Candida parapsilosis (strain CDC 317 / ATCC MYA-4646) (Yeast) (Monilia parapsilosis),578454,Saccharomycotina,Pichiomycetes,Serinales,Debaryomycetaceae,Candida,797,unreviewed,AFDB,6,60.78,True,/Users/spencergray/Desktop/pif1-foldtree/data/structures/afdb/AF-G8BK92-F1-model_v6.cif,
I2H566,TBLA0E04660,Henningerozyma blattae (strain ATCC 34711 / CBS 6284 / DSM 70876 / NBRC 10599 / NRRL Y-10934 / UCD 77-7) (Yeast) (Tetrapisispora blattae),1071380,Saccharomycotina,Saccharomycetes,Saccharomycetales,Saccharomycetaceae,Henningerozyma,854,unreviewed,AFDB,6,63.31,True,/Users/spencergray/Desktop/pif1-foldtree/data/structures/afdb/AF-I2H566-F1-model_v6.cif,
W6MNR6,PIF1,Kuraishia capsulata CBS 1993,1382522,Saccharomycotina,Pichiomycetes,Pichiales,Pichiaceae,Kuraishia,765,unreviewed,AFDB,6,65.62,True,/Users/spencergray/Desktop/pif1-foldtree/data/structures/afdb/AF-W6MNR6-F1-model_v6.cif,
G0WAI2,NDAI0D04800,Naumovozyma dairenensis (strain ATCC 10597 / BCRC 20456 / CBS 421 / NBRC 0211 / NRRL Y-12639) (Saccharomyces dairenensis),1071378,Saccharomycotina,Saccharomycetes,Saccharomycetales,Saccharomycetaceae,Naumovozyma,854,unreviewed,AFDB,6,63.06,True,/Users/spencergray/Desktop/pif1-foldtree/data/structures/afdb/AF-G0WAI2-F1-model_v6.cif,
G8ZST6,TDEL0D00960,Torulaspora delbrueckii (Yeast) (Candida colliculosa),4950,Saccharomycotina,Saccharomycetes,Saccharomycetales,Saccharomycetaceae,Torulaspora,949,unreviewed,AFDB,6,59.78,True,/Users/spencergray/Desktop/pif1-foldtree/data/structures/afdb/AF-G8ZST6-F1-model_v6.cif,
Q6FKI9,PIF1,Candida glabrata (strain ATCC 2001 / BCRC 20586 / JCM 3761 / NBRC 0622 / NRRL Y-65 / CBS 138) (Yeast) (Nakaseomyces glabratus),284593,Saccharomycotina,Saccharomycetes,Saccharomycetales,Saccharomycetaceae,Nakaseomyces,841,unreviewed,AFDB,6,65.25,True,/Users/spencergray/Desktop/pif1-foldtree/data/structures/afdb/AF-Q6FKI9-F1-model_v6.cif,
S9X0K1,PIF1,Schizosaccharomyces cryophilus (strain OY26 / ATCC MYA-4695 / CBS 11777 / NBRC 106824 / NRRL Y48691) (Fission yeast),653667,Taphrinomycotina,Schizosaccharomycetes,Schizosaccharomycetales,Schizosaccharomycetaceae,Schizosaccharomyces,788,unreviewed,AFDB,6,62.66,True,/Users/spencergray/Desktop/pif1-foldtree/data/structures/afdb/AF-S9X0K1-F1-model_v6.cif,
A0A0C7N4Y2,PIF1,Lachancea lanzarotensis,1245769,Saccharomycotina,Saccharomycetes,Saccharomycetales,Saccharomycetaceae,Lachancea,864,unreviewed,AFDB,6,63.97,True,/Users/spencergray/Desktop/pif1-foldtree/data/structures/afdb/AF-A0A0C7N4Y2-F1-model_v6.cif,
A0A0W4ZHZ4,PIF1,Pneumocystis carinii (strain B80) (Rat pneumocystis pneumonia agent) (Pneumocystis carinii f. sp. carinii),1408658,Taphrinomycotina,Pneumocystomycetes,Pneumocystales,Pneumocystaceae,Pneumocystis,787,unreviewed,AFDB,6,62.94,True,/Users/spencergray/Desktop/pif1-foldtree/data/structures/afdb/AF-A0A0W4ZHZ4-F1-model_v6.cif,
A0A1G4K4H6,PIF1,Lachancea dasiensis,1072105,Saccharomycotina,Saccharomycetes,Saccharomycetales,Saccharomycetaceae,Lachancea,886,unreviewed,AFDB,6,62.88,True,/Users/spencergray/Desktop/pif1-foldtree/data/structures/afdb/AF-A0A1G4K4H6-F1-model_v6.cif,
Q6BQK7,PIF1,Debaryomyces hansenii (strain ATCC 36239 / CBS 767 / BCRC 21394 / JCM 1990 / NBRC 0083 / IGC 2968) (Yeast) (Torulaspora hansenii),284592,Saccharomycotina,Pichiomycetes,Serinales,Debaryomycetaceae,Debaryomyces,832,unreviewed,AFDB,6,63.5,True,/Users/spencergray/Desktop/pif1-foldtree/data/structures/afdb/AF-Q6BQK7-F1-model_v6.cif,
S9PVT1,PIF1,Schizosaccharomyces octosporus (strain yFS286) (Fission yeast) (Octosporomyces octosporus),483514,Taphrinomycotina,Schizosaccharomycetes,Schizosaccharomycetales,Schizosaccharomycetaceae,Schizosaccharomyces,788,unreviewed,AFDB,6,62.09,True,/Users/spencergray/Desktop/pif1-foldtree/data/structures/afdb/AF-S9PVT1-F1-model_v6.cif,
W1QEW7,PIF1,Ogataea parapolymorpha (strain ATCC 26012 / BCRC 20466 / JCM 22074 / NRRL Y-7560 / DL-1) (Yeast) (Hansenula polymorpha),871575,Saccharomycotina,Pichiomycetes,Pichiales,Pichiaceae,Ogataea,826,unreviewed,AFDB,6,66.25,True,/Users/spencergray/Desktop/pif1-foldtree/data/structures/afdb/AF-W1QEW7-F1-model_v6.cif,
A0A0W4ZNJ0,PIF1,Pneumocystis jirovecii (strain RU7) (Human pneumocystis pneumonia agent),1408657,Taphrinomycotina,Pneumocystomycetes,Pneumocystales,Pneumocystaceae,Pneumocystis,811,unreviewed,AFDB,6,60.44,True,/Users/spencergray/Desktop/pif1-foldtree/data/structures/afdb/AF-A0A0W4ZNJ0-F1-model_v6.cif,
A5DHA1,PIF1,Meyerozyma guilliermondii (strain ATCC 6260 / CBS 566 / DSM 6381 / JCM 1539 / NBRC 10279 / NRRL Y-324) (Yeast) (Candida guilliermondii),294746,Saccharomycotina,Pichiomycetes,Serinales,Debaryomycetaceae,Meyerozyma,722,unreviewed,AFDB,6,68.31,True,/Users/spencergray/Desktop/pif1-foldtree/data/structures/afdb/AF-A5DHA1-F1-model_v6.cif,
B6K513,pfh1,Schizosaccharomyces japonicus (strain yFS275 / FY16936) (Fission yeast),402676,Taphrinomycotina,Schizosaccharomycetes,Schizosaccharomycetales,Schizosaccharomycetaceae,Schizosaccharomyces,807,unreviewed,AFDB,6,62.41,True,/Users/spencergray/Desktop/pif1-foldtree/data/structures/afdb/AF-B6K513-F1-model_v6.cif,
G8JMQ5,PIF1,Eremothecium cymbalariae (strain CBS 270.75 / DBVPG 7215 / KCTC 17166 / NRRL Y-17582) (Yeast),931890,Saccharomycotina,Saccharomycetes,Saccharomycetales,Saccharomycetaceae,Eremothecium,884,unreviewed,AFDB,6,61.28,True,/Users/spencergray/Desktop/pif1-foldtree/data/structures/afdb/AF-G8JMQ5-F1-model_v6.cif,
H2AZM3,KAFR0I00420,Kazachstania africana (strain ATCC 22294 / BCRC 22015 / CBS 2517 / CECT 1963 / NBRC 1671 / NRRL Y-8276) (Yeast) (Kluyveromyces africanus),1071382,Saccharomycotina,Saccharomycetes,Saccharomycetales,Saccharomycetaceae,Kazachstania,823,unreviewed,AFDB,6,64.0,True,/Users/spencergray/Desktop/pif1-foldtree/data/structures/afdb/AF-H2AZM3-F1-model_v6.cif,
J7S6X7,KNAG0E03960,Huiozyma naganishii (strain ATCC MYA-139 / BCRC 22969 / CBS 8797 / KCTC 17520 / NBRC 10181 / NCYC 3082 / Yp74L-3) (Yeast) (Kazachstania naganishii),1071383,Saccharomycotina,Saccharomycetes,Saccharomycetales,Saccharomycetaceae,Huiozyma,853,unreviewed,AFDB,6,62.81,True,/Users/spencergray/Desktop/pif1-foldtree/data/structures/afdb/AF-J7S6X7-F1-model_v6.cif,
M7P7M8,PIF1,Pneumocystis murina (strain B123) (Mouse pneumocystis pneumonia agent) (Pneumocystis carinii f. sp. muris),1069680,Taphrinomycotina,Pneumocystomycetes,Pneumocystales,Pneumocystaceae,Pneumocystis,801,unreviewed,AFDB,6,62.56,True,/Users/spencergray/Desktop/pif1-foldtree/data/structures/afdb/AF-M7P7M8-F1-model_v6.cif,
A0A066XBE3,PIF1,Colletotrichum sublineola (Sorghum anthracnose fungus),1173701,Pezizomycotina,Sordariomycetes,Glomerellales,Glomerellaceae,Colletotrichum,844,unreviewed,AFDB,6,62.12,True,/Users/spencergray/Desktop/pif1-foldtree/data/structures/afdb/AF-A0A066XBE3-F1-model_v6.cif,
A0A098E1Q1,PIF1,Gibberella zeae (strain ATCC MYA-4620 / CBS 123657 / FGSC 9075 / NRRL 31084 / PH-1) (Wheat head blight fungus) (Fusarium graminearum),229533,Pezizomycotina,Sordariomycetes,Hypocreales,Nectriaceae,Fusarium,872,unreviewed,AFDB,6,59.94,True,/Users/spencergray/Desktop/pif1-foldtree/data/structures/afdb/AF-A0A098E1Q1-F1-model_v6.cif,
A0A0A8L254,PIF1,Kluyveromyces dobzhanskii CBS 2104,1427455,Saccharomycotina,Saccharomycetes,Saccharomycetales,Saccharomycetaceae,Kluyveromyces,823,unreviewed,AFDB,6,63.94,True,/Users/spencergray/Desktop/pif1-foldtree/data/structures/afdb/AF-A0A0A8L254-F1-model_v6.cif,
A0A0A8L495,RRM3,Kluyveromyces dobzhanskii CBS 2104,1427455,Saccharomycotina,Saccharomycetes,Saccharomycetales,Saccharomycetaceae,Kluyveromyces,711,unreviewed,AFDB,6,67.19,True,/Users/spencergray/Desktop/pif1-foldtree/data/structures/afdb/AF-A0A0A8L495-F1-model_v6.cif,
A0A0D2HCP1,PIF1,Cladophialophora bantiana (strain ATCC 10958 / CBS 173.52 / CDC B-1940 / NIH 8579) (Xylohypha bantiana),1442370,Pezizomycotina,Eurotiomycetes,Chaetothyriales,Herpotrichiellaceae,Cladophialophora,771,unreviewed,AFDB,6,66.0,True,/Users/spencergray/Desktop/pif1-foldtree/data/structures/afdb/AF-A0A0D2HCP1-F1-model_v6.cif,
A0A0D2IYR0,PIF1,Rhinocladiella mackenziei CBS 650.93,1442369,Pezizomycotina,Eurotiomycetes,Chaetothyriales,Herpotrichiellaceae,Rhinocladiella,766,unreviewed,AFDB,6,65.69,True,/Users/spencergray/Desktop/pif1-foldtree/data/structures/afdb/AF-A0A0D2IYR0-F1-model_v6.cif,
A0A0E9NJD1,PIF1,Saitoella complicata (strain BCRC 22490 / CBS 7301 / JCM 7358 / NBRC 10748 / NRRL Y-17804),698492,Taphrinomycotina,,,,Saitoella,951,unreviewed,AFDB,6,59.91,True,/Users/spencergray/Desktop/pif1-foldtree/data/structures/afdb/AF-A0A0E9NJD1-F1-model_v6.cif,
A0A0F8UK25,PIF1,Aspergillus ochraceoroseus,138278,Pezizomycotina,Eurotiomycetes,Eurotiales,Aspergillaceae,Aspergillus,753,unreviewed,AFDB,6,66.06,True,/Users/spencergray/Desktop/pif1-foldtree/data/structures/afdb/AF-A0A0F8UK25-F1-model_v6.cif,
A0A0G2G6N1,PIF1,Phaeomoniella chlamydospora (Phaeoacremonium chlamydosporum),158046,Pezizomycotina,Eurotiomycetes,Phaeomoniellales,Phaeomoniellaceae,Phaeomoniella,754,unreviewed,AFDB,6,65.38,True,/Users/spencergray/Desktop/pif1-foldtree/data/structures/afdb/AF-A0A0G2G6N1-F1-model_v6.cif,
A0A0G4N7A9,PIF1,Verticillium longisporum (Verticillium dahliae var. longisporum),100787,Pezizomycotina,Sordariomycetes,Glomerellales,Plectosphaerellaceae,Verticillium,876,unreviewed,AFDB,6,60.91,True,/Users/spencergray/Desktop/pif1-foldtree/data/structures/afdb/AF-A0A0G4N7A9-F1-model_v6.cif,
A0A0G4PIW6,PIF1,Penicillium camemberti (strain FM 013),1429867,Pezizomycotina,Eurotiomycetes,Eurotiales,Aspergillaceae,Penicillium,761,unreviewed,AFDB,6,64.5,True,/Users/spencergray/Desktop/pif1-foldtree/data/structures/afdb/AF-A0A0G4PIW6-F1-model_v6.cif,
A0A0X8HVB8,PIF1,Eremothecium sinecaudum,45286,Saccharomycotina,Saccharomycetes,Saccharomycetales,Saccharomycetaceae,Eremothecium,834,unreviewed,AFDB,6,64.56,True,/Users/spencergray/Desktop/pif1-foldtree/data/structures/afdb/AF-A0A0X8HVB8-F1-model_v6.cif,
A0A135UEW1,PIF1,Colletotrichum salicis,1209931,Pezizomycotina,Sordariomycetes,Glomerellales,Glomerellaceae,Colletotrichum,835,unreviewed,AFDB,6,62.62,True,/Users/spencergray/Desktop/pif1-foldtree/data/structures/afdb/AF-A0A135UEW1-F1-model_v6.cif,
A0A162ZNR2,pif1,Didymella rabiei (Chickpea ascochyta blight fungus) (Mycosphaerella rabiei),5454,Pezizomycotina,Dothideomycetes,Pleosporales,Didymellaceae,Ascochyta,802,unreviewed,AFDB,6,63.91,True,/Users/spencergray/Desktop/pif1-foldtree/data/structures/afdb/AF-A0A162ZNR2-F1-model_v6.cif,
A0A166QWJ6,PIF1,Colletotrichum incanum (Soybean anthracnose fungus),1573173,Pezizomycotina,Sordariomycetes,Glomerellales,Glomerellaceae,Colletotrichum,889,unreviewed,AFDB,6,60.5,True,/Users/spencergray/Desktop/pif1-foldtree/data/structures/afdb/AF-A0A166QWJ6-F1-model_v6.cif,
A0A167DT29,RRM3,Sugiyamaella lignohabitans,796027,Saccharomycotina,Dipodascomycetes,Dipodascales,Trichomonascaceae,Sugiyamaella,706,unreviewed,AFDB,6,68.88,True,/Users/spencergray/Desktop/pif1-foldtree/data/structures/afdb/AF-A0A167DT29-F1-model_v6.cif,
A0A178CX55,PIF1,Fonsecaea nubica,856822,Pezizomycotina,Eurotiomycetes,Chaetothyriales,Herpotrichiellaceae,Fonsecaea,764,unreviewed,AFDB,6,66.25,True,/Users/spencergray/Desktop/pif1-foldtree/data/structures/afdb/AF-A0A178CX55-F1-model_v6.cif,
A0A178FD44,PIF1,Trichophyton violaceum,34388,Pezizomycotina,Eurotiomycetes,Onygenales,Arthrodermataceae,Trichophyton,760,unreviewed,AFDB,6,65.12,True,/Users/spencergray/Desktop/pif1-foldtree/data/structures/afdb/AF-A0A178FD44-F1-model_v6.cif,
A0A1B2JBB9,PIF1,Komagataella pastoris (Yeast) (Pichia pastoris),4922,Saccharomycotina,Pichiomycetes,Pichiales,Pichiaceae,Komagataella,820,unreviewed,AFDB,6,64.38,True,/Users/spencergray/Desktop/pif1-foldtree/data/structures/afdb/AF-A0A1B2JBB9-F1-model_v6.cif,
A0A1E3B484,PIF1,Aspergillus cristatus (Chinese Fuzhuan brick tea-fermentation fungus) (Eurotium cristatum),573508,Pezizomycotina,Eurotiomycetes,Eurotiales,Aspergillaceae,Aspergillus,720,unreviewed,AFDB,6,67.31,True,/Users/spencergray/Desktop/pif1-foldtree/data/structures/afdb/AF-A0A1E3B484-F1-model_v6.cif,
A0A1F8AAX5,PIF1,Aspergillus bombycis,109264,Pezizomycotina,Eurotiomycetes,Eurotiales,Aspergillaceae,Aspergillus,736,unreviewed,AFDB,6,65.88,True,/Users/spencergray/Desktop/pif1-foldtree/data/structures/afdb/AF-A0A1F8AAX5-F1-model_v6.cif,
A0A1G4B3T3,PIF1,Colletotrichum orchidophilum,1209926,Pezizomycotina,Sordariomycetes,Glomerellales,Glomerellaceae,Colletotrichum,882,unreviewed,AFDB,6,61.09,True,/Users/spencergray/Desktop/pif1-foldtree/data/structures/afdb/AF-A0A1G4B3T3-F1-model_v6.cif,
A0A1G4J9Z3,RRM3,Lachancea mirantina,1230905,Saccharomycotina,Saccharomycetes,Saccharomycetales,Saccharomycetaceae,Lachancea,696,unreviewed,AFDB,6,70.94,True,/Users/spencergray/Desktop/pif1-foldtree/data/structures/afdb/AF-A0A1G4J9Z3-F1-model_v6.cif,
A0A1G4M6R4,RRM3,Lachancea fermentati (Zygosaccharomyces fermentati),4955,Saccharomycotina,Saccharomycetes,Saccharomycetales,Saccharomycetaceae,Lachancea,701,unreviewed,AFDB,6,70.38,True,/Users/spencergray/Desktop/pif1-foldtree/data/structures/afdb/AF-A0A1G4M6R4-F1-model_v6.cif,
A0A1J9QLP1,PIF1,Diplodia corticola,236234,Pezizomycotina,Dothideomycetes,Botryosphaeriales,Botryosphaeriaceae,Diplodia,623,unreviewed,AFDB,6,68.88,True,/Users/spencergray/Desktop/pif1-foldtree/data/structures/afdb/AF-A0A1J9QLP1-F1-model_v6.cif,
A0A1L7WWW9,PIF1,Phialocephala subalpina,576137,Pezizomycotina,Leotiomycetes,Helotiales,Mollisiaceae,Phialocephala,917,unreviewed,AFDB,6,60.25,True,/Users/spencergray/Desktop/pif1-foldtree/data/structures/afdb/AF-A0A1L7WWW9-F1-model_v6.cif,
A0A1V6U152,PIF1,Penicillium steckii,303698,Pezizomycotina,Eurotiomycetes,Eurotiales,Aspergillaceae,Penicillium,771,unreviewed,AFDB,6,63.84,True,/Users/spencergray/Desktop/pif1-foldtree/data/structures/afdb/AF-A0A1V6U152-F1-model_v6.cif,
A0A1W5D893,PIF1,Lasallia pustulata,136370,Pezizomycotina,Lecanoromycetes,Umbilicariales,Umbilicariaceae,Lasallia,865,unreviewed,AFDB,6,61.75,True,/Users/spencergray/Desktop/pif1-foldtree/data/structures/afdb/AF-A0A1W5D893-F1-model_v6.cif,
A0A2A9PT09,PIF1,Ophiocordyceps unilateralis (Zombie-ant fungus) (Torrubia unilateralis),268505,Pezizomycotina,Sordariomycetes,Hypocreales,Ophiocordycipitaceae,Ophiocordyceps,855,unreviewed,AFDB,6,59.91,True,/Users/spencergray/Desktop/pif1-foldtree/data/structures/afdb/AF-A0A2A9PT09-F1-model_v6.cif,
A0A2C5WV42,pif1,Ceratocystis fimbriata CBS 114723,1035309,Pezizomycotina,Sordariomycetes,Microascales,Ceratocystidaceae,Ceratocystis,804,unreviewed,AFDB,6,63.0,True,/Users/spencergray/Desktop/pif1-foldtree/data/structures/afdb/AF-A0A2C5WV42-F1-model_v6.cif,
A0A2C5Z163,PIF1,Ophiocordyceps camponoti-rufipedis,2004952,Pezizomycotina,Sordariomycetes,Hypocreales,Ophiocordycipitaceae,Ophiocordyceps,791,unreviewed,AFDB,6,62.38,True,/Users/spencergray/Desktop/pif1-foldtree/data/structures/afdb/AF-A0A2C5Z163-F1-model_v6.cif,
A0A2G7FQB8,PIF1,Aspergillus arachidicola,656916,Pezizomycotina,Eurotiomycetes,Eurotiales,Aspergillaceae,Aspergillus,736,unreviewed,AFDB,6,66.88,True,/Users/spencergray/Desktop/pif1-foldtree/data/structures/afdb/AF-A0A2G7FQB8-F1-model_v6.cif,
A0A2S4L8F3,PIF1,Tolypocladium paradoxum,94208,Pezizomycotina,Sordariomycetes,Hypocreales,Ophiocordycipitaceae,Tolypocladium,820,unreviewed,AFDB,6,62.19,True,/Users/spencergray/Desktop/pif1-foldtree/data/structures/afdb/AF-A0A2S4L8F3-F1-model_v6.cif,
A0A2S4Q1N6,PIF1,Erysiphe pulchra,225359,Pezizomycotina,Leotiomycetes,Erysiphales,Erysiphaceae,Erysiphe,868,unreviewed,AFDB,6,60.31,True,/Users/spencergray/Desktop/pif1-foldtree/data/structures/afdb/AF-A0A2S4Q1N6-F1-model_v6.cif,
A0A2T0FEC6,PIF1,Wickerhamiella sorbophila,45607,Saccharomycotina,Dipodascomycetes,Dipodascales,Trichomonascaceae,Wickerhamiella,589,unreviewed,AFDB,6,76.88,True,/Users/spencergray/Desktop/pif1-foldtree/data/structures/afdb/AF-A0A2T0FEC6-F1-model_v6.cif,
A0A2U9RAS2,PIF1,Pichia kudriavzevii (Yeast) (Issatchenkia orientalis),4909,Saccharomycotina,Pichiomycetes,Pichiales,Pichiaceae,Pichia,676,unreviewed,AFDB,6,71.56,True,/Users/spencergray/Desktop/pif1-foldtree/data/structures/afdb/AF-A0A2U9RAS2-F1-model_v6.cif,
A0A370TV91,PIF1,Venustampulla echinocandica,2656787,Pezizomycotina,Leotiomycetes,Helotiales,Pleuroascaceae,Venustampulla,872,unreviewed,AFDB,6,61.34,True,/Users/spencergray/Desktop/pif1-foldtree/data/structures/afdb/AF-A0A370TV91-F1-model_v6.cif,
A0A3D8QMU0,PIF1,Aspergillus mulundensis,1810919,Pezizomycotina,Eurotiomycetes,Eurotiales,Aspergillaceae,Aspergillus,750,unreviewed,AFDB,6,66.31,True,/Users/spencergray/Desktop/pif1-foldtree/data/structures/afdb/AF-A0A3D8QMU0-F1-model_v6.cif,
A0A401KJ13,PIF1,Aspergillus awamori (Black koji mold),105351,Pezizomycotina,Eurotiomycetes,Eurotiales,Aspergillaceae,Aspergillus,754,unreviewed,AFDB,6,66.0,True,/Users/spencergray/Desktop/pif1-foldtree/data/structures/afdb/AF-A0A401KJ13-F1-model_v6.cif,
A0A420Y4N6,PIF1,Coniochaeta pulveracea,177199,Pezizomycotina,Sordariomycetes,Coniochaetales,Coniochaetaceae,Coniochaeta,869,unreviewed,AFDB,6,59.72,True,/Users/spencergray/Desktop/pif1-foldtree/data/structures/afdb/AF-A0A420Y4N6-F1-model_v6.cif,
A0A423X8J6,PIF1,Cytospora schulzeri,448051,Pezizomycotina,Sordariomycetes,Diaporthales,Cytosporaceae,Cytospora,755,unreviewed,AFDB,6,63.97,True,/Users/spencergray/Desktop/pif1-foldtree/data/structures/afdb/AF-A0A423X8J6-F1-model_v6.cif,
A0A4P6XHN0,MPUL0A14290,Metschnikowia aff. pulcherrima,2163413,Saccharomycotina,Pichiomycetes,Serinales,Metschnikowiaceae,Metschnikowia,686,unreviewed,AFDB,6,71.75,True,/Users/spencergray/Desktop/pif1-foldtree/data/structures/afdb/AF-A0A4P6XHN0-F1-model_v6.cif,
A0A4Q4SNS4,PIF1,Alternaria arborescens,156630,Pezizomycotina,Dothideomycetes,Pleosporales,Pleosporaceae,Alternaria,782,unreviewed,AFDB,6,64.94,True,/Users/spencergray/Desktop/pif1-foldtree/data/structures/afdb/AF-A0A4Q4SNS4-F1-model_v6.cif,
A0A4Q4SW76,PIF1,Monosporascus ibericus,155417,Pezizomycotina,Sordariomycetes,Xylariales,,Monosporascus,810,unreviewed,AFDB,6,63.25,True,/Users/spencergray/Desktop/pif1-foldtree/data/structures/afdb/AF-A0A4Q4SW76-F1-model_v6.cif,
A0A4R8TC14,pif1,Colletotrichum sidae,1347389,Pezizomycotina,Sordariomycetes,Glomerellales,Glomerellaceae,Colletotrichum,840,unreviewed,AFDB,6,62.5,True,/Users/spencergray/Desktop/pif1-foldtree/data/structures/afdb/AF-A0A4R8TC14-F1-model_v6.cif,
A0A4T0X234,PIF1,Pichia inconspicua,52247,Saccharomycotina,Pichiomycetes,Pichiales,Pichiaceae,Pichia,670,unreviewed,AFDB,6,71.75,True,/Users/spencergray/Desktop/pif1-foldtree/data/structures/afdb/AF-A0A4T0X234-F1-model_v6.cif,
A0A4Z1I1P6,PIF1,Botryotinia narcissicola,278944,Pezizomycotina,Leotiomycetes,Helotiales,Sclerotiniaceae,Botryotinia,910,unreviewed,AFDB,6,61.09,True,/Users/spencergray/Desktop/pif1-foldtree/data/structures/afdb/AF-A0A4Z1I1P6-F1-model_v6.cif,
A0A5E8BJL0,PIF1,Magnusiomyces paraingens,2606893,Saccharomycotina,Dipodascomycetes,Dipodascales,Dipodascaceae,Magnusiomyces,755,unreviewed,AFDB,6,71.12,True,/Users/spencergray/Desktop/pif1-foldtree/data/structures/afdb/AF-A0A5E8BJL0-F1-model_v6.cif,
A0A5M3Z9B9,PIF1,Aspergillus terreus,33178,Pezizomycotina,Eurotiomycetes,Eurotiales,Aspergillaceae,Aspergillus,753,unreviewed,AFDB,6,65.5,True,/Users/spencergray/Desktop/pif1-foldtree/data/structures/afdb/AF-A0A5M3Z9B9-F1-model_v6.cif,
A0A6H0XK98,PIF1,Peltaster fructicola,286661,Pezizomycotina,Dothideomycetes,,,Peltaster,803,unreviewed,AFDB,6,63.09,True,/Users/spencergray/Desktop/pif1-foldtree/data/structures/afdb/AF-A0A6H0XK98-F1-model_v6.cif,
A0A7D8YNF5,pif1_0,Lachnellula cervina,1316786,Pezizomycotina,Leotiomycetes,Helotiales,Lachnaceae,Lachnellula,920,unreviewed,AFDB,6,60.34,True,/Users/spencergray/Desktop/pif1-foldtree/data/structures/afdb/AF-A0A7D8YNF5-F1-model_v6.cif,
A0A8E5HVQ8,PIF1,Ustilaginoidea virens (Rice false smut fungus) (Villosiclava virens),1159556,Pezizomycotina,Sordariomycetes,Hypocreales,Clavicipitaceae,Ustilaginoidea,858,unreviewed,AFDB,6,60.16,True,/Users/spencergray/Desktop/pif1-foldtree/data/structures/afdb/AF-A0A8E5HVQ8-F1-model_v6.cif,
A0A8H3WE31,PIF1,Colletotrichum asianum,702518,Pezizomycotina,Sordariomycetes,Glomerellales,Glomerellaceae,Colletotrichum,853,unreviewed,AFDB,6,62.16,True,/Users/spencergray/Desktop/pif1-foldtree/data/structures/afdb/AF-A0A8H3WE31-F1-model_v6.cif,
A0A8H5T131,PIF1,Fusarium denticulatum,48507,Pezizomycotina,Sordariomycetes,Hypocreales,Nectriaceae,Fusarium,820,unreviewed,AFDB,6,62.16,True,/Users/spencergray/Desktop/pif1-foldtree/data/structures/afdb/AF-A0A8H5T131-F1-model_v6.cif,
A0A8J2T8D0,RRM3,Zygosaccharomyces bailii (strain CLIB 213 / ATCC 58445 / CBS 680 / BCRC 21525 / NBRC 1098 / NCYC 1416 / NRRL Y-2227),1333698,Saccharomycotina,Saccharomycetes,Saccharomycetales,Saccharomycetaceae,Zygosaccharomyces,642,unreviewed,AFDB,6,73.12,True,/Users/spencergray/Desktop/pif1-foldtree/data/structures/afdb/AF-A0A8J2T8D0-F1-model_v6.cif,
A0A8J8WMJ2,PIF1,Penicillium ucsense,2839758,Pezizomycotina,Eurotiomycetes,Eurotiales,Aspergillaceae,Penicillium,727,unreviewed,AFDB,6,67.06,True,/Users/spencergray/Desktop/pif1-foldtree/data/structures/afdb/AF-A0A8J8WMJ2-F1-model_v6.cif,
A0A8K0LFH0,PIF1,Elsinoe batatas,2601811,Pezizomycotina,Dothideomycetes,Myriangiales,Elsinoaceae,Elsinoe,916,unreviewed,AFDB,6,61.28,True,/Users/spencergray/Desktop/pif1-foldtree/data/structures/afdb/AF-A0A8K0LFH0-F1-model_v6.cif,
A0A8T9C083,pif1,Lachnellula suecica,602035,Pezizomycotina,Leotiomycetes,Helotiales,Lachnaceae,Lachnellula,889,unreviewed,AFDB,6,61.41,True,/Users/spencergray/Desktop/pif1-foldtree/data/structures/afdb/AF-A0A8T9C083-F1-model_v6.cif,
A0A9N9L4M2,PIF1,Hymenoscyphus fraxineus,746836,Pezizomycotina,Leotiomycetes,Helotiales,Helotiaceae,Hymenoscyphus,914,unreviewed,AFDB,6,60.28,True,/Users/spencergray/Desktop/pif1-foldtree/data/structures/afdb/AF-A0A9N9L4M2-F1-model_v6.cif,
A0A9P5AP51,PIF1,Fusarium beomiforme,44412,Pezizomycotina,Sordariomycetes,Hypocreales,Nectriaceae,Fusarium,818,unreviewed,AFDB,6,62.31,True,/Users/spencergray/Desktop/pif1-foldtree/data/structures/afdb/AF-A0A9P5AP51-F1-model_v6.cif,
A0A9P5F6D8,pif1-2,Colletotrichum siamense (Anthracnose fungus),690259,Pezizomycotina,Sordariomycetes,Glomerellales,Glomerellaceae,Colletotrichum,853,unreviewed,AFDB,6,62.41,True,/Users/spencergray/Desktop/pif1-foldtree/data/structures/afdb/AF-A0A9P5F6D8-F1-model_v6.cif,
A0A9P5IFU8,PIF1,Botrytis byssoidea,139641,Pezizomycotina,Leotiomycetes,Helotiales,Sclerotiniaceae,Botrytis,910,unreviewed,AFDB,6,60.69,True,/Users/spencergray/Desktop/pif1-foldtree/data/structures/afdb/AF-A0A9P5IFU8-F1-model_v6.cif,
A0A9P7HAM0,PIF1,Fusarium avenaceum,40199,Pezizomycotina,Sordariomycetes,Hypocreales,Nectriaceae,Fusarium,819,unreviewed,AFDB,6,62.28,True,/Users/spencergray/Desktop/pif1-foldtree/data/structures/afdb/AF-A0A9P7HAM0-F1-model_v6.cif,
A0A9P8NYE8,PIF1,Ogataea philodendri,1378263,Saccharomycotina,Pichiomycetes,Pichiales,Pichiaceae,Ogataea,834,unreviewed,AFDB,6,65.44,True,/Users/spencergray/Desktop/pif1-foldtree/data/structures/afdb/AF-A0A9P8NYE8-F1-model_v6.cif,
A0A9P8TS07,PIF1,Trichoderma cornu-damae,654480,Pezizomycotina,Sordariomycetes,Hypocreales,Hypocreaceae,Trichoderma,855,unreviewed,AFDB,6,61.59,True,/Users/spencergray/Desktop/pif1-foldtree/data/structures/afdb/AF-A0A9P8TS07-F1-model_v6.cif,
A0A9Q8LAV6,PIF1,Fulvia fulva (Tomato leaf mold) (Passalora fulva),5499,Pezizomycotina,Dothideomycetes,Mycosphaerellales,Mycosphaerellaceae,Fulvia,911,unreviewed,AFDB,6,60.41,True,/Users/spencergray/Desktop/pif1-foldtree/data/structures/afdb/AF-A0A9Q8LAV6-F1-model_v6.cif,
A0A9Q8QLM5,PIF1,Purpureocillium takamizusanense,2060973,Pezizomycotina,Sordariomycetes,Hypocreales,Ophiocordycipitaceae,Purpureocillium,868,unreviewed,AFDB,6,61.69,True,/Users/spencergray/Desktop/pif1-foldtree/data/structures/afdb/AF-A0A9Q8QLM5-F1-model_v6.cif,
A0A9W9HYZ6,PIF1,Penicillium canariense,189055,Pezizomycotina,Eurotiomycetes,Eurotiales,Aspergillaceae,Penicillium,730,unreviewed,AFDB,6,66.19,True,/Users/spencergray/Desktop/pif1-foldtree/data/structures/afdb/AF-A0A9W9HYZ6-F1-model_v6.cif,
A0A9W9RW94,PIF1,Penicillium brevicompactum,5074,Pezizomycotina,Eurotiomycetes,Eurotiales,Aspergillaceae,Penicillium,754,unreviewed,AFDB,6,64.31,True,/Users/spencergray/Desktop/pif1-foldtree/data/structures/afdb/AF-A0A9W9RW94-F1-model_v6.cif,
A0AAD9T215,PIF1,Diplocarpon rosae,946125,Pezizomycotina,Leotiomycetes,Helotiales,Drepanopezizaceae,Diplocarpon,932,unreviewed,AFDB,6,59.44,True,/Users/spencergray/Desktop/pif1-foldtree/data/structures/afdb/AF-A0AAD9T215-F1-model_v6.cif,
A0AAI9SXC1,PIF1,Candida oxycetoniae,497107,Saccharomycotina,Pichiomycetes,Serinales,Debaryomycetaceae,Candida,638,unreviewed,AFDB,6,75.25,True,/Users/spencergray/Desktop/pif1-foldtree/data/structures/afdb/AF-A0AAI9SXC1-F1-model_v6.cif,
A0AAV9SU16,PIF1,Colletotrichum tabaci,1209068,Pezizomycotina,Sordariomycetes,Glomerellales,Glomerellaceae,Colletotrichum,839,unreviewed,AFDB,6,62.47,True,/Users/spencergray/Desktop/pif1-foldtree/data/structures/afdb/AF-A0AAV9SU16-F1-model_v6.cif,
A0AAV9UWD6,PIF1,Orbilia brochopaga,3140254,Pezizomycotina,Orbiliomycetes,Orbiliales,Orbiliaceae,Orbilia,829,unreviewed,AFDB,6,62.56,True,/Users/spencergray/Desktop/pif1-foldtree/data/structures/afdb/AF-A0AAV9UWD6-F1-model_v6.cif,
A0AB34KML8,pif1,Cladosporium halotolerans,1052096,Pezizomycotina,Dothideomycetes,Cladosporiales,Cladosporiaceae,Cladosporium,895,unreviewed,AFDB,6,61.19,True,/Users/spencergray/Desktop/pif1-foldtree/data/structures/afdb/AF-A0AB34KML8-F1-model_v6.cif,
A0ABN8WKL1,SUVZ15G1840,Saccharomyces uvarum (Yeast) (Saccharomyces bayanus var. uvarum),230603,Saccharomycotina,Saccharomycetes,Saccharomycetales,Saccharomycetaceae,Saccharomyces,731,unreviewed,MISSING_predict_with_AF3,,,,,
A0ABQ8N742,PIF1,Pyricularia grisea (Crabgrass-specific blast fungus) (Magnaporthe grisea),148305,Pezizomycotina,Sordariomycetes,Magnaporthales,Pyriculariaceae,Pyricularia,864,unreviewed,MISSING_predict_with_AF3,,,,,
A0ABQ8WGQ7,PIF1,Penicillium chrysogenum (Penicillium notatum),5076,Pezizomycotina,Eurotiomycetes,Eurotiales,Aspergillaceae,Penicillium,720,unreviewed,MISSING_predict_with_AF3,,,,,
A0ABR2V6U6,PIF1,Seiridium unicorne,138068,Pezizomycotina,Sordariomycetes,Amphisphaeriales,Sporocadaceae,Seiridium,872,unreviewed,MISSING_predict_with_AF3,,,,,
A0ABY6SM04,PIF1,Podospora comata,48703,Pezizomycotina,Sordariomycetes,Sordariales,Podosporaceae,Podospora,835,unreviewed,MISSING_predict_with_AF3,,,,,
B3LLJ4,PIF1,Saccharomyces cerevisiae (strain RM11-1a) (Baker's yeast),285006,Saccharomycotina,Saccharomycetes,Saccharomycetales,Saccharomycetaceae,Saccharomyces,859,unreviewed,AFDB,6,65.31,True,/Users/spencergray/Desktop/pif1-foldtree/data/structures/afdb/AF-B3LLJ4-F1-model_v6.cif,
B6Q6C2,PIF1,Talaromyces marneffei (strain ATCC 18224 / CBS 334.59 / QM 7333) (Penicillium marneffei),441960,Pezizomycotina,Eurotiomycetes,Eurotiales,Trichocomaceae,Talaromyces,802,unreviewed,AFDB,6,62.19,True,/Users/spencergray/Desktop/pif1-foldtree/data/structures/afdb/AF-B6Q6C2-F1-model_v6.cif,
C5DFL7,PIF1,Lachancea thermotolerans (strain ATCC 56472 / CBS 6340 / NRRL Y-8284) (Yeast) (Kluyveromyces thermotolerans),559295,Saccharomycotina,Saccharomycetes,Saccharomycetales,Saccharomycetaceae,Lachancea,899,unreviewed,AFDB,6,61.25,True,/Users/spencergray/Desktop/pif1-foldtree/data/structures/afdb/AF-C5DFL7-F1-model_v6.cif,
C5DM92,RRM3,Lachancea thermotolerans (strain ATCC 56472 / CBS 6340 / NRRL Y-8284) (Yeast) (Kluyveromyces thermotolerans),559295,Saccharomycotina,Saccharomycetes,Saccharomycetales,Saccharomycetaceae,Lachancea,693,unreviewed,AFDB,6,70.56,True,/Users/spencergray/Desktop/pif1-foldtree/data/structures/afdb/AF-C5DM92-F1-model_v6.cif,
C5MAG5,PIF1,Candida tropicalis (strain ATCC MYA-3404 / T1) (Yeast),294747,Saccharomycotina,Pichiomycetes,Serinales,Debaryomycetaceae,Candida,781,unreviewed,AFDB,6,61.59,True,/Users/spencergray/Desktop/pif1-foldtree/data/structures/afdb/AF-C5MAG5-F1-model_v6.cif,
E4V3W1,PIF1,Arthroderma gypseum (strain ATCC MYA-4604 / CBS 118893) (Microsporum gypseum),535722,Pezizomycotina,Eurotiomycetes,Onygenales,Arthrodermataceae,Nannizzia,760,unreviewed,AFDB,6,63.91,True,/Users/spencergray/Desktop/pif1-foldtree/data/structures/afdb/AF-E4V3W1-F1-model_v6.cif,
E9ETX6,PIF1,Metarhizium robertsii (strain ARSEF 23 / ATCC MYA-3075) (Metarhizium anisopliae (strain ARSEF 23)),655844,Pezizomycotina,Sordariomycetes,Hypocreales,Clavicipitaceae,Metarhizium,813,unreviewed,AFDB,6,61.69,True,/Users/spencergray/Desktop/pif1-foldtree/data/structures/afdb/AF-E9ETX6-F1-model_v6.cif,
G4N540,PIF1,Pyricularia oryzae (strain 70-15 / ATCC MYA-4617 / FGSC 8958) (Rice blast fungus) (Magnaporthe oryzae),242507,Pezizomycotina,Sordariomycetes,Magnaporthales,Pyriculariaceae,Pyricularia,864,unreviewed,AFDB,6,60.47,True,/Users/spencergray/Desktop/pif1-foldtree/data/structures/afdb/AF-G4N540-F1-model_v6.cif,
J5JW44,PIF1,Beauveria bassiana (strain ARSEF 2860) (White muscardine disease fungus) (Tritirachium shiotae),655819,Pezizomycotina,Sordariomycetes,Hypocreales,Cordycipitaceae,Beauveria,798,unreviewed,AFDB,6,63.06,True,/Users/spencergray/Desktop/pif1-foldtree/data/structures/afdb/AF-J5JW44-F1-model_v6.cif,
M1WCW3,PIF1,Claviceps purpurea (strain 20.1) (Ergot fungus) (Sphacelia segetum),1111077,Pezizomycotina,Sordariomycetes,Hypocreales,Clavicipitaceae,Claviceps,800,unreviewed,AFDB,6,62.53,True,/Users/spencergray/Desktop/pif1-foldtree/data/structures/afdb/AF-M1WCW3-F1-model_v6.cif,
Q6CEU3,PIF1,Yarrowia lipolytica (strain CLIB 122 / E 150) (Yeast) (Candida lipolytica),284591,Saccharomycotina,Dipodascomycetes,Dipodascales,,Yarrowia,1113,unreviewed,AFDB,6,51.97,True,/Users/spencergray/Desktop/pif1-foldtree/data/structures/afdb/AF-Q6CEU3-F1-model_v6.cif,
W9CKN3,PIF1,Sclerotinia borealis (strain F-4128),1432307,Pezizomycotina,Leotiomycetes,Helotiales,Sclerotiniaceae,Sclerotinia,898,unreviewed,AFDB,6,61.28,True,/Users/spencergray/Desktop/pif1-foldtree/data/structures/afdb/AF-W9CKN3-F1-model_v6.cif,
A0A010SLY8,PIF1,Colletotrichum fioriniae PJ7,1445577,Pezizomycotina,Sordariomycetes,Glomerellales,Glomerellaceae,Colletotrichum,921,unreviewed,AFDB,6,59.25,True,/Users/spencergray/Desktop/pif1-foldtree/data/structures/afdb/AF-A0A010SLY8-F1-model_v6.cif,
A0A0A2KKZ8,PIF1,Penicillium italicum (Blue mold),40296,Pezizomycotina,Eurotiomycetes,Eurotiales,Aspergillaceae,Penicillium,720,unreviewed,AFDB,6,66.31,True,/Users/spencergray/Desktop/pif1-foldtree/data/structures/afdb/AF-A0A0A2KKZ8-F1-model_v6.cif,
A0A0C7N9H1,RRM3,Lachancea lanzarotensis,1245769,Saccharomycotina,Saccharomycetes,Saccharomycetales,Saccharomycetaceae,Lachancea,680,unreviewed,AFDB,6,72.06,True,/Users/spencergray/Desktop/pif1-foldtree/data/structures/afdb/AF-A0A0C7N9H1-F1-model_v6.cif,
A0A0D2AM31,PIF1,Verruconis gallopava,253628,Pezizomycotina,Dothideomycetes,Venturiales,Sympoventuriaceae,Verruconis,1165,unreviewed,AFDB,6,53.59,True,/Users/spencergray/Desktop/pif1-foldtree/data/structures/afdb/AF-A0A0D2AM31-F1-model_v6.cif,
A0A0D2CU01,PIF1,Cladophialophora immunda,569365,Pezizomycotina,Eurotiomycetes,Chaetothyriales,Herpotrichiellaceae,Cladophialophora,792,unreviewed,AFDB,6,64.62,True,/Users/spencergray/Desktop/pif1-foldtree/data/structures/afdb/AF-A0A0D2CU01-F1-model_v6.cif,
A0A0F4GSW0,PIF1,Zymoseptoria brevis,1047168,Pezizomycotina,Dothideomycetes,Mycosphaerellales,Mycosphaerellaceae,Zymoseptoria,886,unreviewed,AFDB,6,60.59,True,/Users/spencergray/Desktop/pif1-foldtree/data/structures/afdb/AF-A0A0F4GSW0-F1-model_v6.cif,
A0A0F7TPW7,PIF1,Penicillium brasilianum,104259,Pezizomycotina,Eurotiomycetes,Eurotiales,Aspergillaceae,Penicillium,723,unreviewed,AFDB,6,65.94,True,/Users/spencergray/Desktop/pif1-foldtree/data/structures/afdb/AF-A0A0F7TPW7-F1-model_v6.cif,
A0A0F8V674,PIF1,Aspergillus rambellii,308745,Pezizomycotina,Eurotiomycetes,Eurotiales,Aspergillaceae,Aspergillus,799,unreviewed,AFDB,6,64.06,True,/Users/spencergray/Desktop/pif1-foldtree/data/structures/afdb/AF-A0A0F8V674-F1-model_v6.cif,
A0A0J9X617,PIF1,Geotrichum candidum (Oospora lactis) (Dipodascus geotrichum),1173061,Saccharomycotina,Dipodascomycetes,Dipodascales,Dipodascaceae,Geotrichum,768,unreviewed,AFDB,6,63.12,True,/Users/spencergray/Desktop/pif1-foldtree/data/structures/afdb/AF-A0A0J9X617-F1-model_v6.cif,
A0A0J9XD28,PIF1,Geotrichum candidum (Oospora lactis) (Dipodascus geotrichum),1173061,Saccharomycotina,Dipodascomycetes,Dipodascales,Dipodascaceae,Geotrichum,997,unreviewed,AFDB,6,56.38,True,/Users/spencergray/Desktop/pif1-foldtree/data/structures/afdb/AF-A0A0J9XD28-F1-model_v6.cif,
A0A0L1J6G6,PIF1,Aspergillus nomiae NRRL (strain ATCC 15546 / NRRL 13137 / CBS 260.88 / M93),1509407,Pezizomycotina,Eurotiomycetes,Eurotiales,Aspergillaceae,Aspergillus,738,unreviewed,AFDB,6,65.38,True,/Users/spencergray/Desktop/pif1-foldtree/data/structures/afdb/AF-A0A0L1J6G6-F1-model_v6.cif,
A0A0P1KUZ5,RRM3,Lachancea quebecensis,1654605,Saccharomycotina,Saccharomycetes,Saccharomycetales,Saccharomycetaceae,Lachancea,695,unreviewed,AFDB,6,70.38,True,/Users/spencergray/Desktop/pif1-foldtree/data/structures/afdb/AF-A0A0P1KUZ5-F1-model_v6.cif,
A0A0U1LMZ8,PIF1,Talaromyces islandicus (Penicillium islandicum),28573,Pezizomycotina,Eurotiomycetes,Eurotiales,Trichocomaceae,Talaromyces,745,unreviewed,AFDB,6,65.06,True,/Users/spencergray/Desktop/pif1-foldtree/data/structures/afdb/AF-A0A0U1LMZ8-F1-model_v6.cif,
A0A0U5FW00,PIF1,Aspergillus calidoustus,454130,Pezizomycotina,Eurotiomycetes,Eurotiales,Aspergillaceae,Aspergillus,803,unreviewed,AFDB,6,63.47,True,/Users/spencergray/Desktop/pif1-foldtree/data/structures/afdb/AF-A0A0U5FW00-F1-model_v6.cif,
A0A179UY81,PIF1,Blastomyces gilchristii (strain SLH14081) (Blastomyces dermatitidis),559298,Pezizomycotina,Eurotiomycetes,Onygenales,Ajellomycetaceae,Blastomyces,798,unreviewed,AFDB,6,63.12,True,/Users/spencergray/Desktop/pif1-foldtree/data/structures/afdb/AF-A0A179UY81-F1-model_v6.cif,
A0A194VFA7,PIF1,Cytospora mali (Apple Valsa canker fungus) (Valsa mali),578113,Pezizomycotina,Sordariomycetes,Diaporthales,Cytosporaceae,Cytospora,818,unreviewed,AFDB,6,60.84,True,/Users/spencergray/Desktop/pif1-foldtree/data/structures/afdb/AF-A0A194VFA7-F1-model_v6.cif,
A0A1E1KHD1,PIF1,Rhynchosporium graminicola,2792576,Pezizomycotina,Leotiomycetes,Helotiales,Ploettnerulaceae,Rhynchosporium,899,unreviewed,AFDB,6,60.97,True,/Users/spencergray/Desktop/pif1-foldtree/data/structures/afdb/AF-A0A1E1KHD1-F1-model_v6.cif,
A0A1E5R2E4,PIF1,Hanseniaspora osmophila,56408,Saccharomycotina,Saccharomycetes,Saccharomycodales,Saccharomycodaceae,Hanseniaspora,781,unreviewed,MISSING_predict_with_AF3,,,,,
A0A1E5RH49,PIF1,Hanseniaspora osmophila,56408,Saccharomycotina,Saccharomycetes,Saccharomycodales,Saccharomycodaceae,Hanseniaspora,931,unreviewed,MISSING_predict_with_AF3,,,,,
A0A1E5RYU5,PIF1,Hanseniaspora uvarum (Yeast) (Kloeckera apiculata),29833,Saccharomycotina,Saccharomycetes,Saccharomycodales,Saccharomycodaceae,Hanseniaspora,762,unreviewed,MISSING_predict_with_AF3,,,,,
A0A1G4JAR2,RRM3,Lachancea meyersii CBS 8951,1266667,Saccharomycotina,Saccharomycetes,Saccharomycetales,Saccharomycetaceae,Lachancea,689,unreviewed,AFDB,6,71.31,True,/Users/spencergray/Desktop/pif1-foldtree/data/structures/afdb/AF-A0A1G4JAR2-F1-model_v6.cif,
A0A1G4JJ13,PIF1,Lachancea meyersii CBS 8951,1266667,Saccharomycotina,Saccharomycetes,Saccharomycetales,Saccharomycetaceae,Lachancea,883,unreviewed,AFDB,6,63.66,True,/Users/spencergray/Desktop/pif1-foldtree/data/structures/afdb/AF-A0A1G4JJ13-F1-model_v6.cif,
A0A1G4KK60,PIF1,Lachancea nothofagi CBS 11611,1266666,Saccharomycotina,Saccharomycetes,Saccharomycetales,Saccharomycetaceae,Lachancea,876,unreviewed,AFDB,6,62.06,True,/Users/spencergray/Desktop/pif1-foldtree/data/structures/afdb/AF-A0A1G4KK60-F1-model_v6.cif,
A0A1G4M6E1,PIF1,Lachancea fermentati (Zygosaccharomyces fermentati),4955,Saccharomycotina,Saccharomycetes,Saccharomycetales,Saccharomycetaceae,Lachancea,950,unreviewed,AFDB,6,59.69,True,/Users/spencergray/Desktop/pif1-foldtree/data/structures/afdb/AF-A0A1G4M6E1-F1-model_v6.cif,
A0A1J9QG29,PIF1,Blastomyces percursus,1658174,Pezizomycotina,Eurotiomycetes,Onygenales,Ajellomycetaceae,Blastomyces,795,unreviewed,AFDB,6,63.16,True,/Users/spencergray/Desktop/pif1-foldtree/data/structures/afdb/AF-A0A1J9QG29-F1-model_v6.cif,
A0A1L0D0Q5,PIF1,Hanseniaspora guilliermondii,56406,Saccharomycotina,Saccharomycetes,Saccharomycodales,Saccharomycodaceae,Hanseniaspora,759,unreviewed,AFDB,6,69.12,True,/Users/spencergray/Desktop/pif1-foldtree/data/structures/afdb/AF-A0A1L0D0Q5-F1-model_v6.cif,
A0A1L7VNC0,PIF1,Fusarium proliferatum (strain ET1) (Orchid endophyte fungus),1227346,Pezizomycotina,Sordariomycetes,Hypocreales,Nectriaceae,Fusarium,821,unreviewed,AFDB,6,61.94,True,/Users/spencergray/Desktop/pif1-foldtree/data/structures/afdb/AF-A0A1L7VNC0-F1-model_v6.cif,
A0A1X7R554,RRM3,Maudiozyma saulgeensis,1789683,Saccharomycotina,Saccharomycetes,Saccharomycetales,Saccharomycetaceae,Maudiozyma,762,unreviewed,AFDB,6,65.94,True,/Users/spencergray/Desktop/pif1-foldtree/data/structures/afdb/AF-A0A1X7R554-F1-model_v6.cif,
A0A218YVE5,PIF1,Diplocarpon coronariae,2795749,Pezizomycotina,Leotiomycetes,Helotiales,Drepanopezizaceae,Diplocarpon,880,unreviewed,AFDB,6,61.06,True,/Users/spencergray/Desktop/pif1-foldtree/data/structures/afdb/AF-A0A218YVE5-F1-model_v6.cif,
A0A232LWR6,PIF1,Elaphomyces granulatus,519963,Pezizomycotina,Eurotiomycetes,Eurotiales,Elaphomycetaceae,Elaphomyces,781,unreviewed,AFDB,6,63.47,True,/Users/spencergray/Desktop/pif1-foldtree/data/structures/afdb/AF-A0A232LWR6-F1-model_v6.cif,
A0A292Q3K7,PIF1,Tuber aestivum (summer truffle),59557,Pezizomycotina,Pezizomycetes,Pezizales,Tuberaceae,Tuber,909,unreviewed,AFDB,6,57.03,True,/Users/spencergray/Desktop/pif1-foldtree/data/structures/afdb/AF-A0A292Q3K7-F1-model_v6.cif,
A0A2B7WVK7,PIF1,Helicocarpus griseus UAMH5409,1447875,Pezizomycotina,Eurotiomycetes,Onygenales,Ajellomycetaceae,Helicocarpus,752,unreviewed,AFDB,6,65.62,True,/Users/spencergray/Desktop/pif1-foldtree/data/structures/afdb/AF-A0A2B7WVK7-F1-model_v6.cif,
A0A2D3UXI5,PIF1,Ramularia collo-cygni,112498,Pezizomycotina,Dothideomycetes,Mycosphaerellales,Mycosphaerellaceae,Ramularia,834,unreviewed,MISSING_predict_with_AF3,,,,,
A0A2K1QRC5,PIF1,Sphaceloma murrayae,2082308,Pezizomycotina,Dothideomycetes,Myriangiales,Elsinoaceae,Sphaceloma,847,unreviewed,AFDB,6,63.31,True,/Users/spencergray/Desktop/pif1-foldtree/data/structures/afdb/AF-A0A2K1QRC5-F1-model_v6.cif,
A0A2S6CBW7,PIF1,Cercospora berteroae,357750,Pezizomycotina,Dothideomycetes,Mycosphaerellales,Mycosphaerellaceae,Cercospora,928,unreviewed,AFDB,6,60.59,True,/Users/spencergray/Desktop/pif1-foldtree/data/structures/afdb/AF-A0A2S6CBW7-F1-model_v6.cif,
A0A2V1A9H7,PIF1,Candidozyma duobushaemuli,1231522,Saccharomycotina,Pichiomycetes,Serinales,Metschnikowiaceae,Candidozyma,791,unreviewed,AFDB,6,65.94,True,/Users/spencergray/Desktop/pif1-foldtree/data/structures/afdb/AF-A0A2V1A9H7-F1-model_v6.cif,
A0A2V1ALF0,PIF1,Candidozyma haemuli,45357,Saccharomycotina,Pichiomycetes,Serinales,Metschnikowiaceae,Candidozyma,811,unreviewed,AFDB,6,66.0,True,/Users/spencergray/Desktop/pif1-foldtree/data/structures/afdb/AF-A0A2V1ALF0-F1-model_v6.cif,
A0A2W1ERC3,PIF1,Pyrenophora tritici-repentis,45151,Pezizomycotina,Dothideomycetes,Pleosporales,Pleosporaceae,Pyrenophora,788,unreviewed,AFDB,6,64.31,True,/Users/spencergray/Desktop/pif1-foldtree/data/structures/afdb/AF-A0A2W1ERC3-F1-model_v6.cif,
A0A364L1Q7,PIF1,Talaromyces amestolkiae,1196081,Pezizomycotina,Eurotiomycetes,Eurotiales,Trichocomaceae,Talaromyces,800,unreviewed,AFDB,6,63.62,True,/Users/spencergray/Desktop/pif1-foldtree/data/structures/afdb/AF-A0A364L1Q7-F1-model_v6.cif,
A0A367L4D8,PIF1,Ophiocordyceps polyrhachis-furcata BCC 54312,1330021,Pezizomycotina,Sordariomycetes,Hypocreales,Ophiocordycipitaceae,Ophiocordyceps,1521,unreviewed,MISSING_predict_with_AF3,,,,,
A0A367YDY7,PIF1_1,Candida viswanathii,5486,Saccharomycotina,Pichiomycetes,Serinales,Debaryomycetaceae,Candida,749,unreviewed,AFDB,6,63.0,True,/Users/spencergray/Desktop/pif1-foldtree/data/structures/afdb/AF-A0A367YDY7-F1-model_v6.cif,
A0A384JQ16,PIF1,Botrytis cinerea (strain B05.10) (Noble rot fungus) (Botryotinia fuckeliana),332648,Pezizomycotina,Leotiomycetes,Helotiales,Sclerotiniaceae,Botrytis,914,unreviewed,AFDB,6,60.28,True,/Users/spencergray/Desktop/pif1-foldtree/data/structures/afdb/AF-A0A384JQ16-F1-model_v6.cif,
A0A423WMC8,PIF1,Cytospora schulzeri,448051,Pezizomycotina,Sordariomycetes,Diaporthales,Cytosporaceae,Cytospora,599,unreviewed,AFDB,6,67.88,True,/Users/spencergray/Desktop/pif1-foldtree/data/structures/afdb/AF-A0A423WMC8-F1-model_v6.cif,
A0A448YGA8,PIF1,Brettanomyces naardenensis (Yeast),13370,Saccharomycotina,Pichiomycetes,Pichiales,Pichiaceae,Brettanomyces,866,unreviewed,AFDB,6,63.66,True,/Users/spencergray/Desktop/pif1-foldtree/data/structures/afdb/AF-A0A448YGA8-F1-model_v6.cif,
A0A448YPH1,PIF1,Brettanomyces naardenensis (Yeast),13370,Saccharomycotina,Pichiomycetes,Pichiales,Pichiaceae,Brettanomyces,652,unreviewed,AFDB,6,74.62,True,/Users/spencergray/Desktop/pif1-foldtree/data/structures/afdb/AF-A0A448YPH1-F1-model_v6.cif,
A0A4Y8D3B0,PIF1,Botryotinia calthae,38488,Pezizomycotina,Leotiomycetes,Helotiales,Sclerotiniaceae,Botryotinia,909,unreviewed,AFDB,6,60.94,True,/Users/spencergray/Desktop/pif1-foldtree/data/structures/afdb/AF-A0A4Y8D3B0-F1-model_v6.cif,
A0A4Z0Z973,PIF1,Xylaria hypoxylon,37992,Pezizomycotina,Sordariomycetes,Xylariales,Xylariaceae,Xylaria,839,unreviewed,AFDB,6,61.19,True,/Users/spencergray/Desktop/pif1-foldtree/data/structures/afdb/AF-A0A4Z0Z973-F1-model_v6.cif,
A0A507AHL1,PIF1,Thyridium curvatum,1093900,Pezizomycotina,Sordariomycetes,Thyridiales,Thyridiaceae,Thyridium,857,unreviewed,AFDB,6,60.91,True,/Users/spencergray/Desktop/pif1-foldtree/data/structures/afdb/AF-A0A507AHL1-F1-model_v6.cif,
A0A5Q4C7C0,Pif1-1,Colletotrichum shisoi,2078593,Pezizomycotina,Sordariomycetes,Glomerellales,Glomerellaceae,Colletotrichum,838,unreviewed,AFDB,6,62.06,True,/Users/spencergray/Desktop/pif1-foldtree/data/structures/afdb/AF-A0A5Q4C7C0-F1-model_v6.cif,
A0A6A6V6U0,PIF1,Sporormia fimetaria CBS 119925,1340428,Pezizomycotina,Dothideomycetes,Pleosporales,Sporormiaceae,Sporormia,851,unreviewed,AFDB,6,61.34,True,/Users/spencergray/Desktop/pif1-foldtree/data/structures/afdb/AF-A0A6A6V6U0-F1-model_v6.cif,
A0A6V8H3K1,PIF1,Talaromyces pinophilus (Penicillium pinophilum),128442,Pezizomycotina,Eurotiomycetes,Eurotiales,Trichocomaceae,Talaromyces,743,unreviewed,AFDB,6,63.5,True,/Users/spencergray/Desktop/pif1-foldtree/data/structures/afdb/AF-A0A6V8H3K1-F1-model_v6.cif,
A0A7H8QY08,PIF1,Talaromyces rugulosus (Penicillium rugulosum),121627,Pezizomycotina,Eurotiomycetes,Eurotiales,Trichocomaceae,Talaromyces,793,unreviewed,AFDB,6,63.31,True,/Users/spencergray/Desktop/pif1-foldtree/data/structures/afdb/AF-A0A7H8QY08-F1-model_v6.cif,
A0A8G0PM48,PIF1,Trichoderma simmonsii,1491479,Pezizomycotina,Sordariomycetes,Hypocreales,Hypocreaceae,Trichoderma,840,unreviewed,AFDB,6,61.53,True,/Users/spencergray/Desktop/pif1-foldtree/data/structures/afdb/AF-A0A8G0PM48-F1-model_v6.cif,
A0A8H2ZKI7,PIF1,Maudiozyma barnettii,61262,Saccharomycotina,Saccharomycetes,Saccharomycetales,Saccharomycetaceae,Maudiozyma,877,unreviewed,AFDB,6,62.44,True,/Users/spencergray/Desktop/pif1-foldtree/data/structures/afdb/AF-A0A8H2ZKI7-F1-model_v6.cif,
A0A8H4ISW3,PIF1,Botryosphaeria dothidea,55169,Pezizomycotina,Dothideomycetes,Botryosphaeriales,Botryosphaeriaceae,Botryosphaeria,861,unreviewed,AFDB,6,61.69,True,/Users/spencergray/Desktop/pif1-foldtree/data/structures/afdb/AF-A0A8H4ISW3-F1-model_v6.cif,
A0A8H4KSP0,PIF1,Fusarium austroafricanum,2364996,Pezizomycotina,Sordariomycetes,Hypocreales,Nectriaceae,Fusarium,822,unreviewed,AFDB,6,62.56,True,/Users/spencergray/Desktop/pif1-foldtree/data/structures/afdb/AF-A0A8H4KSP0-F1-model_v6.cif,
A0A8H4L6X0,PIF1,Fusarium albosuccineum,1237068,Pezizomycotina,Sordariomycetes,Hypocreales,Nectriaceae,Fusarium,806,unreviewed,AFDB,6,63.06,True,/Users/spencergray/Desktop/pif1-foldtree/data/structures/afdb/AF-A0A8H4L6X0-F1-model_v6.cif,
A0A8H4XL08,PIF1,Fusarium zealandicum,1053134,Pezizomycotina,Sordariomycetes,Hypocreales,Nectriaceae,Fusarium,1692,unreviewed,MISSING_predict_with_AF3,,,,,
A0A8H5VWV3,PIF1,Fusarium tjaetaba,1567544,Pezizomycotina,Sordariomycetes,Hypocreales,Nectriaceae,Fusarium,820,unreviewed,AFDB,6,62.41,True,/Users/spencergray/Desktop/pif1-foldtree/data/structures/afdb/AF-A0A8H5VWV3-F1-model_v6.cif,
A0A8H5XTU0,PIF1,Fusarium globosum,78864,Pezizomycotina,Sordariomycetes,Hypocreales,Nectriaceae,Fusarium,821,unreviewed,AFDB,6,62.91,True,/Users/spencergray/Desktop/pif1-foldtree/data/structures/afdb/AF-A0A8H5XTU0-F1-model_v6.cif,
A0A8H6U8X2,PIF1,Colletotrichum musicola,2175873,Pezizomycotina,Sordariomycetes,Glomerellales,Glomerellaceae,Colletotrichum,883,unreviewed,AFDB,6,61.22,True,/Users/spencergray/Desktop/pif1-foldtree/data/structures/afdb/AF-A0A8H6U8X2-F1-model_v6.cif,
A0A8H6UTP6,PIF1,Aspergillus felis,1287682,Pezizomycotina,Eurotiomycetes,Eurotiales,Aspergillaceae,Aspergillus,744,unreviewed,AFDB,6,65.56,True,/Users/spencergray/Desktop/pif1-foldtree/data/structures/afdb/AF-A0A8H6UTP6-F1-model_v6.cif,
A0A8H6VE95,PIF1,Pseudocercospora fuligena,685502,Pezizomycotina,Dothideomycetes,Mycosphaerellales,Mycosphaerellaceae,Pseudocercospora,942,unreviewed,AFDB,6,59.53,True,/Users/spencergray/Desktop/pif1-foldtree/data/structures/afdb/AF-A0A8H6VE95-F1-model_v6.cif,
A0A9N8P9K6,PIF1,Aureobasidium mustum,2773714,Pezizomycotina,Dothideomycetes,Dothideales,Saccotheciaceae,Aureobasidium,883,unreviewed,AFDB,6,57.34,True,/Users/spencergray/Desktop/pif1-foldtree/data/structures/afdb/AF-A0A9N8P9K6-F1-model_v6.cif,
A0A9N9LYP1,PIF1,Hymenoscyphus albidus,595503,Pezizomycotina,Leotiomycetes,Helotiales,Helotiaceae,Hymenoscyphus,914,unreviewed,AFDB,6,59.75,True,/Users/spencergray/Desktop/pif1-foldtree/data/structures/afdb/AF-A0A9N9LYP1-F1-model_v6.cif,
A0A9N9Y4Q8,PIF1,Clonostachys byssicola,160290,Pezizomycotina,Sordariomycetes,Hypocreales,Bionectriaceae,Clonostachys,799,unreviewed,AFDB,6,62.78,True,/Users/spencergray/Desktop/pif1-foldtree/data/structures/afdb/AF-A0A9N9Y4Q8-F1-model_v6.cif,
A0A9P0QRK9,PIF1,[Candida] railenensis,45579,Saccharomycotina,Pichiomycetes,Serinales,Debaryomycetaceae,Kurtzmaniella,821,unreviewed,AFDB,6,63.84,True,/Users/spencergray/Desktop/pif1-foldtree/data/structures/afdb/AF-A0A9P0QRK9-F1-model_v6.cif,
A0A9P4YU51,PIF1,Geosmithia morbida,1094350,Pezizomycotina,Sordariomycetes,Hypocreales,Bionectriaceae,Geosmithia,846,unreviewed,AFDB,6,61.59,True,/Users/spencergray/Desktop/pif1-foldtree/data/structures/afdb/AF-A0A9P4YU51-F1-model_v6.cif,
A0A9P8M8W8,PIF1,Metarhizium humberi,2596975,Pezizomycotina,Sordariomycetes,Hypocreales,Clavicipitaceae,Metarhizium,815,unreviewed,AFDB,6,61.84,True,/Users/spencergray/Desktop/pif1-foldtree/data/structures/afdb/AF-A0A9P8M8W8-F1-model_v6.cif,
A0A9P8SF62,PIF1,Hirsutella rhossiliensis,111463,Pezizomycotina,Sordariomycetes,Hypocreales,Ophiocordycipitaceae,Hirsutella,786,unreviewed,AFDB,6,63.44,True,/Users/spencergray/Desktop/pif1-foldtree/data/structures/afdb/AF-A0A9P8SF62-F1-model_v6.cif,
A0A9P9XSS9,PIF1,Colletotrichum abscissum,1671311,Pezizomycotina,Sordariomycetes,Glomerellales,Glomerellaceae,Colletotrichum,834,unreviewed,AFDB,6,62.62,True,/Users/spencergray/Desktop/pif1-foldtree/data/structures/afdb/AF-A0A9P9XSS9-F1-model_v6.cif,
A0A9W7DE56,PIF1,Ambrosiozyma monospora (Yeast) (Endomycopsis monosporus),43982,Saccharomycotina,Pichiomycetes,Pichiales,Pichiaceae,Ambrosiozyma,890,unreviewed,AFDB,6,63.03,True,/Users/spencergray/Desktop/pif1-foldtree/data/structures/afdb/AF-A0A9W7DE56-F1-model_v6.cif,
A0A9W7SU85,PIF1,Teratosphaeria destructans,418781,Pezizomycotina,Dothideomycetes,Mycosphaerellales,Teratosphaeriaceae,Teratosphaeria,844,unreviewed,AFDB,6,62.88,True,/Users/spencergray/Desktop/pif1-foldtree/data/structures/afdb/AF-A0A9W7SU85-F1-model_v6.cif,
A0A9W8N7W2,PIF1,Xylaria arbuscula,114810,Pezizomycotina,Sordariomycetes,Xylariales,Xylariaceae,Xylaria,742,unreviewed,AFDB,6,66.12,True,/Users/spencergray/Desktop/pif1-foldtree/data/structures/afdb/AF-A0A9W8N7W2-F1-model_v6.cif,
A0A9W9FVK9,PIF1,Penicillium angulare,116970,Pezizomycotina,Eurotiomycetes,Eurotiales,Aspergillaceae,Penicillium,732,unreviewed,AFDB,6,66.56,True,/Users/spencergray/Desktop/pif1-foldtree/data/structures/afdb/AF-A0A9W9FVK9-F1-model_v6.cif,
A0A9W9KB48,PIF1,Penicillium argentinense,1131581,Pezizomycotina,Eurotiomycetes,Eurotiales,Aspergillaceae,Penicillium,733,unreviewed,AFDB,6,66.19,True,/Users/spencergray/Desktop/pif1-foldtree/data/structures/afdb/AF-A0A9W9KB48-F1-model_v6.cif,
A0A9W9TVT2,PIF1,Penicillium citrinum,5077,Pezizomycotina,Eurotiomycetes,Eurotiales,Aspergillaceae,Penicillium,704,unreviewed,AFDB,6,66.31,True,/Users/spencergray/Desktop/pif1-foldtree/data/structures/afdb/AF-A0A9W9TVT2-F1-model_v6.cif,
A0A9W9WZB3,PIF1,Penicillium desertorum,1303715,Pezizomycotina,Eurotiomycetes,Eurotiales,Aspergillaceae,Penicillium,763,unreviewed,AFDB,6,64.75,True,/Users/spencergray/Desktop/pif1-foldtree/data/structures/afdb/AF-A0A9W9WZB3-F1-model_v6.cif,
A0A9W9XDN3,PIF1,Penicillium diatomitis,2819901,Pezizomycotina,Eurotiomycetes,Eurotiales,Aspergillaceae,Penicillium,657,unreviewed,AFDB,6,65.5,True,/Users/spencergray/Desktop/pif1-foldtree/data/structures/afdb/AF-A0A9W9XDN3-F1-model_v6.cif,
A0AA35IR82,SMKI13G0710,Saccharomyces mikatae IFO 1815,226126,Saccharomycotina,Saccharomycetes,Saccharomycetales,Saccharomycetaceae,Saccharomyces,859,unreviewed,AFDB,6,65.31,True,/Users/spencergray/Desktop/pif1-foldtree/data/structures/afdb/AF-A0AA35IR82-F1-model_v6.cif,
A0AA35J0E4,SMKI08G0740,Saccharomyces mikatae IFO 1815,226126,Saccharomycotina,Saccharomycetes,Saccharomycetales,Saccharomycetaceae,Saccharomyces,723,unreviewed,AFDB,6,69.12,True,/Users/spencergray/Desktop/pif1-foldtree/data/structures/afdb/AF-A0AA35J0E4-F1-model_v6.cif,
A0AAD4IFY3,PIF1,Alternaria panax,48097,Pezizomycotina,Dothideomycetes,Pleosporales,Pleosporaceae,Alternaria,783,unreviewed,AFDB,6,64.19,True,/Users/spencergray/Desktop/pif1-foldtree/data/structures/afdb/AF-A0AAD4IFY3-F1-model_v6.cif,
A0AAD5BBM1,PIF1,Candida theae,1198502,Saccharomycotina,Pichiomycetes,Serinales,Debaryomycetaceae,Candida,892,unreviewed,AFDB,6,57.81,True,/Users/spencergray/Desktop/pif1-foldtree/data/structures/afdb/AF-A0AAD5BBM1-F1-model_v6.cif,
A0AAD6GIB4,PIF1,Penicillium frequentans,3151616,Pezizomycotina,Eurotiomycetes,Eurotiales,Aspergillaceae,Penicillium,768,unreviewed,AFDB,6,62.5,True,/Users/spencergray/Desktop/pif1-foldtree/data/structures/afdb/AF-A0AAD6GIB4-F1-model_v6.cif,
A0AAD9AKZ3,PIF1,Colletotrichum chrysophilum,1836956,Pezizomycotina,Sordariomycetes,Glomerellales,Glomerellaceae,Colletotrichum,897,unreviewed,AFDB,6,60.81,True,/Users/spencergray/Desktop/pif1-foldtree/data/structures/afdb/AF-A0AAD9AKZ3-F1-model_v6.cif,
A0AAD9Y213,PIF1,Colletotrichum kahawae (Coffee berry disease fungus),34407,Pezizomycotina,Sordariomycetes,Glomerellales,Glomerellaceae,Colletotrichum,886,unreviewed,AFDB,6,60.81,True,/Users/spencergray/Desktop/pif1-foldtree/data/structures/afdb/AF-A0AAD9Y213-F1-model_v6.cif,
A0AAE9W8S9,pfh1,Schizosaccharomyces osmophilus,2545709,Taphrinomycotina,Schizosaccharomycetes,Schizosaccharomycetales,Schizosaccharomycetaceae,Schizosaccharomyces,788,unreviewed,AFDB,6,61.88,True,/Users/spencergray/Desktop/pif1-foldtree/data/structures/afdb/AF-A0AAE9W8S9-F1-model_v6.cif,
A0AAI9TIH2,PIF1,Penicillium thymicola,293382,Pezizomycotina,Eurotiomycetes,Eurotiales,Aspergillaceae,Penicillium,681,unreviewed,AFDB,6,67.94,True,/Users/spencergray/Desktop/pif1-foldtree/data/structures/afdb/AF-A0AAI9TIH2-F1-model_v6.cif,
A0AAV5QDJ4,PIF1,Saccharomycopsis crataegensis,43959,Saccharomycotina,Saccharomycetes,Ascoideales,Saccharomycopsidaceae,Saccharomycopsis,682,unreviewed,AFDB,6,71.38,True,/Users/spencergray/Desktop/pif1-foldtree/data/structures/afdb/AF-A0AAV5QDJ4-F1-model_v6.cif,
A0AAV5QKF6,PIF1,Saccharomycopsis crataegensis,43959,Saccharomycotina,Saccharomycetes,Ascoideales,Saccharomycopsidaceae,Saccharomycopsis,985,unreviewed,AFDB,6,58.72,True,/Users/spencergray/Desktop/pif1-foldtree/data/structures/afdb/AF-A0AAV5QKF6-F1-model_v6.cif,
A0AAX4HF17,PIF1,Australozyma saopauloensis,291208,Saccharomycotina,Pichiomycetes,Serinales,Metschnikowiaceae,Australozyma,674,unreviewed,AFDB,6,70.88,True,/Users/spencergray/Desktop/pif1-foldtree/data/structures/afdb/AF-A0AAX4HF17-F1-model_v6.cif,
A0AB34G0U3,PIF1,Purpureocillium lavendulum,1247861,Pezizomycotina,Sordariomycetes,Hypocreales,Ophiocordycipitaceae,Purpureocillium,1502,unreviewed,MISSING_predict_with_AF3,,,,,
A0ABP2EZZ6,PIF1,Ajellomyces dermatitidis (strain ER-3 / ATCC MYA-2586) (Blastomyces dermatitidis),559297,Pezizomycotina,Eurotiomycetes,Onygenales,Ajellomycetaceae,Blastomyces,798,unreviewed,MISSING_predict_with_AF3,,,,,
A0ABQ7RSC4,PIF1,Pichia angusta (Yeast) (Hansenula polymorpha),870730,Saccharomycotina,Pichiomycetes,Pichiales,Pichiaceae,Ogataea,825,unreviewed,MISSING_predict_with_AF3,,,,,
A0ABQ9SFB4,PIF1,Colletotrichum paranaense,1914294,Pezizomycotina,Sordariomycetes,Glomerellales,Glomerellaceae,Colletotrichum,834,unreviewed,MISSING_predict_with_AF3,,,,,
A0ABR0HK82,PIF1,Podospora pseudoanserina,2609844,Pezizomycotina,Sordariomycetes,Sordariales,Podosporaceae,Podospora,895,unreviewed,MISSING_predict_with_AF3,,,,,
A0ABR0TKY5,PIF1,Aureobasidium pullulans (Black yeast) (Pullularia pullulans),5580,Pezizomycotina,Dothideomycetes,Dothideales,Saccotheciaceae,Aureobasidium,933,unreviewed,MISSING_predict_with_AF3,,,,,
A0ABR1PTT1,PIF1,Apiospora aurea,335848,Pezizomycotina,Sordariomycetes,Amphisphaeriales,Apiosporaceae,Apiospora,877,unreviewed,MISSING_predict_with_AF3,,,,,
A0ABR1RLE4,PIF1,Apiospora marii,335849,Pezizomycotina,Sordariomycetes,Amphisphaeriales,Apiosporaceae,Apiospora,817,unreviewed,MISSING_predict_with_AF3,,,,,
A0ABR1VZW9,PIF1,Apiospora phragmitis,2905665,Pezizomycotina,Sordariomycetes,Amphisphaeriales,Apiosporaceae,Apiospora,772,unreviewed,MISSING_predict_with_AF3,,,,,
A0ABR3DMS4,PIF1,Neurospora intermedia,5142,Pezizomycotina,Sordariomycetes,Sordariales,Sordariaceae,Neurospora,928,unreviewed,MISSING_predict_with_AF3,,,,,
A0ABR3Y3X8,PIF1,Phialemonium thermophilum,223376,Pezizomycotina,Sordariomycetes,Cephalothecales,Cephalothecaceae,Phialemonium,805,unreviewed,MISSING_predict_with_AF3,,,,,
A0ABR4P0R8,RRM3,Nakaseomyces bracarensis,273131,Saccharomycotina,Saccharomycetes,Saccharomycetales,Saccharomycetaceae,Nakaseomyces,692,unreviewed,MISSING_predict_with_AF3,,,,,
A0ABX6EXJ8,PIF1,Kluyveromyces marxianus (Yeast) (Candida kefyr),4911,Saccharomycotina,Saccharomycetes,Saccharomycetales,Saccharomycetaceae,Kluyveromyces,852,unreviewed,MISSING_predict_with_AF3,,,,,
A0ABX6F0Q7,RRM3,Kluyveromyces marxianus (Yeast) (Candida kefyr),4911,Saccharomycotina,Saccharomycetes,Saccharomycetales,Saccharomycetaceae,Kluyveromyces,703,unreviewed,MISSING_predict_with_AF3,,,,,
A0ABX8I2X5,PIF1,Candidozyma haemuli,45357,Saccharomycotina,Pichiomycetes,Serinales,Metschnikowiaceae,Candidozyma,2755,unreviewed,MISSING_predict_with_AF3,,,,,
A0ABX8I4W3,PIF1,Candidozyma haemuli,45357,Saccharomycotina,Pichiomycetes,Serinales,Metschnikowiaceae,Candidozyma,791,unreviewed,MISSING_predict_with_AF3,,,,,
A2R3M6,PIF1,Aspergillus niger (strain ATCC MYA-4892 / CBS 513.88 / FGSC A1513),425011,Pezizomycotina,Eurotiomycetes,Eurotiales,Aspergillaceae,Aspergillus,800,unreviewed,AFDB,6,64.44,True,/Users/spencergray/Desktop/pif1-foldtree/data/structures/afdb/AF-A2R3M6-F1-model_v6.cif,
C4JUZ0,PIF1,Uncinocarpus reesii (strain UAMH 1704) (Gymnoascus siglerae),336963,Pezizomycotina,Eurotiomycetes,Onygenales,Onygenaceae,Uncinocarpus,1465,unreviewed,MISSING_predict_with_AF3,,,,,
D4B4E8,PIF1,Arthroderma benhamiae (strain ATCC MYA-4681 / CBS 112371) (Trichophyton mentagrophytes),663331,Pezizomycotina,Eurotiomycetes,Onygenales,Arthrodermataceae,Trichophyton,780,unreviewed,AFDB,6,61.75,True,/Users/spencergray/Desktop/pif1-foldtree/data/structures/afdb/AF-D4B4E8-F1-model_v6.cif,
D4DAK6,PIF1,Trichophyton verrucosum (strain HKI 0517),663202,Pezizomycotina,Eurotiomycetes,Onygenales,Arthrodermataceae,Trichophyton,780,unreviewed,AFDB,6,61.44,True,/Users/spencergray/Desktop/pif1-foldtree/data/structures/afdb/AF-D4DAK6-F1-model_v6.cif,
F2PR25,PIF1,Trichophyton equinum (strain ATCC MYA-4606 / CBS 127.97) (Horse ringworm fungus),559882,Pezizomycotina,Eurotiomycetes,Onygenales,Arthrodermataceae,Trichophyton,794,unreviewed,AFDB,6,62.03,True,/Users/spencergray/Desktop/pif1-foldtree/data/structures/afdb/AF-F2PR25-F1-model_v6.cif,
F2S1K4,PIF1,Trichophyton tonsurans (strain CBS 112818) (Scalp ringworm fungus),647933,Pezizomycotina,Eurotiomycetes,Onygenales,Arthrodermataceae,Trichophyton,753,unreviewed,AFDB,6,59.97,True,/Users/spencergray/Desktop/pif1-foldtree/data/structures/afdb/AF-F2S1K4-F1-model_v6.cif,
G0S6L7,PIF1,Thermochaetoides thermophila (strain DSM 1495 / CBS 144.50 / DAOM 24625 / IMI 039719) (Chaetomium thermophilum),759272,Pezizomycotina,Sordariomycetes,Sordariales,Chaetomiaceae,Thermochaetoides,809,unreviewed,AFDB,6,63.25,True,/Users/spencergray/Desktop/pif1-foldtree/data/structures/afdb/AF-G0S6L7-F1-model_v6.cif,
G1WZ06,PIF1,Arthrobotrys oligospora (strain ATCC 24927 / CBS 115.81 / DSM 1491) (Nematode-trapping fungus) (Didymozoophaga oligospora),756982,Pezizomycotina,Orbiliomycetes,Orbiliales,Orbiliaceae,Orbilia,947,unreviewed,AFDB,6,58.72,True,/Users/spencergray/Desktop/pif1-foldtree/data/structures/afdb/AF-G1WZ06-F1-model_v6.cif,
I2H165,TBLA0C03130,Henningerozyma blattae (strain ATCC 34711 / CBS 6284 / DSM 70876 / NBRC 10599 / NRRL Y-10934 / UCD 77-7) (Yeast) (Tetrapisispora blattae),1071380,Saccharomycotina,Saccharomycetes,Saccharomycetales,Saccharomycetaceae,Henningerozyma,717,unreviewed,AFDB,6,67.31,True,/Users/spencergray/Desktop/pif1-foldtree/data/structures/afdb/AF-I2H165-F1-model_v6.cif,
K0KM86,PIF1,Wickerhamomyces ciferrii (strain ATCC 14091 / BCRC 22168 / CBS 111 / JCM 3599 / NBRC 0793 / NRRL Y-1031 F-60-10) (Yeast) (Pichia ciferrii),1206466,Saccharomycotina,Saccharomycetes,Phaffomycetales,Wickerhamomycetaceae,Wickerhamomyces,1022,unreviewed,AFDB,6,59.44,True,/Users/spencergray/Desktop/pif1-foldtree/data/structures/afdb/AF-K0KM86-F1-model_v6.cif,
K3UQF6,PIF1,Fusarium pseudograminearum (strain CS3096) (Wheat and barley crown-rot fungus),1028729,Pezizomycotina,Sordariomycetes,Hypocreales,Nectriaceae,Fusarium,821,unreviewed,AFDB,6,61.56,True,/Users/spencergray/Desktop/pif1-foldtree/data/structures/afdb/AF-K3UQF6-F1-model_v6.cif,
N1RU73,PIF1,Fusarium oxysporum f. sp. cubense (strain race 4) (Panama disease fungus),2502994,Pezizomycotina,Sordariomycetes,Hypocreales,Nectriaceae,Fusarium,820,unreviewed,AFDB,6,62.28,True,/Users/spencergray/Desktop/pif1-foldtree/data/structures/afdb/AF-N1RU73-F1-model_v6.cif,
R4XBB5,PIF1,Taphrina deformans (strain PYCC 5710 / ATCC 11124 / CBS 356.35 / IMI 108563 / JCM 9778 / NBRC 8474) (Peach leaf curl fungus) (Lalaria deformans),1097556,Taphrinomycotina,Taphrinomycetes,Taphrinales,Taphrinaceae,Taphrina,821,unreviewed,AFDB,6,62.31,True,/Users/spencergray/Desktop/pif1-foldtree/data/structures/afdb/AF-R4XBB5-F1-model_v6.cif,
S7ZUF7,PIF1,Penicillium oxalicum (strain 114-2 / CGMCC 5302) (Penicillium decumbens),933388,Pezizomycotina,Eurotiomycetes,Eurotiales,Aspergillaceae,Penicillium,727,unreviewed,AFDB,6,66.94,True,/Users/spencergray/Desktop/pif1-foldtree/data/structures/afdb/AF-S7ZUF7-F1-model_v6.cif,
U1GI40,PIF1,Endocarpon pusillum (strain Z07020 / HMAS-L-300199) (Lichen-forming fungus),1263415,Pezizomycotina,Eurotiomycetes,Verrucariales,Verrucariaceae,Endocarpon,732,unreviewed,AFDB,6,66.81,True,/Users/spencergray/Desktop/pif1-foldtree/data/structures/afdb/AF-U1GI40-F1-model_v6.cif,
W6MM08,PIF1,Kuraishia capsulata CBS 1993,1382522,Saccharomycotina,Pichiomycetes,Pichiales,Pichiaceae,Kuraishia,693,unreviewed,AFDB,6,70.88,True,/Users/spencergray/Desktop/pif1-foldtree/data/structures/afdb/AF-W6MM08-F1-model_v6.cif,
W7HWQ6,PIF1,Drechslerella stenobrocha 248,1043628,Pezizomycotina,Orbiliomycetes,Orbiliales,Orbiliaceae,Drechslerella,694,unreviewed,AFDB,6,68.94,True,/Users/spencergray/Desktop/pif1-foldtree/data/structures/afdb/AF-W7HWQ6-F1-model_v6.cif,
A0A022Y865,PIF1,Trichophyton soudanense CBS 452.61,1215331,Pezizomycotina,Eurotiomycetes,Onygenales,Arthrodermataceae,Trichophyton,780,unreviewed,AFDB,6,61.03,True,/Users/spencergray/Desktop/pif1-foldtree/data/structures/afdb/AF-A0A022Y865-F1-model_v6.cif,
A0A0A1TS53,PIF1,[Torrubiella] hemipterigena,1531966,Pezizomycotina,Sordariomycetes,Hypocreales,Clavicipitaceae,,844,unreviewed,AFDB,6,61.28,True,/Users/spencergray/Desktop/pif1-foldtree/data/structures/afdb/AF-A0A0A1TS53-F1-model_v6.cif,
A0A0D2H657,PIF1,Fonsecaea pedrosoi CBS 271.37,1442368,Pezizomycotina,Eurotiomycetes,Chaetothyriales,Herpotrichiellaceae,Fonsecaea,764,unreviewed,AFDB,6,68.31,True,/Users/spencergray/Desktop/pif1-foldtree/data/structures/afdb/AF-A0A0D2H657-F1-model_v6.cif,
A0A0H1B6P3,PIF1,Blastomyces silverae,2060906,Pezizomycotina,Eurotiomycetes,Onygenales,Ajellomycetaceae,Blastomyces,798,unreviewed,AFDB,6,63.09,True,/Users/spencergray/Desktop/pif1-foldtree/data/structures/afdb/AF-A0A0H1B6P3-F1-model_v6.cif,
A0A0L0NDI1,PIF1,Tolypocladium ophioglossoides (strain CBS 100239) (Snaketongue truffleclub) (Elaphocordyceps ophioglossoides),1163406,Pezizomycotina,Sordariomycetes,Hypocreales,Ophiocordycipitaceae,Tolypocladium,860,unreviewed,AFDB,6,60.53,True,/Users/spencergray/Desktop/pif1-foldtree/data/structures/afdb/AF-A0A0L0NDI1-F1-model_v6.cif,
A0A0M8P8W8,PIF1,Penicillium nordicum,229535,Pezizomycotina,Eurotiomycetes,Eurotiales,Aspergillaceae,Penicillium,682,unreviewed,AFDB,6,68.19,True,/Users/spencergray/Desktop/pif1-foldtree/data/structures/afdb/AF-A0A0M8P8W8-F1-model_v6.cif,
A0A0P1KKU7,PIF1,Lachancea quebecensis,1654605,Saccharomycotina,Saccharomycetes,Saccharomycetales,Saccharomycetaceae,Lachancea,899,unreviewed,AFDB,6,61.78,True,/Users/spencergray/Desktop/pif1-foldtree/data/structures/afdb/AF-A0A0P1KKU7-F1-model_v6.cif,
A0A135TU94,PIF1,Colletotrichum nymphaeae SA-01,1460502,Pezizomycotina,Sordariomycetes,Glomerellales,Glomerellaceae,Colletotrichum,834,unreviewed,AFDB,6,62.94,True,/Users/spencergray/Desktop/pif1-foldtree/data/structures/afdb/AF-A0A135TU94-F1-model_v6.cif,
A0A168CGZ8,PIF1,Cordyceps fumosorosea (strain ARSEF 2679) (Isaria fumosorosea),1081104,Pezizomycotina,Sordariomycetes,Hypocreales,Cordycipitaceae,Cordyceps,804,unreviewed,AFDB,6,62.06,True,/Users/spencergray/Desktop/pif1-foldtree/data/structures/afdb/AF-A0A168CGZ8-F1-model_v6.cif,
A0A168ISU5,PIF1,Akanthomyces lecanii RCEF 1005,1081108,Pezizomycotina,Sordariomycetes,Hypocreales,Cordycipitaceae,Akanthomyces,803,unreviewed,AFDB,6,62.0,True,/Users/spencergray/Desktop/pif1-foldtree/data/structures/afdb/AF-A0A168ISU5-F1-model_v6.cif,
A0A177FGZ4,PIF1,Fonsecaea monophora,254056,Pezizomycotina,Eurotiomycetes,Chaetothyriales,Herpotrichiellaceae,Fonsecaea,764,unreviewed,AFDB,6,66.25,True,/Users/spencergray/Desktop/pif1-foldtree/data/structures/afdb/AF-A0A177FGZ4-F1-model_v6.cif,
A0A1B8AKF1,PIF1,Fusarium poae,36050,Pezizomycotina,Sordariomycetes,Hypocreales,Nectriaceae,Fusarium,819,unreviewed,AFDB,6,61.97,True,/Users/spencergray/Desktop/pif1-foldtree/data/structures/afdb/AF-A0A1B8AKF1-F1-model_v6.cif,
A0A1E1KSW3,PIF1,Rhynchosporium agropyri,914238,Pezizomycotina,Leotiomycetes,Helotiales,Ploettnerulaceae,Rhynchosporium,899,unreviewed,AFDB,6,60.72,True,/Users/spencergray/Desktop/pif1-foldtree/data/structures/afdb/AF-A0A1E1KSW3-F1-model_v6.cif,
A0A1W2TKN4,PIF1,Rosellinia necatrix (White root-rot fungus),77044,Pezizomycotina,Sordariomycetes,Xylariales,Xylariaceae,Rosellinia,796,unreviewed,AFDB,6,63.22,True,/Users/spencergray/Desktop/pif1-foldtree/data/structures/afdb/AF-A0A1W2TKN4-F1-model_v6.cif,
A0A1Z5T4Y1,PIF1,Hortaea werneckii EXF-2000,1157616,Pezizomycotina,Dothideomycetes,Mycosphaerellales,Teratosphaeriaceae,Hortaea,912,unreviewed,AFDB,6,60.66,True,/Users/spencergray/Desktop/pif1-foldtree/data/structures/afdb/AF-A0A1Z5T4Y1-F1-model_v6.cif,
A0A2B7X4F7,PIF1,Blastomyces parvus,2060905,Pezizomycotina,Eurotiomycetes,Onygenales,Ajellomycetaceae,Blastomyces,798,unreviewed,AFDB,6,63.22,True,/Users/spencergray/Desktop/pif1-foldtree/data/structures/afdb/AF-A0A2B7X4F7-F1-model_v6.cif,
A0A2H0ZLB1,PIF1,Candidozyma auris (Yeast) (Candida auris),498019,Saccharomycotina,Pichiomycetes,Serinales,Metschnikowiaceae,Candidozyma,780,unreviewed,AFDB,6,66.19,True,/Users/spencergray/Desktop/pif1-foldtree/data/structures/afdb/AF-A0A2H0ZLB1-F1-model_v6.cif,
A0A2H2ZNG2,PIF1,Trichoderma parareesei (Filamentous fungus),858221,Pezizomycotina,Sordariomycetes,Hypocreales,Hypocreaceae,Trichoderma,855,unreviewed,AFDB,6,61.03,True,/Users/spencergray/Desktop/pif1-foldtree/data/structures/afdb/AF-A0A2H2ZNG2-F1-model_v6.cif,
A0A2N3NCB3,PIF1,Lomentospora prolificans,41688,Pezizomycotina,Sordariomycetes,Microascales,Microascaceae,Lomentospora,1670,unreviewed,MISSING_predict_with_AF3,,,,,
A0A2P7Z3W1,PIF1,Elsinoe australis,40998,Pezizomycotina,Dothideomycetes,Myriangiales,Elsinoaceae,Elsinoe,844,unreviewed,AFDB,6,63.16,True,/Users/spencergray/Desktop/pif1-foldtree/data/structures/afdb/AF-A0A2P7Z3W1-F1-model_v6.cif,
A0A366QY50,PIF1,Fusarium coffeatum,231269,Pezizomycotina,Sordariomycetes,Hypocreales,Nectriaceae,Fusarium,819,unreviewed,AFDB,6,62.31,True,/Users/spencergray/Desktop/pif1-foldtree/data/structures/afdb/AF-A0A366QY50-F1-model_v6.cif,
A0A376BA80,PIF1,Saccharomycodes ludwigii,36035,Saccharomycotina,Saccharomycetes,Saccharomycodales,Saccharomycodaceae,Saccharomycodes,763,unreviewed,AFDB,6,68.0,True,/Users/spencergray/Desktop/pif1-foldtree/data/structures/afdb/AF-A0A376BA80-F1-model_v6.cif,
A0A395SEG8,PIF1,Fusarium sporotrichioides,5514,Pezizomycotina,Sordariomycetes,Hypocreales,Nectriaceae,Fusarium,822,unreviewed,AFDB,6,61.34,True,/Users/spencergray/Desktop/pif1-foldtree/data/structures/afdb/AF-A0A395SEG8-F1-model_v6.cif,
A0A3A2ZL16,PIF1,Aspergillus sclerotialis,2070753,Pezizomycotina,Eurotiomycetes,Eurotiales,Aspergillaceae,Aspergillus,746,unreviewed,AFDB,6,66.44,True,/Users/spencergray/Desktop/pif1-foldtree/data/structures/afdb/AF-A0A3A2ZL16-F1-model_v6.cif,
A0A3D8SQV1,PIF1,Coleophoma cylindrospora,1849047,Pezizomycotina,Leotiomycetes,Helotiales,Dermateaceae,Coleophoma,870,unreviewed,AFDB,6,62.59,True,/Users/spencergray/Desktop/pif1-foldtree/data/structures/afdb/AF-A0A3D8SQV1-F1-model_v6.cif,
A0A420HWK8,PIF1,Erysiphe neolycopersici,212602,Pezizomycotina,Leotiomycetes,Erysiphales,Erysiphaceae,Erysiphe,885,unreviewed,AFDB,6,60.44,True,/Users/spencergray/Desktop/pif1-foldtree/data/structures/afdb/AF-A0A420HWK8-F1-model_v6.cif,
A0A484FKH5,pif1-1,Colletotrichum orbiculare (strain 104-T / ATCC 96160 / CBS 514.97 / LARS 414 / MAFF 240422) (Cucumber anthracnose fungus) (Colletotrichum lagenarium),1213857,Pezizomycotina,Sordariomycetes,Glomerellales,Glomerellaceae,Colletotrichum,1117,unreviewed,AFDB,6,61.59,True,/Users/spencergray/Desktop/pif1-foldtree/data/structures/afdb/AF-A0A484FKH5-F1-model_v6.cif,
A0A4Q4P3R5,PIF1,Alternaria tenuissima,119927,Pezizomycotina,Dothideomycetes,Pleosporales,Pleosporaceae,Alternaria,782,unreviewed,AFDB,6,64.88,True,/Users/spencergray/Desktop/pif1-foldtree/data/structures/afdb/AF-A0A4Q4P3R5-F1-model_v6.cif,
A0A4Z1FQZ2,PIF1,Botrytis paeoniae,278948,Pezizomycotina,Leotiomycetes,Helotiales,Sclerotiniaceae,Botrytis,907,unreviewed,AFDB,6,60.94,True,/Users/spencergray/Desktop/pif1-foldtree/data/structures/afdb/AF-A0A4Z1FQZ2-F1-model_v6.cif,
A0A4Z1H1E5,PIF1,Botrytis hyacinthi,278943,Pezizomycotina,Leotiomycetes,Helotiales,Sclerotiniaceae,Botrytis,910,unreviewed,AFDB,6,60.47,True,/Users/spencergray/Desktop/pif1-foldtree/data/structures/afdb/AF-A0A4Z1H1E5-F1-model_v6.cif,
A0A4Z1I5K8,PIF1,Botryotinia convoluta,54673,Pezizomycotina,Leotiomycetes,Helotiales,Sclerotiniaceae,Botryotinia,910,unreviewed,AFDB,6,60.09,True,/Users/spencergray/Desktop/pif1-foldtree/data/structures/afdb/AF-A0A4Z1I5K8-F1-model_v6.cif,
A0A4Z1JM45,PIF1,Botrytis elliptica,278938,Pezizomycotina,Leotiomycetes,Helotiales,Sclerotiniaceae,Botrytis,911,unreviewed,AFDB,6,60.47,True,/Users/spencergray/Desktop/pif1-foldtree/data/structures/afdb/AF-A0A4Z1JM45-F1-model_v6.cif,
A0A4Z1NVH7,PIF1,Venturia nashicola,86259,Pezizomycotina,Dothideomycetes,Venturiales,Venturiaceae,Venturia,1004,unreviewed,AFDB,6,57.75,True,/Users/spencergray/Desktop/pif1-foldtree/data/structures/afdb/AF-A0A4Z1NVH7-F1-model_v6.cif,
A0A5E8B6K8,PIF1,Magnusiomyces paraingens,2606893,Saccharomycotina,Dipodascomycetes,Dipodascales,Dipodascaceae,Magnusiomyces,647,unreviewed,AFDB,6,73.38,True,/Users/spencergray/Desktop/pif1-foldtree/data/structures/afdb/AF-A0A5E8B6K8-F1-model_v6.cif,
A0A5N6K1H9,PIF1,Monilinia laxa (Brown rot fungus) (Sclerotinia laxa),61186,Pezizomycotina,Leotiomycetes,Helotiales,Sclerotiniaceae,Monilinia,903,unreviewed,AFDB,6,60.66,True,/Users/spencergray/Desktop/pif1-foldtree/data/structures/afdb/AF-A0A5N6K1H9-F1-model_v6.cif,
A0A642UJS9,PIF1,Trichomonascus ciferrii,44093,Saccharomycotina,Dipodascomycetes,Dipodascales,Trichomonascaceae,Trichomonascus,853,unreviewed,AFDB,6,59.59,True,/Users/spencergray/Desktop/pif1-foldtree/data/structures/afdb/AF-A0A642UJS9-F1-model_v6.cif,
A0A7C8MWI0,PIF1,Xylaria multiplex,323545,Pezizomycotina,Sordariomycetes,Xylariales,Xylariaceae,Xylaria,628,unreviewed,AFDB,6,72.25,True,/Users/spencergray/Desktop/pif1-foldtree/data/structures/afdb/AF-A0A7C8MWI0-F1-model_v6.cif,
A0A7G3ZIW5,RRM3,Torulaspora globosa,48254,Saccharomycotina,Saccharomycetes,Saccharomycetales,Saccharomycetaceae,Torulaspora,677,unreviewed,AFDB,6,70.94,True,/Users/spencergray/Desktop/pif1-foldtree/data/structures/afdb/AF-A0A7G3ZIW5-F1-model_v6.cif,
A0A7U2QU03,PIF1,Aspergillus flavus (strain ATCC 200026 / FGSC A1120 / IAM 13836 / NRRL 3357 / JCM 12722 / SRRC 167),332952,Pezizomycotina,Eurotiomycetes,Eurotiales,Aspergillaceae,Aspergillus,754,unreviewed,AFDB,6,65.56,True,/Users/spencergray/Desktop/pif1-foldtree/data/structures/afdb/AF-A0A7U2QU03-F1-model_v6.cif,
A0A8H2ZM85,PIF1,Sclerotinia trifoliorum,28548,Pezizomycotina,Leotiomycetes,Helotiales,Sclerotiniaceae,Sclerotinia,906,unreviewed,AFDB,6,60.84,True,/Users/spencergray/Desktop/pif1-foldtree/data/structures/afdb/AF-A0A8H2ZM85-F1-model_v6.cif,
A0A8H4Q9J7,PIF1,Ophiocordyceps camponoti-floridani,2030778,Pezizomycotina,Sordariomycetes,Hypocreales,Ophiocordycipitaceae,Ophiocordyceps,795,unreviewed,AFDB,6,62.28,True,/Users/spencergray/Desktop/pif1-foldtree/data/structures/afdb/AF-A0A8H4Q9J7-F1-model_v6.cif,
A0A8H4T2Y1,PIF1,Fusarium sarcochroum,1208366,Pezizomycotina,Sordariomycetes,Hypocreales,Nectriaceae,Fusarium,821,unreviewed,AFDB,6,62.09,True,/Users/spencergray/Desktop/pif1-foldtree/data/structures/afdb/AF-A0A8H4T2Y1-F1-model_v6.cif,
A0A8H4YPP2,PIF1,Fusarium anthophilum,48485,Pezizomycotina,Sordariomycetes,Hypocreales,Nectriaceae,Fusarium,821,unreviewed,AFDB,6,62.66,True,/Users/spencergray/Desktop/pif1-foldtree/data/structures/afdb/AF-A0A8H4YPP2-F1-model_v6.cif,
A0A8H5J614,PIF1,Fusarium napiforme,42672,Pezizomycotina,Sordariomycetes,Hypocreales,Nectriaceae,Fusarium,820,unreviewed,AFDB,6,62.56,True,/Users/spencergray/Desktop/pif1-foldtree/data/structures/afdb/AF-A0A8H5J614-F1-model_v6.cif,
A0A8H5UR89,PIF1,Fusarium pseudocircinatum,56676,Pezizomycotina,Sordariomycetes,Hypocreales,Nectriaceae,Fusarium,820,unreviewed,AFDB,6,61.44,True,/Users/spencergray/Desktop/pif1-foldtree/data/structures/afdb/AF-A0A8H5UR89-F1-model_v6.cif,
A0A8H6KXX6,PIF1,Colletotrichum plurivorum,2175906,Pezizomycotina,Sordariomycetes,Glomerellales,Glomerellaceae,Colletotrichum,892,unreviewed,AFDB,6,60.59,True,/Users/spencergray/Desktop/pif1-foldtree/data/structures/afdb/AF-A0A8H6KXX6-F1-model_v6.cif,
A0A8H8RV52,pif1,Lachnellula occidentalis,215460,Pezizomycotina,Leotiomycetes,Helotiales,Lachnaceae,Lachnellula,879,unreviewed,AFDB,6,62.09,True,/Users/spencergray/Desktop/pif1-foldtree/data/structures/afdb/AF-A0A8H8RV52-F1-model_v6.cif,
A0A8J2TAJ9,PIF1,Zygosaccharomyces bailii (strain CLIB 213 / ATCC 58445 / CBS 680 / BCRC 21525 / NBRC 1098 / NCYC 1416 / NRRL Y-2227),1333698,Saccharomycotina,Saccharomycetes,Saccharomycetales,Saccharomycetaceae,Zygosaccharomyces,874,unreviewed,AFDB,6,62.84,True,/Users/spencergray/Desktop/pif1-foldtree/data/structures/afdb/AF-A0A8J2TAJ9-F1-model_v6.cif,
A0A8T9B5J8,pif1,Lachnellula arida,1316785,Pezizomycotina,Leotiomycetes,Helotiales,Lachnaceae,Lachnellula,883,unreviewed,AFDB,6,60.81,True,/Users/spencergray/Desktop/pif1-foldtree/data/structures/afdb/AF-A0A8T9B5J8-F1-model_v6.cif,
A0A9P0QU44,PIF1,[Candida] railenensis,45579,Saccharomycotina,Pichiomycetes,Serinales,Debaryomycetaceae,Kurtzmaniella,714,unreviewed,AFDB,6,69.12,True,/Users/spencergray/Desktop/pif1-foldtree/data/structures/afdb/AF-A0A9P0QU44-F1-model_v6.cif,
A0A9P3CP80,PIF1,Cercospora kikuchii,84275,Pezizomycotina,Dothideomycetes,Mycosphaerellales,Mycosphaerellaceae,Cercospora,928,unreviewed,AFDB,6,61.22,True,/Users/spencergray/Desktop/pif1-foldtree/data/structures/afdb/AF-A0A9P3CP80-F1-model_v6.cif,
A0A9P6VJM9,PIF1,Hyphodiscus hymeniophilus,353542,Pezizomycotina,Leotiomycetes,Helotiales,Hyphodiscaceae,Hyphodiscus,873,unreviewed,AFDB,6,62.75,True,/Users/spencergray/Desktop/pif1-foldtree/data/structures/afdb/AF-A0A9P6VJM9-F1-model_v6.cif,
A0A9P8Q4R9,PIF1,Wickerhamomyces pijperi (Yeast) (Pichia pijperi),599730,Saccharomycotina,Saccharomycetes,Phaffomycetales,Wickerhamomycetaceae,Wickerhamomyces,687,unreviewed,AFDB,6,71.94,True,/Users/spencergray/Desktop/pif1-foldtree/data/structures/afdb/AF-A0A9P8Q4R9-F1-model_v6.cif,
A0A9Q8SIE6,PIF1,Colletotrichum lupini,145971,Pezizomycotina,Sordariomycetes,Glomerellales,Glomerellaceae,Colletotrichum,923,unreviewed,AFDB,6,59.03,True,/Users/spencergray/Desktop/pif1-foldtree/data/structures/afdb/AF-A0A9Q8SIE6-F1-model_v6.cif,
A0A9Q9EGB7,PIF1,Septoria linicola,215465,Pezizomycotina,Dothideomycetes,Mycosphaerellales,Mycosphaerellaceae,Septoria,852,unreviewed,AFDB,6,62.16,True,/Users/spencergray/Desktop/pif1-foldtree/data/structures/afdb/AF-A0A9Q9EGB7-F1-model_v6.cif,
A0A9W4UE87,PIF1,Periconia digitata,1303443,Pezizomycotina,Dothideomycetes,Pleosporales,Periconiaceae,Periconia,854,unreviewed,AFDB,6,61.69,True,/Users/spencergray/Desktop/pif1-foldtree/data/structures/afdb/AF-A0A9W4UE87-F1-model_v6.cif,
A0A9W8UIP0,PIF1,Akanthomyces muscarius (Entomopathogenic fungus) (Lecanicillium muscarium),2231603,Pezizomycotina,Sordariomycetes,Hypocreales,Cordycipitaceae,Akanthomyces,803,unreviewed,AFDB,6,62.75,True,/Users/spencergray/Desktop/pif1-foldtree/data/structures/afdb/AF-A0A9W8UIP0-F1-model_v6.cif,
A0A9W9RAK9,PIF1,Penicillium concentricum,293559,Pezizomycotina,Eurotiomycetes,Eurotiales,Aspergillaceae,Penicillium,761,unreviewed,AFDB,6,64.31,True,/Users/spencergray/Desktop/pif1-foldtree/data/structures/afdb/AF-A0A9W9RAK9-F1-model_v6.cif,
A0A9W9XR84,PIF1,Penicillium fimorum,1882269,Pezizomycotina,Eurotiomycetes,Eurotiales,Aspergillaceae,Penicillium,762,unreviewed,AFDB,6,64.12,True,/Users/spencergray/Desktop/pif1-foldtree/data/structures/afdb/AF-A0A9W9XR84-F1-model_v6.cif,
A0AA35NL61,SKDI13G0780,Saccharomyces kudriavzevii (strain ATCC MYA-4449 / AS 2.2408 / CBS 8840 / NBRC 1802 / NCYC 2889) (Yeast),226230,Saccharomycotina,Saccharomycetes,Saccharomycetales,Saccharomycetaceae,Saccharomyces,857,unreviewed,AFDB,6,64.12,True,/Users/spencergray/Desktop/pif1-foldtree/data/structures/afdb/AF-A0AA35NL61-F1-model_v6.cif,
A0AA38VV67,PIF1,Coniochaeta hoffmannii,91930,Pezizomycotina,Sordariomycetes,Coniochaetales,Coniochaetaceae,Coniochaeta,825,unreviewed,AFDB,6,61.31,True,/Users/spencergray/Desktop/pif1-foldtree/data/structures/afdb/AF-A0AA38VV67-F1-model_v6.cif,
A0AA39L6U6,PIF1,Sarocladium strictum (Black bundle disease fungus) (Acremonium strictum),5046,Pezizomycotina,Sordariomycetes,Hypocreales,Sarocladiaceae,Sarocladium,866,unreviewed,AFDB,6,60.47,True,/Users/spencergray/Desktop/pif1-foldtree/data/structures/afdb/AF-A0AA39L6U6-F1-model_v6.cif,
A0AAD5RWL4,PIF1,Zalerion maritima,339359,Pezizomycotina,Sordariomycetes,Lulworthiales,Lulworthiaceae,Zalerion,919,unreviewed,AFDB,6,58.62,True,/Users/spencergray/Desktop/pif1-foldtree/data/structures/afdb/AF-A0AAD5RWL4-F1-model_v6.cif,
A0AAD6H8K2,PIF1,Penicillium hordei,40994,Pezizomycotina,Eurotiomycetes,Eurotiales,Aspergillaceae,Penicillium,718,unreviewed,AFDB,6,66.06,True,/Users/spencergray/Desktop/pif1-foldtree/data/structures/afdb/AF-A0AAD6H8K2-F1-model_v6.cif,
A0AAD6MU90,PIF1,Penicillium malachiteum,1324776,Pezizomycotina,Eurotiomycetes,Eurotiales,Aspergillaceae,Penicillium,766,unreviewed,AFDB,6,64.94,True,/Users/spencergray/Desktop/pif1-foldtree/data/structures/afdb/AF-A0AAD6MU90-F1-model_v6.cif,
A0AAD9I3P7,PIF1,Phyllachora maydis,1825666,Pezizomycotina,Sordariomycetes,Phyllachorales,Phyllachoraceae,Phyllachora,562,unreviewed,AFDB,6,74.62,True,/Users/spencergray/Desktop/pif1-foldtree/data/structures/afdb/AF-A0AAD9I3P7-F1-model_v6.cif,
A0AAE8SVQ8,PIF1,Cephalotrichum gorgonifer,2041049,Pezizomycotina,Sordariomycetes,Microascales,Microascaceae,Cephalotrichum,854,unreviewed,AFDB,6,61.03,True,/Users/spencergray/Desktop/pif1-foldtree/data/structures/afdb/AF-A0AAE8SVQ8-F1-model_v6.cif,
A0AAI8YJ59,PIF1,Anthostomella pinea,933095,Pezizomycotina,Sordariomycetes,Xylariales,Xylariaceae,Anthostomella,879,unreviewed,AFDB,6,60.28,True,/Users/spencergray/Desktop/pif1-foldtree/data/structures/afdb/AF-A0AAI8YJ59-F1-model_v6.cif,
A0AAI9XWQ1,PIF1,Colletotrichum melonis,1209925,Pezizomycotina,Sordariomycetes,Glomerellales,Glomerellaceae,Colletotrichum,834,unreviewed,AFDB,6,62.25,True,/Users/spencergray/Desktop/pif1-foldtree/data/structures/afdb/AF-A0AAI9XWQ1-F1-model_v6.cif,
A0AAQ3M7G8,PIF1,Acrodontium crateriforme,150365,Pezizomycotina,Dothideomycetes,Mycosphaerellales,Teratosphaeriaceae,Acrodontium,848,unreviewed,AFDB,6,61.59,True,/Users/spencergray/Desktop/pif1-foldtree/data/structures/afdb/AF-A0AAQ3M7G8-F1-model_v6.cif,
A0AAV5R7D5,PIF1,Pichia kluyveri (Yeast),36015,Saccharomycotina,Pichiomycetes,Pichiales,Pichiaceae,Pichia,690,unreviewed,AFDB,6,70.62,True,/Users/spencergray/Desktop/pif1-foldtree/data/structures/afdb/AF-A0AAV5R7D5-F1-model_v6.cif,
A0AAV9X1R8,PIF1,Orbilia ellipsospora,2528407,Pezizomycotina,Orbiliomycetes,Orbiliales,Orbiliaceae,Orbilia,989,unreviewed,AFDB,6,58.38,True,/Users/spencergray/Desktop/pif1-foldtree/data/structures/afdb/AF-A0AAV9X1R8-F1-model_v6.cif,
A0AAX4HXM9,PIF1,Colletotrichum destructivum,34406,Pezizomycotina,Sordariomycetes,Glomerellales,Glomerellaceae,Colletotrichum,884,unreviewed,AFDB,6,60.84,True,/Users/spencergray/Desktop/pif1-foldtree/data/structures/afdb/AF-A0AAX4HXM9-F1-model_v6.cif,
A0ABN8VSG3,U6500O01980,Saccharomyces eubayanus (Yeast),1080349,Saccharomycotina,Saccharomycetes,Saccharomycetales,Saccharomycetaceae,Saccharomyces,731,unreviewed,MISSING_predict_with_AF3,,,,,
A0ABP0EFL8,PIF1,[Candida] anglica,148631,Saccharomycotina,Pichiomycetes,Serinales,Debaryomycetaceae,Kurtzmaniella,909,unreviewed,MISSING_predict_with_AF3,,,,,
A0ABQ7IPQ8,PIF1,Botrytis deweyae,2478750,Pezizomycotina,Leotiomycetes,Helotiales,Sclerotiniaceae,Botrytis,911,unreviewed,MISSING_predict_with_AF3,,,,,
A0ABQ9RPP9,PIF1,Colletotrichum tamarilloi,1209934,Pezizomycotina,Sordariomycetes,Glomerellales,Glomerellaceae,Colletotrichum,834,unreviewed,MISSING_predict_with_AF3,,,,,
A0ABR0F5M0,PIF1,Podospora bellae-mahoneyi,2093777,Pezizomycotina,Sordariomycetes,Sordariales,Podosporaceae,Podospora,900,unreviewed,MISSING_predict_with_AF3,,,,,
A0ABR0G3Y6,PIF1,Podospora pseudocomata,2093779,Pezizomycotina,Sordariomycetes,Sordariales,Podosporaceae,Podospora,900,unreviewed,MISSING_predict_with_AF3,,,,,
A0ABR0SAG8,PIF1,Cladobotryum mycophilum,491253,Pezizomycotina,Sordariomycetes,Hypocreales,Hypocreaceae,Cladobotryum,832,unreviewed,MISSING_predict_with_AF3,,,,,
A0ABR1RWV5,PIF1,Apiospora rasikravindrae,990691,Pezizomycotina,Sordariomycetes,Amphisphaeriales,Apiosporaceae,Apiospora,876,unreviewed,MISSING_predict_with_AF3,,,,,
A0ABR3P4W3,PIF1,Neodothiora populina,2781224,Pezizomycotina,Dothideomycetes,Dothideales,Dothioraceae,Neodothiora,870,unreviewed,MISSING_predict_with_AF3,,,,,
A0ABR4D136,PIF1,Oculimacula yallundae,86028,Pezizomycotina,Leotiomycetes,Helotiales,Ploettnerulaceae,Oculimacula,970,unreviewed,MISSING_predict_with_AF3,,,,,
A0ABR4F3V5,PIF1,Diaporthe vaccinii,105482,Pezizomycotina,Sordariomycetes,Diaporthales,Diaporthaceae,Diaporthe,516,unreviewed,MISSING_predict_with_AF3,,,,,
A0ABR4MDG3,PIF1,Ceratocystis lukuohia,2019550,Pezizomycotina,Sordariomycetes,Microascales,Ceratocystidaceae,Ceratocystis,751,unreviewed,MISSING_predict_with_AF3,,,,,
A0ABR4NXG5,PIF1,Nakaseomyces bracarensis,273131,Saccharomycotina,Saccharomycetes,Saccharomycetales,Saccharomycetaceae,Nakaseomyces,919,unreviewed,MISSING_predict_with_AF3,,,,,
A0ABY0HA38,PIF1,Monosporascus cannonballus,155416,Pezizomycotina,Sordariomycetes,Xylariales,,Monosporascus,803,unreviewed,MISSING_predict_with_AF3,,,,,
A0ABY6US88,PIF1,Bionectria ochroleuca (Gliocladium roseum),29856,Pezizomycotina,Sordariomycetes,Hypocreales,Bionectriaceae,Clonostachys,799,unreviewed,MISSING_predict_with_AF3,,,,,
A7EDF0,PIF1,Sclerotinia sclerotiorum (strain ATCC 18683 / 1980 / Ss-1) (White mold) (Whetzelinia sclerotiorum),665079,Pezizomycotina,Leotiomycetes,Helotiales,Sclerotiniaceae,Sclerotinia,907,unreviewed,AFDB,6,60.94,True,/Users/spencergray/Desktop/pif1-foldtree/data/structures/afdb/AF-A7EDF0-F1-model_v6.cif,
A7TJ00,RRM3,Vanderwaltozyma polyspora (strain ATCC 22028 / DSM 70294 / BCRC 21397 / CBS 2163 / NBRC 10782 / NRRL Y-8283 / UCD 57-17) (Kluyveromyces polysporus),436907,Saccharomycotina,Saccharomycetes,Saccharomycetales,Saccharomycetaceae,Vanderwaltozyma,732,unreviewed,AFDB,6,68.44,True,/Users/spencergray/Desktop/pif1-foldtree/data/structures/afdb/AF-A7TJ00-F1-model_v6.cif,
B3LSF2,RRM3,Saccharomyces cerevisiae (strain RM11-1a) (Baker's yeast),285006,Saccharomycotina,Saccharomycetes,Saccharomycetales,Saccharomycetaceae,Saccharomyces,723,unreviewed,AFDB,6,69.0,True,/Users/spencergray/Desktop/pif1-foldtree/data/structures/afdb/AF-B3LSF2-F1-model_v6.cif,
B8LYE9,PIF1,Talaromyces stipitatus (strain ATCC 10500 / CBS 375.48 / QM 6759 / NRRL 1006) (Penicillium stipitatum),441959,Pezizomycotina,Eurotiomycetes,Eurotiales,Trichocomaceae,Talaromyces,808,unreviewed,AFDB,6,62.06,True,/Users/spencergray/Desktop/pif1-foldtree/data/structures/afdb/AF-B8LYE9-F1-model_v6.cif,
B9WMD7,PIF1,Candida dubliniensis (strain CD36 / ATCC MYA-646 / CBS 7987 / NCPF 3949 / NRRL Y-17841) (Yeast),573826,Saccharomycotina,Pichiomycetes,Serinales,Debaryomycetaceae,Candida,907,unreviewed,AFDB,6,57.5,True,/Users/spencergray/Desktop/pif1-foldtree/data/structures/afdb/AF-B9WMD7-F1-model_v6.cif,
C1GI25,PIF1,Paracoccidioides brasiliensis (strain Pb18),502780,Pezizomycotina,Eurotiomycetes,Onygenales,Ajellomycetaceae,Paracoccidioides,797,unreviewed,AFDB,6,63.38,True,/Users/spencergray/Desktop/pif1-foldtree/data/structures/afdb/AF-C1GI25-F1-model_v6.cif,
C5E0W3,RRM3,Zygosaccharomyces rouxii (strain ATCC 2623 / CBS 732 / NBRC 1130 / NCYC 568 / NRRL Y-229),559307,Saccharomycotina,Saccharomycetes,Saccharomycetales,Saccharomycetaceae,Zygosaccharomyces,642,unreviewed,AFDB,6,72.81,True,/Users/spencergray/Desktop/pif1-foldtree/data/structures/afdb/AF-C5E0W3-F1-model_v6.cif,
E9DY51,PIF1,Metarhizium acridum (strain CQMa 102),655827,Pezizomycotina,Sordariomycetes,Hypocreales,Clavicipitaceae,Metarhizium,915,unreviewed,AFDB,6,58.41,True,/Users/spencergray/Desktop/pif1-foldtree/data/structures/afdb/AF-E9DY51-F1-model_v6.cif,
F0XHJ8,PIF1,Grosmannia clavigera (strain kw1407 / UAMH 11150) (Blue stain fungus) (Graphiocladiella clavigera),655863,Pezizomycotina,Sordariomycetes,Ophiostomatales,Ophiostomataceae,Leptographium,819,unreviewed,AFDB,6,59.03,True,/Users/spencergray/Desktop/pif1-foldtree/data/structures/afdb/AF-F0XHJ8-F1-model_v6.cif,
F2T115,PIF1,Trichophyton rubrum (strain ATCC MYA-4607 / CBS 118892) (Athlete's foot fungus),559305,Pezizomycotina,Eurotiomycetes,Onygenales,Arthrodermataceae,Trichophyton,780,unreviewed,AFDB,6,61.59,True,/Users/spencergray/Desktop/pif1-foldtree/data/structures/afdb/AF-F2T115-F1-model_v6.cif,
G0W9L4,NDAI0D01610,Naumovozyma dairenensis (strain ATCC 10597 / BCRC 20456 / CBS 421 / NBRC 0211 / NRRL Y-12639) (Saccharomyces dairenensis),1071378,Saccharomycotina,Saccharomycetes,Saccharomycetales,Saccharomycetaceae,Naumovozyma,759,unreviewed,AFDB,6,66.56,True,/Users/spencergray/Desktop/pif1-foldtree/data/structures/afdb/AF-G0W9L4-F1-model_v6.cif,
G3JM88,PIF1,Cordyceps militaris (strain CM01) (Caterpillar fungus),983644,Pezizomycotina,Sordariomycetes,Hypocreales,Cordycipitaceae,Cordyceps,853,unreviewed,AFDB,6,56.28,True,/Users/spencergray/Desktop/pif1-foldtree/data/structures/afdb/AF-G3JM88-F1-model_v6.cif,
G8JWH4,RRM3,Eremothecium cymbalariae (strain CBS 270.75 / DBVPG 7215 / KCTC 17166 / NRRL Y-17582) (Yeast),931890,Saccharomycotina,Saccharomycetes,Saccharomycetales,Saccharomycetaceae,Eremothecium,730,unreviewed,AFDB,6,68.12,True,/Users/spencergray/Desktop/pif1-foldtree/data/structures/afdb/AF-G8JWH4-F1-model_v6.cif,
G8ZVF0,TDEL0E03510,Torulaspora delbrueckii (Yeast) (Candida colliculosa),4950,Saccharomycotina,Saccharomycetes,Saccharomycetales,Saccharomycetaceae,Torulaspora,669,unreviewed,AFDB,6,71.62,True,/Users/spencergray/Desktop/pif1-foldtree/data/structures/afdb/AF-G8ZVF0-F1-model_v6.cif,
H6BKX2,PIF1,Exophiala dermatitidis (strain ATCC 34100 / CBS 525.76 / NIH/UT8656) (Black yeast) (Wangiella dermatitidis),858893,Pezizomycotina,Eurotiomycetes,Chaetothyriales,Herpotrichiellaceae,Exophiala,798,unreviewed,AFDB,6,64.0,True,/Users/spencergray/Desktop/pif1-foldtree/data/structures/afdb/AF-H6BKX2-F1-model_v6.cif,
J7S460,KNAG0M01440,Huiozyma naganishii (strain ATCC MYA-139 / BCRC 22969 / CBS 8797 / KCTC 17520 / NBRC 10181 / NCYC 3082 / Yp74L-3) (Yeast) (Kazachstania naganishii),1071383,Saccharomycotina,Saccharomycetes,Saccharomycetales,Saccharomycetaceae,Huiozyma,719,unreviewed,AFDB,6,67.69,True,/Users/spencergray/Desktop/pif1-foldtree/data/structures/afdb/AF-J7S460-F1-model_v6.cif,
K1WPA9,PIF1,Marssonina brunnea f. sp. multigermtubi (strain MB_m1) (Marssonina leaf spot fungus),1072389,Pezizomycotina,Leotiomycetes,Helotiales,Drepanopezizaceae,Drepanopeziza,873,unreviewed,AFDB,6,61.41,True,/Users/spencergray/Desktop/pif1-foldtree/data/structures/afdb/AF-K1WPA9-F1-model_v6.cif,
L2G0F7,pif1-2,Colletotrichum fructicola (strain Nara gc5) (Anthracnose fungus) (Colletotrichum gloeosporioides (strain Nara gc5)),1213859,Pezizomycotina,Sordariomycetes,Glomerellales,Glomerellaceae,Colletotrichum,853,unreviewed,AFDB,6,61.94,True,/Users/spencergray/Desktop/pif1-foldtree/data/structures/afdb/AF-L2G0F7-F1-model_v6.cif,
Q4WVU7,PIF1,Aspergillus fumigatus (strain ATCC MYA-4609 / CBS 101355 / FGSC A1100 / Af293) (Neosartorya fumigata),330879,Pezizomycotina,Eurotiomycetes,Eurotiales,Aspergillaceae,Aspergillus,788,unreviewed,AFDB,6,64.38,True,/Users/spencergray/Desktop/pif1-foldtree/data/structures/afdb/AF-Q4WVU7-F1-model_v6.cif,
Q6FPW0,RRM3,Candida glabrata (strain ATCC 2001 / BCRC 20586 / JCM 3761 / NBRC 0622 / NRRL Y-65 / CBS 138) (Yeast) (Nakaseomyces glabratus),284593,Saccharomycotina,Saccharomycetes,Saccharomycetales,Saccharomycetaceae,Nakaseomyces,705,unreviewed,AFDB,6,68.06,True,/Users/spencergray/Desktop/pif1-foldtree/data/structures/afdb/AF-Q6FPW0-F1-model_v6.cif,
Q756Y6,PIF1,Eremothecium gossypii (strain ATCC 10895 / CBS 109.51 / FGSC 9923 / NRRL Y-1056) (Yeast) (Ashbya gossypii),284811,Saccharomycotina,Saccharomycetes,Saccharomycetales,Saccharomycetaceae,Eremothecium,802,unreviewed,AFDB,6,64.75,True,/Users/spencergray/Desktop/pif1-foldtree/data/structures/afdb/AF-Q756Y6-F1-model_v6.cif,
A0A086SVX6,PIF1,Hapsidospora chrysogenum (strain ATCC 11550 / CBS 779.69 / DSM 880 / IAM 14645 / JCM 23072 / IMI 49137) (Acremonium chrysogenum),857340,Pezizomycotina,Sordariomycetes,Hypocreales,Bionectriaceae,Hapsidospora,792,unreviewed,AFDB,6,63.66,True,/Users/spencergray/Desktop/pif1-foldtree/data/structures/afdb/AF-A0A086SVX6-F1-model_v6.cif,
A0A090CWN8,PIF1,Podospora anserina (strain S / ATCC MYA-4624 / DSM 980 / FGSC 10383) (Pleurage anserina),515849,Pezizomycotina,Sordariomycetes,Sordariales,Podosporaceae,Podospora,835,unreviewed,AFDB,6,61.69,True,/Users/spencergray/Desktop/pif1-foldtree/data/structures/afdb/AF-A0A090CWN8-F1-model_v6.cif,
A0A0A2KQC3,PIF1,Penicillium expansum (Blue mold rot fungus),27334,Pezizomycotina,Eurotiomycetes,Eurotiales,Aspergillaceae,Penicillium,720,unreviewed,AFDB,6,66.31,True,/Users/spencergray/Desktop/pif1-foldtree/data/structures/afdb/AF-A0A0A2KQC3-F1-model_v6.cif,
A0A0D9NSG7,PIF1,Metarhizium anisopliae BRIP 53293,1291518,Pezizomycotina,Sordariomycetes,Hypocreales,Clavicipitaceae,Metarhizium,813,unreviewed,AFDB,6,61.72,True,/Users/spencergray/Desktop/pif1-foldtree/data/structures/afdb/AF-A0A0D9NSG7-F1-model_v6.cif,
A0A0F4YPA8,PIF1,Rasamsonia emersonii (strain ATCC 16479 / CBS 393.64 / IMI 116815),1408163,Pezizomycotina,Eurotiomycetes,Eurotiales,Trichocomaceae,Rasamsonia,709,unreviewed,AFDB,6,67.19,True,/Users/spencergray/Desktop/pif1-foldtree/data/structures/afdb/AF-A0A0F4YPA8-F1-model_v6.cif,
A0A0F4ZHF8,PIF1,Thielaviopsis punctulata,72032,Pezizomycotina,Sordariomycetes,Microascales,Ceratocystidaceae,Thielaviopsis,697,unreviewed,AFDB,6,66.25,True,/Users/spencergray/Desktop/pif1-foldtree/data/structures/afdb/AF-A0A0F4ZHF8-F1-model_v6.cif,
A0A0G4KXU7,PIF1,Verticillium longisporum (Verticillium dahliae var. longisporum),100787,Pezizomycotina,Sordariomycetes,Glomerellales,Plectosphaerellaceae,Verticillium,876,unreviewed,AFDB,6,60.09,True,/Users/spencergray/Desktop/pif1-foldtree/data/structures/afdb/AF-A0A0G4KXU7-F1-model_v6.cif,
A0A0M9VTS8,PIF1,Escovopsis weberi,150374,Pezizomycotina,Sordariomycetes,Hypocreales,Hypocreaceae,Escovopsis,839,unreviewed,AFDB,6,61.38,True,/Users/spencergray/Desktop/pif1-foldtree/data/structures/afdb/AF-A0A0M9VTS8-F1-model_v6.cif,
A0A0N0DEY4,PIF1,Fusarium langsethiae,179993,Pezizomycotina,Sordariomycetes,Hypocreales,Nectriaceae,Fusarium,822,unreviewed,AFDB,6,62.31,True,/Users/spencergray/Desktop/pif1-foldtree/data/structures/afdb/AF-A0A0N0DEY4-F1-model_v6.cif,
A0A0P7BBB4,PIF1,Neonectria ditissima,78410,Pezizomycotina,Sordariomycetes,Hypocreales,Nectriaceae,Neonectria,827,unreviewed,AFDB,6,62.41,True,/Users/spencergray/Desktop/pif1-foldtree/data/structures/afdb/AF-A0A0P7BBB4-F1-model_v6.cif,
A0A135LFH1,PIF1,Penicillium patulum (Penicillium griseofulvum),5078,Pezizomycotina,Eurotiomycetes,Eurotiales,Aspergillaceae,Penicillium,719,unreviewed,AFDB,6,67.06,True,/Users/spencergray/Desktop/pif1-foldtree/data/structures/afdb/AF-A0A135LFH1-F1-model_v6.cif,
A0A139HGG1,PIF1,Pseudocercospora eumusae,321146,Pezizomycotina,Dothideomycetes,Mycosphaerellales,Mycosphaerellaceae,Pseudocercospora,858,unreviewed,AFDB,6,63.0,True,/Users/spencergray/Desktop/pif1-foldtree/data/structures/afdb/AF-A0A139HGG1-F1-model_v6.cif,
A0A139IDY3,PIF1,Pseudocercospora musae,113226,Pezizomycotina,Dothideomycetes,Mycosphaerellales,Mycosphaerellaceae,Pseudocercospora,921,unreviewed,AFDB,6,60.75,True,/Users/spencergray/Desktop/pif1-foldtree/data/structures/afdb/AF-A0A139IDY3-F1-model_v6.cif,
A0A151GWK7,PIF1,Drechmeria coniospora (Nematophagous fungus) (Meria coniospora),98403,Pezizomycotina,Sordariomycetes,Hypocreales,Ophiocordycipitaceae,Drechmeria,878,unreviewed,AFDB,6,60.5,True,/Users/spencergray/Desktop/pif1-foldtree/data/structures/afdb/AF-A0A151GWK7-F1-model_v6.cif,
A0A166NVT2,PIF1,Colletotrichum tofieldiae,708197,Pezizomycotina,Sordariomycetes,Glomerellales,Glomerellaceae,Colletotrichum,844,unreviewed,AFDB,6,62.69,True,/Users/spencergray/Desktop/pif1-foldtree/data/structures/afdb/AF-A0A166NVT2-F1-model_v6.cif,
A0A166U4T1,PIF1,Moelleriella libera RCEF 2490,1081109,Pezizomycotina,Sordariomycetes,Hypocreales,Clavicipitaceae,Moelleriella,1499,unreviewed,MISSING_predict_with_AF3,,,,,
A0A168C8M9,PIF1,Ascosphaera apis ARSEF 7405,392613,Pezizomycotina,Eurotiomycetes,Onygenales,Ascosphaeraceae,Ascosphaera,957,unreviewed,AFDB,6,57.72,True,/Users/spencergray/Desktop/pif1-foldtree/data/structures/afdb/AF-A0A168C8M9-F1-model_v6.cif,
A0A1C1C9U7,pif1,Cladophialophora carrionii,86049,Pezizomycotina,Eurotiomycetes,Chaetothyriales,Herpotrichiellaceae,Cladophialophora,763,unreviewed,AFDB,6,68.0,True,/Users/spencergray/Desktop/pif1-foldtree/data/structures/afdb/AF-A0A1C1C9U7-F1-model_v6.cif,
A0A1E5R8N0,PIF1,Hanseniaspora opuntiae,211096,Saccharomycotina,Saccharomycetes,Saccharomycodales,Saccharomycodaceae,Hanseniaspora,759,unreviewed,AFDB,6,68.06,True,/Users/spencergray/Desktop/pif1-foldtree/data/structures/afdb/AF-A0A1E5R8N0-F1-model_v6.cif,
A0A1G4KDP5,PIF1,Lachancea mirantina,1230905,Saccharomycotina,Saccharomycetes,Saccharomycetales,Saccharomycetaceae,Lachancea,814,unreviewed,AFDB,6,65.25,True,/Users/spencergray/Desktop/pif1-foldtree/data/structures/afdb/AF-A0A1G4KDP5-F1-model_v6.cif,
A0A1G4KMC5,RRM3,Lachancea nothofagi CBS 11611,1266666,Saccharomycotina,Saccharomycetes,Saccharomycetales,Saccharomycetaceae,Lachancea,677,unreviewed,AFDB,6,71.69,True,/Users/spencergray/Desktop/pif1-foldtree/data/structures/afdb/AF-A0A1G4KMC5-F1-model_v6.cif,
A0A1J9QQT4,PIF1,Diplodia corticola,236234,Pezizomycotina,Dothideomycetes,Botryosphaeriales,Botryosphaeriaceae,Diplodia,618,unreviewed,AFDB,6,71.31,True,/Users/spencergray/Desktop/pif1-foldtree/data/structures/afdb/AF-A0A1J9QQT4-F1-model_v6.cif,
A0A1J9S2U9,PIF1,Diplodia corticola,236234,Pezizomycotina,Dothideomycetes,Botryosphaeriales,Botryosphaeriaceae,Diplodia,859,unreviewed,AFDB,6,62.38,True,/Users/spencergray/Desktop/pif1-foldtree/data/structures/afdb/AF-A0A1J9S2U9-F1-model_v6.cif,
A0A1L0BTK2,PIF1,Sungouiella intermedia,45354,Saccharomycotina,Pichiomycetes,Serinales,Metschnikowiaceae,Sungouiella,667,unreviewed,AFDB,6,72.12,True,/Users/spencergray/Desktop/pif1-foldtree/data/structures/afdb/AF-A0A1L0BTK2-F1-model_v6.cif,
A0A1Q2YI20,PIF1,Pichia membranifaciens,4926,Saccharomycotina,Pichiomycetes,Pichiales,Pichiaceae,Pichia,908,unreviewed,AFDB,6,59.44,True,/Users/spencergray/Desktop/pif1-foldtree/data/structures/afdb/AF-A0A1Q2YI20-F1-model_v6.cif,
A0A1Q8RAQ6,PIF1,Colletotrichum chlorophyti,708187,Pezizomycotina,Sordariomycetes,Glomerellales,Glomerellaceae,Colletotrichum,842,unreviewed,AFDB,6,62.84,True,/Users/spencergray/Desktop/pif1-foldtree/data/structures/afdb/AF-A0A1Q8RAQ6-F1-model_v6.cif,
A0A1T3CVP8,PIF1,Trichoderma guizhouense,1491466,Pezizomycotina,Sordariomycetes,Hypocreales,Hypocreaceae,Trichoderma,840,unreviewed,AFDB,6,61.38,True,/Users/spencergray/Desktop/pif1-foldtree/data/structures/afdb/AF-A0A1T3CVP8-F1-model_v6.cif,
A0A1V6QBT2,PIF1,Penicillium antarcticum,416450,Pezizomycotina,Eurotiomycetes,Eurotiales,Aspergillaceae,Penicillium,716,unreviewed,AFDB,6,66.88,True,/Users/spencergray/Desktop/pif1-foldtree/data/structures/afdb/AF-A0A1V6QBT2-F1-model_v6.cif,
A0A1V6RMZ5,PIF1,Penicillium solitum,60172,Pezizomycotina,Eurotiomycetes,Eurotiales,Aspergillaceae,Penicillium,718,unreviewed,AFDB,6,66.62,True,/Users/spencergray/Desktop/pif1-foldtree/data/structures/afdb/AF-A0A1V6RMZ5-F1-model_v6.cif,
A0A1V6RZK0,PIF1,Penicillium vulpinum,29845,Pezizomycotina,Eurotiomycetes,Eurotiales,Aspergillaceae,Penicillium,762,unreviewed,AFDB,6,65.0,True,/Users/spencergray/Desktop/pif1-foldtree/data/structures/afdb/AF-A0A1V6RZK0-F1-model_v6.cif,
A0A1V6V0V5,PIF1,Penicillium coprophilum,36646,Pezizomycotina,Eurotiomycetes,Eurotiales,Aspergillaceae,Penicillium,715,unreviewed,AFDB,6,66.56,True,/Users/spencergray/Desktop/pif1-foldtree/data/structures/afdb/AF-A0A1V6V0V5-F1-model_v6.cif,
A0A1V6Z3Y5,PIF1,Penicillium nalgiovense,60175,Pezizomycotina,Eurotiomycetes,Eurotiales,Aspergillaceae,Penicillium,763,unreviewed,AFDB,6,65.12,True,/Users/spencergray/Desktop/pif1-foldtree/data/structures/afdb/AF-A0A1V6Z3Y5-F1-model_v6.cif,
A0A1X7RKD9,PIF1,Zymoseptoria tritici (strain ST99CH_3D7),1276538,Pezizomycotina,Dothideomycetes,Mycosphaerellales,Mycosphaerellaceae,Zymoseptoria,833,unreviewed,AFDB,6,62.34,True,/Users/spencergray/Desktop/pif1-foldtree/data/structures/afdb/AF-A0A1X7RKD9-F1-model_v6.cif,
A0A1Y2M700,PIF1,Epicoccum nigrum (Soil fungus) (Epicoccum purpurascens),105696,Pezizomycotina,Dothideomycetes,Pleosporales,Didymellaceae,Epicoccum,802,unreviewed,AFDB,6,63.47,True,/Users/spencergray/Desktop/pif1-foldtree/data/structures/afdb/AF-A0A1Y2M700-F1-model_v6.cif,
A0A2C5XF89,PIF1,Ophiocordyceps australis,1399860,Pezizomycotina,Sordariomycetes,Hypocreales,Ophiocordycipitaceae,Ophiocordyceps,830,unreviewed,AFDB,6,61.81,True,/Users/spencergray/Desktop/pif1-foldtree/data/structures/afdb/AF-A0A2C5XF89-F1-model_v6.cif,
A0A2K0WHU4,PIF1,Gibberella nygamai (Bean root rot disease fungus) (Fusarium nygamai),42673,Pezizomycotina,Sordariomycetes,Hypocreales,Nectriaceae,Fusarium,821,unreviewed,AFDB,6,62.81,True,/Users/spencergray/Desktop/pif1-foldtree/data/structures/afdb/AF-A0A2K0WHU4-F1-model_v6.cif,
A0A2K3Q965,PIF1,Tolypocladium capitatum,45235,Pezizomycotina,Sordariomycetes,Hypocreales,Ophiocordycipitaceae,Tolypocladium,1851,unreviewed,MISSING_predict_with_AF3,,,,,
A0A2P6FGS0,PIF1,Pseudogymnoascus verrucosus,342668,Pezizomycotina,Leotiomycetes,Thelebolales,Thelebolaceae,Pseudogymnoascus,974,unreviewed,AFDB,6,58.91,True,/Users/spencergray/Desktop/pif1-foldtree/data/structures/afdb/AF-A0A2P6FGS0-F1-model_v6.cif,
A0A2T4GQX9,PIF1,Fusarium culmorum,5516,Pezizomycotina,Sordariomycetes,Hypocreales,Nectriaceae,Fusarium,856,unreviewed,AFDB,6,61.72,True,/Users/spencergray/Desktop/pif1-foldtree/data/structures/afdb/AF-A0A2T4GQX9-F1-model_v6.cif,
A0A2U3EBL3,PIF1,Purpureocillium lilacinum (Paecilomyces lilacinus),33203,Pezizomycotina,Sordariomycetes,Hypocreales,Ophiocordycipitaceae,Purpureocillium,1123,unreviewed,AFDB,6,54.19,True,/Users/spencergray/Desktop/pif1-foldtree/data/structures/afdb/AF-A0A2U3EBL3-F1-model_v6.cif,
A0A2V1AQV1,PIF1,Candidozyma haemuli,45357,Saccharomycotina,Pichiomycetes,Serinales,Metschnikowiaceae,Candidozyma,1266,unreviewed,AFDB,6,68.81,True,/Users/spencergray/Desktop/pif1-foldtree/data/structures/afdb/AF-A0A2V1AQV1-F1-model_v6.cif,
A0A367YAA9,RRM3_1,Candida viswanathii,5486,Saccharomycotina,Pichiomycetes,Serinales,Debaryomycetaceae,Candida,609,unreviewed,AFDB,6,75.0,True,/Users/spencergray/Desktop/pif1-foldtree/data/structures/afdb/AF-A0A367YAA9-F1-model_v6.cif,
A0A367YJV1,RRM3_0,Candida viswanathii,5486,Saccharomycotina,Pichiomycetes,Serinales,Debaryomycetaceae,Candida,609,unreviewed,AFDB,6,73.56,True,/Users/spencergray/Desktop/pif1-foldtree/data/structures/afdb/AF-A0A367YJV1-F1-model_v6.cif,
A0A367YKM2,PIF1_0,Candida viswanathii,5486,Saccharomycotina,Pichiomycetes,Serinales,Debaryomycetaceae,Candida,749,unreviewed,AFDB,6,63.22,True,/Users/spencergray/Desktop/pif1-foldtree/data/structures/afdb/AF-A0A367YKM2-F1-model_v6.cif,
A0A395NCI1,PIF1,Trichoderma arundinaceum,490622,Pezizomycotina,Sordariomycetes,Hypocreales,Hypocreaceae,Trichoderma,840,unreviewed,AFDB,6,61.47,True,/Users/spencergray/Desktop/pif1-foldtree/data/structures/afdb/AF-A0A395NCI1-F1-model_v6.cif,
A0A423XFI1,PIF1,Cytospora leucostoma,1230097,Pezizomycotina,Sordariomycetes,Diaporthales,Cytosporaceae,Cytospora,766,unreviewed,AFDB,6,63.03,True,/Users/spencergray/Desktop/pif1-foldtree/data/structures/afdb/AF-A0A423XFI1-F1-model_v6.cif,
A0A423XK23,PIF1,Cytospora leucostoma,1230097,Pezizomycotina,Sordariomycetes,Diaporthales,Cytosporaceae,Cytospora,501,unreviewed,AFDB,6,79.5,True,/Users/spencergray/Desktop/pif1-foldtree/data/structures/afdb/AF-A0A423XK23-F1-model_v6.cif,
A0A4P6XSZ4,MPUL0F02240,Metschnikowia aff. pulcherrima,2163413,Saccharomycotina,Pichiomycetes,Serinales,Metschnikowiaceae,Metschnikowia,968,unreviewed,AFDB,6,59.0,True,/Users/spencergray/Desktop/pif1-foldtree/data/structures/afdb/AF-A0A4P6XSZ4-F1-model_v6.cif,
A0A4R8QEN4,pif1-1,Colletotrichum spinosum,1347390,Pezizomycotina,Sordariomycetes,Glomerellales,Glomerellaceae,Colletotrichum,1125,unreviewed,AFDB,6,60.94,True,/Users/spencergray/Desktop/pif1-foldtree/data/structures/afdb/AF-A0A4R8QEN4-F1-model_v6.cif,
A0A4S8RIP6,PIF1,Botrytis galanthina,278940,Pezizomycotina,Leotiomycetes,Helotiales,Sclerotiniaceae,Botrytis,910,unreviewed,AFDB,6,60.59,True,/Users/spencergray/Desktop/pif1-foldtree/data/structures/afdb/AF-A0A4S8RIP6-F1-model_v6.cif,
A0A4V3HXL6,pif1-0,Colletotrichum trifolii,5466,Pezizomycotina,Sordariomycetes,Glomerellales,Glomerellaceae,Colletotrichum,840,unreviewed,AFDB,6,63.44,True,/Users/spencergray/Desktop/pif1-foldtree/data/structures/afdb/AF-A0A4V3HXL6-F1-model_v6.cif,
A0A4V3UMW7,PIF1,Aspergillus tanneri,1220188,Pezizomycotina,Eurotiomycetes,Eurotiales,Aspergillaceae,Aspergillus,733,unreviewed,AFDB,6,65.06,True,/Users/spencergray/Desktop/pif1-foldtree/data/structures/afdb/AF-A0A4V3UMW7-F1-model_v6.cif,
A0A4Z1EL52,PIF1,Botrytis tulipae,87230,Pezizomycotina,Leotiomycetes,Helotiales,Sclerotiniaceae,Botrytis,910,unreviewed,AFDB,6,60.53,True,/Users/spencergray/Desktop/pif1-foldtree/data/structures/afdb/AF-A0A4Z1EL52-F1-model_v6.cif,
A0A4Z1L1J9,PIF1,Botrytis porri,87229,Pezizomycotina,Leotiomycetes,Helotiales,Sclerotiniaceae,Botrytis,861,unreviewed,AFDB,6,62.69,True,/Users/spencergray/Desktop/pif1-foldtree/data/structures/afdb/AF-A0A4Z1L1J9-F1-model_v6.cif,
A0A5M9JJ09,PIF1,Monilinia fructicola (Brown rot fungus) (Ciboria fructicola),38448,Pezizomycotina,Leotiomycetes,Helotiales,Sclerotiniaceae,Monilinia,868,unreviewed,AFDB,6,58.25,True,/Users/spencergray/Desktop/pif1-foldtree/data/structures/afdb/AF-A0A5M9JJ09-F1-model_v6.cif,
A0A5N5DHG1,pif1_1,Lasiodiplodia theobromae,45133,Pezizomycotina,Dothideomycetes,Botryosphaeriales,Botryosphaeriaceae,Lasiodiplodia,870,unreviewed,AFDB,6,62.81,True,/Users/spencergray/Desktop/pif1-foldtree/data/structures/afdb/AF-A0A5N5DHG1-F1-model_v6.cif,
A0A7D5Z7W4,pif1_1,Metarhizium brunneum,500148,Pezizomycotina,Sordariomycetes,Hypocreales,Clavicipitaceae,Metarhizium,813,unreviewed,AFDB,6,62.09,True,/Users/spencergray/Desktop/pif1-foldtree/data/structures/afdb/AF-A0A7D5Z7W4-F1-model_v6.cif,
A0A7H9AW24,RRM3,Zygotorulaspora mrakii (Zygosaccharomyces mrakii),42260,Saccharomycotina,Saccharomycetes,Saccharomycetales,Saccharomycetaceae,Zygotorulaspora,704,unreviewed,AFDB,6,69.31,True,/Users/spencergray/Desktop/pif1-foldtree/data/structures/afdb/AF-A0A7H9AW24-F1-model_v6.cif,
A0A7H9B3W0,PIF1,Zygotorulaspora mrakii (Zygosaccharomyces mrakii),42260,Saccharomycotina,Saccharomycetes,Saccharomycetales,Saccharomycetaceae,Zygotorulaspora,964,unreviewed,AFDB,6,58.91,True,/Users/spencergray/Desktop/pif1-foldtree/data/structures/afdb/AF-A0A7H9B3W0-F1-model_v6.cif,
A0A8H4NYZ8,PIF1,Fusarium acutatum,78861,Pezizomycotina,Sordariomycetes,Hypocreales,Nectriaceae,Fusarium,820,unreviewed,AFDB,6,62.28,True,/Users/spencergray/Desktop/pif1-foldtree/data/structures/afdb/AF-A0A8H4NYZ8-F1-model_v6.cif,
A0A8H4PTP3,PIF1,Ophiocordyceps sinensis,72228,Pezizomycotina,Sordariomycetes,Hypocreales,Ophiocordycipitaceae,Ophiocordyceps,819,unreviewed,AFDB,6,61.75,True,/Users/spencergray/Desktop/pif1-foldtree/data/structures/afdb/AF-A0A8H4PTP3-F1-model_v6.cif,
A0A8H4T3M7,PIF1,Fusarium gaditjirri,282569,Pezizomycotina,Sordariomycetes,Hypocreales,Nectriaceae,Fusarium,820,unreviewed,AFDB,6,62.16,True,/Users/spencergray/Desktop/pif1-foldtree/data/structures/afdb/AF-A0A8H4T3M7-F1-model_v6.cif,
A0A8H5N1Z6,PIF1,Fusarium mexicanum,751941,Pezizomycotina,Sordariomycetes,Hypocreales,Nectriaceae,Fusarium,821,unreviewed,AFDB,6,62.53,True,/Users/spencergray/Desktop/pif1-foldtree/data/structures/afdb/AF-A0A8H5N1Z6-F1-model_v6.cif,
A0A8H5UMM3,PIF1,Fusarium circinatum (Pitch canker fungus) (Gibberella circinata),48490,Pezizomycotina,Sordariomycetes,Hypocreales,Nectriaceae,Fusarium,821,unreviewed,AFDB,6,62.5,True,/Users/spencergray/Desktop/pif1-foldtree/data/structures/afdb/AF-A0A8H5UMM3-F1-model_v6.cif,
A0A8H5V583,PIF1,Fusarium pseudoanthophilum,48495,Pezizomycotina,Sordariomycetes,Hypocreales,Nectriaceae,Fusarium,820,unreviewed,AFDB,6,62.12,True,/Users/spencergray/Desktop/pif1-foldtree/data/structures/afdb/AF-A0A8H5V583-F1-model_v6.cif,
A0A8H5X4H1,PIF1,Fusarium heterosporum,42747,Pezizomycotina,Sordariomycetes,Hypocreales,Nectriaceae,Fusarium,819,unreviewed,AFDB,6,61.69,True,/Users/spencergray/Desktop/pif1-foldtree/data/structures/afdb/AF-A0A8H5X4H1-F1-model_v6.cif,
A0A8H8D9N3,PIF1,Candida metapsilosis,273372,Saccharomycotina,Pichiomycetes,Serinales,Debaryomycetaceae,Candida,851,unreviewed,AFDB,6,59.12,True,/Users/spencergray/Desktop/pif1-foldtree/data/structures/afdb/AF-A0A8H8D9N3-F1-model_v6.cif,
A0A8H8QV95,pfh1_1,Lachnellula hyalina,1316788,Pezizomycotina,Leotiomycetes,Helotiales,Lachnaceae,Lachnellula,922,unreviewed,AFDB,6,59.94,True,/Users/spencergray/Desktop/pif1-foldtree/data/structures/afdb/AF-A0A8H8QV95-F1-model_v6.cif,
A0A8H8RJD5,pif1_0,Lachnellula subtilissima,602034,Pezizomycotina,Leotiomycetes,Helotiales,Lachnaceae,Lachnellula,922,unreviewed,AFDB,6,60.66,True,/Users/spencergray/Desktop/pif1-foldtree/data/structures/afdb/AF-A0A8H8RJD5-F1-model_v6.cif,
A0A9N9YLT0,PIF1,Clonostachys rhizophaga,160324,Pezizomycotina,Sordariomycetes,Hypocreales,Bionectriaceae,Clonostachys,799,unreviewed,AFDB,6,62.47,True,/Users/spencergray/Desktop/pif1-foldtree/data/structures/afdb/AF-A0A9N9YLT0-F1-model_v6.cif,
A0A9P4X3G5,PIF1,Trichoderma lentiforme,1567552,Pezizomycotina,Sordariomycetes,Hypocreales,Hypocreaceae,Trichoderma,844,unreviewed,AFDB,6,61.78,True,/Users/spencergray/Desktop/pif1-foldtree/data/structures/afdb/AF-A0A9P4X3G5-F1-model_v6.cif,
A0A9P7IRT1,PIF1,Fusarium xylarioides,221167,Pezizomycotina,Sordariomycetes,Hypocreales,Nectriaceae,Fusarium,847,unreviewed,AFDB,6,62.06,True,/Users/spencergray/Desktop/pif1-foldtree/data/structures/afdb/AF-A0A9P7IRT1-F1-model_v6.cif,
A0A9W9HNM9,PIF1,Penicillium capsulatum,69766,Pezizomycotina,Eurotiomycetes,Eurotiales,Aspergillaceae,Penicillium,759,unreviewed,AFDB,6,64.94,True,/Users/spencergray/Desktop/pif1-foldtree/data/structures/afdb/AF-A0A9W9HNM9-F1-model_v6.cif,
A0A9W9JQ30,PIF1,Penicillium cf. griseofulvum,2972120,Pezizomycotina,Eurotiomycetes,Eurotiales,Aspergillaceae,Penicillium,762,unreviewed,AFDB,6,64.25,True,/Users/spencergray/Desktop/pif1-foldtree/data/structures/afdb/AF-A0A9W9JQ30-F1-model_v6.cif,
A0A9W9M2N2,PIF1,Penicillium cf. viridicatum,2972119,Pezizomycotina,Eurotiomycetes,Eurotiales,Aspergillaceae,Penicillium,716,unreviewed,AFDB,6,66.0,True,/Users/spencergray/Desktop/pif1-foldtree/data/structures/afdb/AF-A0A9W9M2N2-F1-model_v6.cif,
A0A9W9PWX5,PIF1,Penicillium atrosanguineum,1132637,Pezizomycotina,Eurotiomycetes,Eurotiales,Aspergillaceae,Penicillium,728,unreviewed,AFDB,6,66.19,True,/Users/spencergray/Desktop/pif1-foldtree/data/structures/afdb/AF-A0A9W9PWX5-F1-model_v6.cif,
A0A9W9V6L1,PIF1,Penicillium cataractarum,2100454,Pezizomycotina,Eurotiomycetes,Eurotiales,Aspergillaceae,Penicillium,728,unreviewed,AFDB,6,66.38,True,/Users/spencergray/Desktop/pif1-foldtree/data/structures/afdb/AF-A0A9W9V6L1-F1-model_v6.cif,
A0A9X0BA58,PIF1,Penicillium cosmopolitanum,1131564,Pezizomycotina,Eurotiomycetes,Eurotiales,Aspergillaceae,Penicillium,786,unreviewed,AFDB,6,63.47,True,/Users/spencergray/Desktop/pif1-foldtree/data/structures/afdb/AF-A0A9X0BA58-F1-model_v6.cif,
A0AAD6E3Q9,PIF1,Penicillium hetheringtonii,911720,Pezizomycotina,Eurotiomycetes,Eurotiales,Aspergillaceae,Penicillium,704,unreviewed,AFDB,6,66.69,True,/Users/spencergray/Desktop/pif1-foldtree/data/structures/afdb/AF-A0AAD6E3Q9-F1-model_v6.cif,
A0AAD6IDC6,PIF1,Penicillium canescens,5083,Pezizomycotina,Eurotiomycetes,Eurotiales,Aspergillaceae,Penicillium,758,unreviewed,AFDB,6,65.06,True,/Users/spencergray/Desktop/pif1-foldtree/data/structures/afdb/AF-A0AAD6IDC6-F1-model_v6.cif,
A0AAE1J0Y1,PIF1,Trichoderma aggressivum f. europaeum,173218,Pezizomycotina,Sordariomycetes,Hypocreales,Hypocreaceae,Trichoderma,846,unreviewed,AFDB,6,60.88,True,/Users/spencergray/Desktop/pif1-foldtree/data/structures/afdb/AF-A0AAE1J0Y1-F1-model_v6.cif,
A0AAE8M1S2,PIF1,Fusarium torulosum,33205,Pezizomycotina,Sordariomycetes,Hypocreales,Nectriaceae,Fusarium,819,unreviewed,AFDB,6,61.88,True,/Users/spencergray/Desktop/pif1-foldtree/data/structures/afdb/AF-A0AAE8M1S2-F1-model_v6.cif,
A0AAI9UII0,PIF1,Colletotrichum cuscutae,1209917,Pezizomycotina,Sordariomycetes,Glomerellales,Glomerellaceae,Colletotrichum,834,unreviewed,AFDB,6,62.56,True,/Users/spencergray/Desktop/pif1-foldtree/data/structures/afdb/AF-A0AAI9UII0-F1-model_v6.cif,
A0AAJ0E579,PIF1,Colletotrichum costaricense,1209916,Pezizomycotina,Sordariomycetes,Glomerellales,Glomerellaceae,Colletotrichum,834,unreviewed,AFDB,6,62.41,True,/Users/spencergray/Desktop/pif1-foldtree/data/structures/afdb/AF-A0AAJ0E579-F1-model_v6.cif,
A0AAN5Z088,PIF1,Fusarium austroamericanum,282268,Pezizomycotina,Sordariomycetes,Hypocreales,Nectriaceae,Fusarium,873,unreviewed,AFDB,6,60.44,True,/Users/spencergray/Desktop/pif1-foldtree/data/structures/afdb/AF-A0AAN5Z088-F1-model_v6.cif,
A0AAN6NX75,PIF1,Pseudoneurospora amorphoporcata,241081,Pezizomycotina,Sordariomycetes,Sordariales,Sordariaceae,Pseudoneurospora,930,unreviewed,AFDB,6,58.47,True,/Users/spencergray/Desktop/pif1-foldtree/data/structures/afdb/AF-A0AAN6NX75-F1-model_v6.cif,
A0AAN7BLM5,PIF1,Podospora fimiseda,252190,Pezizomycotina,Sordariomycetes,Sordariales,Podosporaceae,Podospora,838,unreviewed,AFDB,6,61.72,True,/Users/spencergray/Desktop/pif1-foldtree/data/structures/afdb/AF-A0AAN7BLM5-F1-model_v6.cif,
A0AAV5QX45,PIF1,Pichia kluyveri (Yeast),36015,Saccharomycotina,Pichiomycetes,Pichiales,Pichiaceae,Pichia,932,unreviewed,AFDB,6,58.59,True,/Users/spencergray/Desktop/pif1-foldtree/data/structures/afdb/AF-A0AAV5QX45-F1-model_v6.cif,
A0AAV5RMN1,PIF1,Starmerella bacillaris (Yeast) (Candida zemplinina),1247836,Saccharomycotina,Dipodascomycetes,Dipodascales,Trichomonascaceae,Starmerella,652,unreviewed,AFDB,6,72.75,True,/Users/spencergray/Desktop/pif1-foldtree/data/structures/afdb/AF-A0AAV5RMN1-F1-model_v6.cif,
A0AAV9HLS5,PIF1,Cladorrhinum samala,585594,Pezizomycotina,Sordariomycetes,Sordariales,Podosporaceae,Cladorrhinum,851,unreviewed,AFDB,6,61.09,True,/Users/spencergray/Desktop/pif1-foldtree/data/structures/afdb/AF-A0AAV9HLS5-F1-model_v6.cif,
A0AAV9UWK0,PIF1,Orbilia blumenaviensis,1796055,Pezizomycotina,Orbiliomycetes,Orbiliales,Orbiliaceae,Orbilia,1015,unreviewed,AFDB,6,57.38,True,/Users/spencergray/Desktop/pif1-foldtree/data/structures/afdb/AF-A0AAV9UWK0-F1-model_v6.cif,
A0AAW0R3B8,PIF1,Apiospora kogelbergensis,1337665,Pezizomycotina,Sordariomycetes,Amphisphaeriales,Apiosporaceae,Apiospora,843,unreviewed,AFDB,6,57.75,True,/Users/spencergray/Desktop/pif1-foldtree/data/structures/afdb/AF-A0AAW0R3B8-F1-model_v6.cif,
A0AAX4HB97,PIF1,Australozyma saopauloensis,291208,Saccharomycotina,Pichiomycetes,Serinales,Metschnikowiaceae,Australozyma,870,unreviewed,AFDB,6,62.78,True,/Users/spencergray/Desktop/pif1-foldtree/data/structures/afdb/AF-A0AAX4HB97-F1-model_v6.cif,
A0ABN8VEY2,U6500M00850,Saccharomyces eubayanus (Yeast),1080349,Saccharomycotina,Saccharomycetes,Saccharomycetales,Saccharomycetaceae,Saccharomyces,859,unreviewed,MISSING_predict_with_AF3,,,,,
A0ABN8WPA3,SUVZ13G0790,Saccharomyces uvarum (Yeast) (Saccharomyces bayanus var. uvarum),230603,Saccharomycotina,Saccharomycetes,Saccharomycetales,Saccharomycetaceae,Saccharomyces,859,unreviewed,MISSING_predict_with_AF3,,,,,
A0ABP0EH01,RRM3,[Candida] anglica,148631,Saccharomycotina,Pichiomycetes,Serinales,Debaryomycetaceae,Kurtzmaniella,714,unreviewed,MISSING_predict_with_AF3,,,,,
A0ABP0ZHK7,PIF1,Lodderomyces beijingensis,1775926,Saccharomycotina,Pichiomycetes,Serinales,Debaryomycetaceae,Lodderomyces,896,unreviewed,MISSING_predict_with_AF3,,,,,
A0ABQ0GRH5,PIF1,Madurella fahalii,1157608,Pezizomycotina,Sordariomycetes,Sordariales,,Madurella,820,unreviewed,MISSING_predict_with_AF3,,,,,
A0ABQ7RB90,PIF1,Ogataea haglerorum,1937702,Saccharomycotina,Pichiomycetes,Pichiales,Pichiaceae,Ogataea,830,unreviewed,MISSING_predict_with_AF3,,,,,
A0ABQ9PW01,PIF1,Colletotrichum limetticola,1209924,Pezizomycotina,Sordariomycetes,Glomerellales,Glomerellaceae,Colletotrichum,834,unreviewed,MISSING_predict_with_AF3,,,,,
A0ABR1UF14,PIF1,Apiospora saccharicola,335842,Pezizomycotina,Sordariomycetes,Amphisphaeriales,Apiosporaceae,Apiospora,868,unreviewed,MISSING_predict_with_AF3,,,,,
A0ABR4DNY3,PIF1,Remersonia thermophila,72144,Pezizomycotina,Sordariomycetes,Sordariales,,Remersonia,859,unreviewed,MISSING_predict_with_AF3,,,,,
A0ABR4PIR0,PIF1,Phlyctema vagabunda,108571,Pezizomycotina,Leotiomycetes,Helotiales,Dermateaceae,Phlyctema,592,unreviewed,MISSING_predict_with_AF3,,,,,
A0ABZ2WRY7,PIF1,Fusarium acuminatum,5515,Pezizomycotina,Sordariomycetes,Hypocreales,Nectriaceae,Fusarium,872,unreviewed,MISSING_predict_with_AF3,,,,,
A1DDJ4,PIF1,Aspergillus fischeri (strain ATCC 1020 / DSM 3700 / CBS 544.65 / FGSC A1164 / JCM 1740 / NRRL 181 / WB 181) (Neosartorya fischeri),331117,Pezizomycotina,Eurotiomycetes,Eurotiales,Aspergillaceae,Aspergillus,744,unreviewed,AFDB,6,65.5,True,/Users/spencergray/Desktop/pif1-foldtree/data/structures/afdb/AF-A1DDJ4-F1-model_v6.cif,
A7TMC2,PIF1,Vanderwaltozyma polyspora (strain ATCC 22028 / DSM 70294 / BCRC 21397 / CBS 2163 / NBRC 10782 / NRRL Y-8283 / UCD 57-17) (Kluyveromyces polysporus),436907,Saccharomycotina,Saccharomycetes,Saccharomycetales,Saccharomycetaceae,Vanderwaltozyma,632,unreviewed,AFDB,6,74.88,True,/Users/spencergray/Desktop/pif1-foldtree/data/structures/afdb/AF-A7TMC2-F1-model_v6.cif,
C0NFA5,PIF1,Ajellomyces capsulatus (strain G186AR / H82 / ATCC MYA-2454 / RMSCC 2432) (Darling's disease fungus) (Histoplasma capsulatum),447093,Pezizomycotina,Eurotiomycetes,Onygenales,Ajellomycetaceae,Histoplasma,794,unreviewed,AFDB,6,65.62,True,/Users/spencergray/Desktop/pif1-foldtree/data/structures/afdb/AF-C0NFA5-F1-model_v6.cif,
C5FMN5,PIF1,Arthroderma otae (strain ATCC MYA-4605 / CBS 113480) (Microsporum canis),554155,Pezizomycotina,Eurotiomycetes,Onygenales,Arthrodermataceae,Microsporum,780,unreviewed,AFDB,6,60.75,True,/Users/spencergray/Desktop/pif1-foldtree/data/structures/afdb/AF-C5FMN5-F1-model_v6.cif,
C5M8S6,PIF1,Candida tropicalis (strain ATCC MYA-3404 / T1) (Yeast),294747,Saccharomycotina,Pichiomycetes,Serinales,Debaryomycetaceae,Candida,558,unreviewed,AFDB,6,75.19,True,/Users/spencergray/Desktop/pif1-foldtree/data/structures/afdb/AF-C5M8S6-F1-model_v6.cif,
E3S321,PIF1,Pyrenophora teres f. teres (strain 0-1) (Barley net blotch fungus) (Drechslera teres f. teres),861557,Pezizomycotina,Dothideomycetes,Pleosporales,Pleosporaceae,Pyrenophora,782,unreviewed,AFDB,6,64.25,True,/Users/spencergray/Desktop/pif1-foldtree/data/structures/afdb/AF-E3S321-F1-model_v6.cif,
F2QT11,PIF1,Komagataella phaffii (strain ATCC 76273 / CBS 7435 / CECT 11047 / NRRL Y-11430 / Wegner 21-1) (Yeast) (Pichia pastoris),981350,Saccharomycotina,Pichiomycetes,Pichiales,Pichiaceae,Komagataella,794,unreviewed,AFDB,6,65.31,True,/Users/spencergray/Desktop/pif1-foldtree/data/structures/afdb/AF-F2QT11-F1-model_v6.cif,
G0V6X7,NCAS0A06670,Naumovozyma castellii (Yeast) (Saccharomyces castellii),27288,Saccharomycotina,Saccharomycetes,Saccharomycetales,Saccharomycetaceae,Naumovozyma,761,unreviewed,AFDB,6,66.69,True,/Users/spencergray/Desktop/pif1-foldtree/data/structures/afdb/AF-G0V6X7-F1-model_v6.cif,
G8Y8Q1,Piso0_004404,Pichia sorbitophila (strain ATCC MYA-4447 / BCRC 22081 / CBS 7064 / NBRC 10061 / NRRL Y-12695) (Hybrid yeast),559304,Saccharomycotina,Pichiomycetes,Serinales,Debaryomycetaceae,Millerozyma,775,unreviewed,AFDB,6,66.94,True,/Users/spencergray/Desktop/pif1-foldtree/data/structures/afdb/AF-G8Y8Q1-F1-model_v6.cif,
H0GH54,RRM3,Saccharomyces cerevisiae x Saccharomyces kudriavzevii (strain VIN7) (Yeast),1095631,Saccharomycotina,Saccharomycetes,Saccharomycetales,Saccharomycetaceae,Saccharomyces,723,unreviewed,AFDB,6,68.44,True,/Users/spencergray/Desktop/pif1-foldtree/data/structures/afdb/AF-H0GH54-F1-model_v6.cif,
H0GLS5,PIF1,Saccharomyces cerevisiae x Saccharomyces kudriavzevii (strain VIN7) (Yeast),1095631,Saccharomycotina,Saccharomycetes,Saccharomycetales,Saccharomycetaceae,Saccharomyces,859,unreviewed,MISSING_predict_with_AF3,,,,,
H2AVD6,KAFR0E01820,Kazachstania africana (strain ATCC 22294 / BCRC 22015 / CBS 2517 / CECT 1963 / NBRC 1671 / NRRL Y-8276) (Yeast) (Kluyveromyces africanus),1071382,Saccharomycotina,Saccharomycetes,Saccharomycetales,Saccharomycetaceae,Kazachstania,702,unreviewed,AFDB,6,69.75,True,/Users/spencergray/Desktop/pif1-foldtree/data/structures/afdb/AF-H2AVD6-F1-model_v6.cif,
J8PMR0,RRM3,Saccharomyces arboricola (strain H-6 / AS 2.3317 / CBS 10644) (Yeast),1160507,Saccharomycotina,Saccharomycetes,Saccharomycetales,Saccharomycetaceae,Saccharomyces,725,unreviewed,AFDB,6,68.19,True,/Users/spencergray/Desktop/pif1-foldtree/data/structures/afdb/AF-J8PMR0-F1-model_v6.cif,
L8FZR6,PIF1,Pseudogymnoascus destructans (strain ATCC MYA-4855 / 20631-21) (Bat white-nose syndrome fungus) (Geomyces destructans),658429,Pezizomycotina,Leotiomycetes,Thelebolales,Thelebolaceae,Pseudogymnoascus,955,unreviewed,AFDB,6,58.44,True,/Users/spencergray/Desktop/pif1-foldtree/data/structures/afdb/AF-L8FZR6-F1-model_v6.cif,
M3IP21,PIF1,Candida maltosa (strain Xu316) (Yeast),1245528,Saccharomycotina,Pichiomycetes,Serinales,Debaryomycetaceae,Candida,759,unreviewed,AFDB,6,63.47,True,/Users/spencergray/Desktop/pif1-foldtree/data/structures/afdb/AF-M3IP21-F1-model_v6.cif,
Q6CWC6,PIF1,Kluyveromyces lactis (strain ATCC 8585 / CBS 2359 / DSM 70799 / NBRC 1267 / NRRL Y-1140 / WM37) (Yeast) (Candida sphaerica),284590,Saccharomycotina,Saccharomycetes,Saccharomycetales,Saccharomycetaceae,Kluyveromyces,872,unreviewed,AFDB,6,62.16,True,/Users/spencergray/Desktop/pif1-foldtree/data/structures/afdb/AF-Q6CWC6-F1-model_v6.cif,
R8BS17,PIF1,Phaeoacremonium minimum (strain UCR-PA7) (Esca disease fungus) (Togninia minima),1286976,Pezizomycotina,Sordariomycetes,Togniniales,Togniniaceae,Phaeoacremonium,841,unreviewed,AFDB,6,61.78,True,/Users/spencergray/Desktop/pif1-foldtree/data/structures/afdb/AF-R8BS17-F1-model_v6.cif,
S8BV51,PIF1,Dactylellina haptotyla (strain CBS 200.50) (Nematode-trapping fungus) (Monacrosporium haptotylum),1284197,Pezizomycotina,Orbiliomycetes,Orbiliales,Orbiliaceae,Dactylellina,826,unreviewed,AFDB,6,63.41,True,/Users/spencergray/Desktop/pif1-foldtree/data/structures/afdb/AF-S8BV51-F1-model_v6.cif,
U4KVV4,PIF1,Pyronema omphalodes (strain CBS 100304) (Pyronema confluens),1076935,Pezizomycotina,Pezizomycetes,Pezizales,Pyronemataceae,Pyronema,874,unreviewed,AFDB,6,59.34,True,/Users/spencergray/Desktop/pif1-foldtree/data/structures/afdb/AF-U4KVV4-F1-model_v6.cif,
V5FX47,PIF1,Paecilomyces variotii (strain NBRC 109023 / No. 5) (Byssochlamys spectabilis),1356009,Pezizomycotina,Eurotiomycetes,Eurotiales,Thermoascaceae,Paecilomyces,843,unreviewed,AFDB,6,61.62,True,/Users/spencergray/Desktop/pif1-foldtree/data/structures/afdb/AF-V5FX47-F1-model_v6.cif,
A0A084APH7,PIF1,Stachybotrys chartarum (strain CBS 109288 / IBT 7711) (Toxic black mold) (Stilbospora chartarum),1280523,Pezizomycotina,Sordariomycetes,Hypocreales,Stachybotryaceae,Stachybotrys,805,unreviewed,AFDB,6,61.69,True,/Users/spencergray/Desktop/pif1-foldtree/data/structures/afdb/AF-A0A084APH7-F1-model_v6.cif,
A0A084GDF4,PIF1,Pseudallescheria apiosperma (Scedosporium apiospermum),563466,Pezizomycotina,Sordariomycetes,Microascales,Microascaceae,Scedosporium,1901,unreviewed,MISSING_predict_with_AF3,,,,,
A0A084QU30,PIF1,Stachybotrys chlorohalonatus (strain IBT 40285),1283841,Pezizomycotina,Sordariomycetes,Hypocreales,Stachybotryaceae,Stachybotrys,806,unreviewed,AFDB,6,62.03,True,/Users/spencergray/Desktop/pif1-foldtree/data/structures/afdb/AF-A0A084QU30-F1-model_v6.cif,
A0A0B1PEI0,PIF1,Erysiphe necator (Grape powdery mildew) (Uncinula necator),52586,Pezizomycotina,Leotiomycetes,Erysiphales,Erysiphaceae,Erysiphe,842,unreviewed,AFDB,6,60.06,True,/Users/spencergray/Desktop/pif1-foldtree/data/structures/afdb/AF-A0A0B1PEI0-F1-model_v6.cif,
A0A0B2X4N9,PIF1,Metarhizium album (strain ARSEF 1941),1081103,Pezizomycotina,Sordariomycetes,Hypocreales,Clavicipitaceae,Metarhizium,803,unreviewed,AFDB,6,62.62,True,/Users/spencergray/Desktop/pif1-foldtree/data/structures/afdb/AF-A0A0B2X4N9-F1-model_v6.cif,
A0A0C4EG66,PIF1,Magnaporthiopsis poae (strain ATCC 64411 / 73-15) (Kentucky bluegrass fungus) (Magnaporthe poae),644358,Pezizomycotina,Sordariomycetes,Magnaporthales,Magnaporthaceae,Magnaporthiopsis,890,unreviewed,AFDB,6,60.03,True,/Users/spencergray/Desktop/pif1-foldtree/data/structures/afdb/AF-A0A0C4EG66-F1-model_v6.cif,
A0A0D1ZHZ9,PIF1,Exophiala mesophila (Black yeast-like fungus),212818,Pezizomycotina,Eurotiomycetes,Chaetothyriales,Herpotrichiellaceae,Exophiala,825,unreviewed,AFDB,6,63.72,True,/Users/spencergray/Desktop/pif1-foldtree/data/structures/afdb/AF-A0A0D1ZHZ9-F1-model_v6.cif,
A0A0D2J3X0,PIF1,Fonsecaea multimorphosa CBS 102226,1442371,Pezizomycotina,Eurotiomycetes,Chaetothyriales,Herpotrichiellaceae,Fonsecaea,766,unreviewed,AFDB,6,66.12,True,/Users/spencergray/Desktop/pif1-foldtree/data/structures/afdb/AF-A0A0D2J3X0-F1-model_v6.cif,
A0A0D8JVN0,PIF1,Coccidioides immitis (strain RS) (Valley fever fungus),246410,Pezizomycotina,Eurotiomycetes,Onygenales,Onygenaceae,Coccidioides,725,unreviewed,AFDB,6,67.5,True,/Users/spencergray/Desktop/pif1-foldtree/data/structures/afdb/AF-A0A0D8JVN0-F1-model_v6.cif,
A0A0F7ZTC5,PIF1,Hirsutella minnesotensis 3608,1043627,Pezizomycotina,Sordariomycetes,Hypocreales,Ophiocordycipitaceae,Hirsutella,831,unreviewed,AFDB,6,62.5,True,/Users/spencergray/Desktop/pif1-foldtree/data/structures/afdb/AF-A0A0F7ZTC5-F1-model_v6.cif,
A0A0F8DHR2,pif1,Ceratocystis fimbriata f. sp. platani,88771,Pezizomycotina,Sordariomycetes,Microascales,Ceratocystidaceae,Ceratocystis,686,unreviewed,AFDB,6,67.88,True,/Users/spencergray/Desktop/pif1-foldtree/data/structures/afdb/AF-A0A0F8DHR2-F1-model_v6.cif,
A0A0G2I193,PIF1,Diaporthe ampelina,1214573,Pezizomycotina,Sordariomycetes,Diaporthales,Diaporthaceae,Diaporthe,813,unreviewed,AFDB,6,61.84,True,/Users/spencergray/Desktop/pif1-foldtree/data/structures/afdb/AF-A0A0G2I193-F1-model_v6.cif,
A0A0N1NVW2,PIF1,Cyphellophora attinorum,1664694,Pezizomycotina,Eurotiomycetes,Chaetothyriales,Cyphellophoraceae,Cyphellophora,713,unreviewed,AFDB,6,68.56,True,/Users/spencergray/Desktop/pif1-foldtree/data/structures/afdb/AF-A0A0N1NVW2-F1-model_v6.cif,
A0A101MLQ9,PIF1,Penicillium freii,48697,Pezizomycotina,Eurotiomycetes,Eurotiales,Aspergillaceae,Penicillium,718,unreviewed,AFDB,6,66.69,True,/Users/spencergray/Desktop/pif1-foldtree/data/structures/afdb/AF-A0A101MLQ9-F1-model_v6.cif,
A0A109UW77,RRM3,Eremothecium sinecaudum,45286,Saccharomycotina,Saccharomycetes,Saccharomycetales,Saccharomycetaceae,Eremothecium,702,unreviewed,AFDB,6,70.31,True,/Users/spencergray/Desktop/pif1-foldtree/data/structures/afdb/AF-A0A109UW77-F1-model_v6.cif,
A0A135SIN3,PIF1,Colletotrichum simmondsii,703756,Pezizomycotina,Sordariomycetes,Glomerellales,Glomerellaceae,Colletotrichum,829,unreviewed,AFDB,6,62.94,True,/Users/spencergray/Desktop/pif1-foldtree/data/structures/afdb/AF-A0A135SIN3-F1-model_v6.cif,
A0A161HKE9,PIF1,Sugiyamaella lignohabitans,796027,Saccharomycotina,Dipodascomycetes,Dipodascales,Trichomonascaceae,Sugiyamaella,1019,unreviewed,AFDB,6,56.16,True,/Users/spencergray/Desktop/pif1-foldtree/data/structures/afdb/AF-A0A161HKE9-F1-model_v6.cif,
A0A167F3J3,PIF1,Metarhizium rileyi (Nomuraea rileyi),1649241,Pezizomycotina,Sordariomycetes,Hypocreales,Clavicipitaceae,Metarhizium,858,unreviewed,AFDB,6,60.47,True,/Users/spencergray/Desktop/pif1-foldtree/data/structures/afdb/AF-A0A167F3J3-F1-model_v6.cif,
A0A167H2R5,PIF1,Beauveria brongniartii RCEF 3172,1081107,Pezizomycotina,Sordariomycetes,Hypocreales,Cordycipitaceae,Beauveria,799,unreviewed,AFDB,6,62.81,True,/Users/spencergray/Desktop/pif1-foldtree/data/structures/afdb/AF-A0A167H2R5-F1-model_v6.cif,
A0A167TDW9,PIF1,Niveomyces insectorum RCEF 264,1081102,Pezizomycotina,Sordariomycetes,Hypocreales,Cordycipitaceae,Niveomyces,935,unreviewed,AFDB,6,58.69,True,/Users/spencergray/Desktop/pif1-foldtree/data/structures/afdb/AF-A0A167TDW9-F1-model_v6.cif,
A0A175VPZ7,PIF1,Madurella mycetomatis,100816,Pezizomycotina,Sordariomycetes,Sordariales,,Madurella,823,unreviewed,AFDB,6,65.06,True,/Users/spencergray/Desktop/pif1-foldtree/data/structures/afdb/AF-A0A175VPZ7-F1-model_v6.cif,
A0A178ZSD6,PIF1,Fonsecaea erecta,1367422,Pezizomycotina,Eurotiomycetes,Chaetothyriales,Herpotrichiellaceae,Fonsecaea,783,unreviewed,AFDB,6,65.25,True,/Users/spencergray/Desktop/pif1-foldtree/data/structures/afdb/AF-A0A178ZSD6-F1-model_v6.cif,
A0A179FR29,PIF1,Pochonia chlamydosporia 170,1380566,Pezizomycotina,Sordariomycetes,Hypocreales,Clavicipitaceae,Pochonia,821,unreviewed,AFDB,6,61.78,True,/Users/spencergray/Desktop/pif1-foldtree/data/structures/afdb/AF-A0A179FR29-F1-model_v6.cif,
A0A179IKE1,PIF1,Cordyceps confragosa (Lecanicillium lecanii),2714763,Pezizomycotina,Sordariomycetes,Hypocreales,Cordycipitaceae,Akanthomyces,806,unreviewed,AFDB,6,63.31,True,/Users/spencergray/Desktop/pif1-foldtree/data/structures/afdb/AF-A0A179IKE1-F1-model_v6.cif,
A0A1B7YNX9,PIF1,Colletotrichum higginsianum (strain IMI 349063) (Crucifer anthracnose fungus),759273,Pezizomycotina,Sordariomycetes,Glomerellales,Glomerellaceae,Colletotrichum,883,unreviewed,AFDB,6,60.91,True,/Users/spencergray/Desktop/pif1-foldtree/data/structures/afdb/AF-A0A1B7YNX9-F1-model_v6.cif,
A0A1E1LUZ6,PIF1,Rhynchosporium secalis (Barley scald fungus),38038,Pezizomycotina,Leotiomycetes,Helotiales,Ploettnerulaceae,Rhynchosporium,899,unreviewed,AFDB,6,61.69,True,/Users/spencergray/Desktop/pif1-foldtree/data/structures/afdb/AF-A0A1E1LUZ6-F1-model_v6.cif,
A0A1F5LX58,PIF1,Penicillium arizonense,1835702,Pezizomycotina,Eurotiomycetes,Eurotiales,Aspergillaceae,Penicillium,717,unreviewed,AFDB,6,66.94,True,/Users/spencergray/Desktop/pif1-foldtree/data/structures/afdb/AF-A0A1F5LX58-F1-model_v6.cif,
A0A1G4JCZ1,RRM3,Lachancea dasiensis,1072105,Saccharomycotina,Saccharomycetes,Saccharomycetales,Saccharomycetaceae,Lachancea,677,unreviewed,AFDB,6,72.31,True,/Users/spencergray/Desktop/pif1-foldtree/data/structures/afdb/AF-A0A1G4JCZ1-F1-model_v6.cif,
A0A1L7TYF3,PIF1,Fusarium mangiferae (Mango malformation disease fungus),192010,Pezizomycotina,Sordariomycetes,Hypocreales,Nectriaceae,Fusarium,821,unreviewed,AFDB,6,61.84,True,/Users/spencergray/Desktop/pif1-foldtree/data/structures/afdb/AF-A0A1L7TYF3-F1-model_v6.cif,
A0A1L9RR32,PIF1,Aspergillus wentii DTO 134E9,1073089,Pezizomycotina,Eurotiomycetes,Eurotiales,Aspergillaceae,Aspergillus,690,unreviewed,AFDB,6,68.69,True,/Users/spencergray/Desktop/pif1-foldtree/data/structures/afdb/AF-A0A1L9RR32-F1-model_v6.cif,
A0A1Q5UPN3,PIF1,Penicillium subrubescens,1316194,Pezizomycotina,Eurotiomycetes,Eurotiales,Aspergillaceae,Penicillium,728,unreviewed,AFDB,6,66.56,True,/Users/spencergray/Desktop/pif1-foldtree/data/structures/afdb/AF-A0A1Q5UPN3-F1-model_v6.cif,
A0A1V6PDM4,PIF1,Penicillium decumbens,69771,Pezizomycotina,Eurotiomycetes,Eurotiales,Aspergillaceae,Penicillium,773,unreviewed,AFDB,6,64.38,True,/Users/spencergray/Desktop/pif1-foldtree/data/structures/afdb/AF-A0A1V6PDM4-F1-model_v6.cif,
A0A1V6U1M2,PIF1,Penicillium flavigenum,254877,Pezizomycotina,Eurotiomycetes,Eurotiales,Aspergillaceae,Penicillium,763,unreviewed,AFDB,6,64.5,True,/Users/spencergray/Desktop/pif1-foldtree/data/structures/afdb/AF-A0A1V6U1M2-F1-model_v6.cif,
A0A1X7QZ68,PIF1,Maudiozyma saulgeensis,1789683,Saccharomycotina,Saccharomycetes,Saccharomycetales,Saccharomycetaceae,Maudiozyma,888,unreviewed,AFDB,6,60.72,True,/Users/spencergray/Desktop/pif1-foldtree/data/structures/afdb/AF-A0A1X7QZ68-F1-model_v6.cif,
A0A1Z5T0V7,PIF1,Hortaea werneckii EXF-2000,1157616,Pezizomycotina,Dothideomycetes,Mycosphaerellales,Teratosphaeriaceae,Hortaea,913,unreviewed,AFDB,6,60.19,True,/Users/spencergray/Desktop/pif1-foldtree/data/structures/afdb/AF-A0A1Z5T0V7-F1-model_v6.cif,
A0A225ACG2,PIF1,Talaromyces atroroseus,1441469,Pezizomycotina,Eurotiomycetes,Eurotiales,Trichocomaceae,Talaromyces,758,unreviewed,AFDB,6,64.19,True,/Users/spencergray/Desktop/pif1-foldtree/data/structures/afdb/AF-A0A225ACG2-F1-model_v6.cif,
A0A2B7ZAZ8,PIF1,[Emmonsia] crescens,73230,Pezizomycotina,Eurotiomycetes,Onygenales,Ajellomycetaceae,Emergomyces,802,unreviewed,AFDB,6,62.62,True,/Users/spencergray/Desktop/pif1-foldtree/data/structures/afdb/AF-A0A2B7ZAZ8-F1-model_v6.cif,
A0A2C5Z3Z6,PIF1,Ophiocordyceps australis,1399860,Pezizomycotina,Sordariomycetes,Hypocreales,Ophiocordycipitaceae,Ophiocordyceps,873,unreviewed,AFDB,6,60.5,True,/Users/spencergray/Desktop/pif1-foldtree/data/structures/afdb/AF-A0A2C5Z3Z6-F1-model_v6.cif,
A0A2L2TT35,PIF1,Fusarium venenatum,56646,Pezizomycotina,Sordariomycetes,Hypocreales,Nectriaceae,Fusarium,873,unreviewed,AFDB,6,60.03,True,/Users/spencergray/Desktop/pif1-foldtree/data/structures/afdb/AF-A0A2L2TT35-F1-model_v6.cif,
A0A2P4ZPZ5,PIF1,Trichoderma gamsii,398673,Pezizomycotina,Sordariomycetes,Hypocreales,Hypocreaceae,Trichoderma,818,unreviewed,AFDB,6,62.28,True,/Users/spencergray/Desktop/pif1-foldtree/data/structures/afdb/AF-A0A2P4ZPZ5-F1-model_v6.cif,
A0A2P5IG66,PIF1,Diaporthe helianthi,158607,Pezizomycotina,Sordariomycetes,Diaporthales,Diaporthaceae,Diaporthe,816,unreviewed,AFDB,6,61.47,True,/Users/spencergray/Desktop/pif1-foldtree/data/structures/afdb/AF-A0A2P5IG66-F1-model_v6.cif,
A0A2P7YYZ7,PIF1,Candidozyma pseudohaemuli,418784,Saccharomycotina,Pichiomycetes,Serinales,Metschnikowiaceae,Candidozyma,1269,unreviewed,AFDB,6,68.31,True,/Users/spencergray/Desktop/pif1-foldtree/data/structures/afdb/AF-A0A2P7YYZ7-F1-model_v6.cif,
A0A395MU31,PIF1,Fusarium flagelliforme,2675880,Pezizomycotina,Sordariomycetes,Hypocreales,Nectriaceae,Fusarium,818,unreviewed,AFDB,6,62.47,True,/Users/spencergray/Desktop/pif1-foldtree/data/structures/afdb/AF-A0A395MU31-F1-model_v6.cif,
A0A395SH18,PIF1,Fusarium longipes,694270,Pezizomycotina,Sordariomycetes,Hypocreales,Nectriaceae,Fusarium,816,unreviewed,AFDB,6,62.84,True,/Users/spencergray/Desktop/pif1-foldtree/data/structures/afdb/AF-A0A395SH18-F1-model_v6.cif,
A0A3D8T9P5,PIF1,Coleophoma crateriformis,565419,Pezizomycotina,Leotiomycetes,Helotiales,Dermateaceae,Coleophoma,921,unreviewed,AFDB,6,61.22,True,/Users/spencergray/Desktop/pif1-foldtree/data/structures/afdb/AF-A0A3D8T9P5-F1-model_v6.cif,
A0A420HI51,PIF1,Golovinomyces cichoracearum,62708,Pezizomycotina,Leotiomycetes,Erysiphales,Erysiphaceae,Golovinomyces,858,unreviewed,AFDB,6,59.66,True,/Users/spencergray/Desktop/pif1-foldtree/data/structures/afdb/AF-A0A420HI51-F1-model_v6.cif,
A0A437A639,PIF1,Arthrobotrys flagrans (Nematode-trapping fungus) (Trichothecium flagrans),97331,Pezizomycotina,Orbiliomycetes,Orbiliales,Orbiliaceae,Arthrobotrys,893,unreviewed,AFDB,6,59.59,True,/Users/spencergray/Desktop/pif1-foldtree/data/structures/afdb/AF-A0A437A639-F1-model_v6.cif,
A0A4T0X4S6,PIF1,Pichia inconspicua,52247,Saccharomycotina,Pichiomycetes,Pichiales,Pichiaceae,Pichia,863,unreviewed,AFDB,6,61.34,True,/Users/spencergray/Desktop/pif1-foldtree/data/structures/afdb/AF-A0A4T0X4S6-F1-model_v6.cif,
A0A4U6XDE4,pif1,Colletotrichum tanaceti,1306861,Pezizomycotina,Sordariomycetes,Glomerellales,Glomerellaceae,Colletotrichum,885,unreviewed,AFDB,6,60.84,True,/Users/spencergray/Desktop/pif1-foldtree/data/structures/afdb/AF-A0A4U6XDE4-F1-model_v6.cif,
A0A545VF71,PIF1,Cordyceps javanica,43265,Pezizomycotina,Sordariomycetes,Hypocreales,Cordycipitaceae,Cordyceps,803,unreviewed,AFDB,6,62.75,True,/Users/spencergray/Desktop/pif1-foldtree/data/structures/afdb/AF-A0A545VF71-F1-model_v6.cif,
A0A553I2H5,PIF1,Xylaria flabelliformis,2512241,Pezizomycotina,Sordariomycetes,Xylariales,Xylariaceae,Xylaria,1556,unreviewed,MISSING_predict_with_AF3,,,,,
A0A642UC18,PIF1,Diutina rugosa (Yeast) (Candida rugosa),5481,Saccharomycotina,Pichiomycetes,Serinales,Debaryomycetaceae,Diutina,851,unreviewed,AFDB,6,59.41,True,/Users/spencergray/Desktop/pif1-foldtree/data/structures/afdb/AF-A0A642UC18-F1-model_v6.cif,
A0A6P8AS74,PIF1,Pyricularia grisea (Crabgrass-specific blast fungus) (Magnaporthe grisea),148305,Pezizomycotina,Sordariomycetes,Magnaporthales,Pyriculariaceae,Pyricularia,863,unreviewed,AFDB,6,60.62,True,/Users/spencergray/Desktop/pif1-foldtree/data/structures/afdb/AF-A0A6P8AS74-F1-model_v6.cif,
A0A7D9D0S1,PIF1,Dekkera bruxellensis (Brettanomyces custersii),5007,Saccharomycotina,Pichiomycetes,Pichiales,Pichiaceae,Brettanomyces,933,unreviewed,AFDB,6,61.06,True,/Users/spencergray/Desktop/pif1-foldtree/data/structures/afdb/AF-A0A7D9D0S1-F1-model_v6.cif,
A0A7D9H4X7,PIF1,Dekkera bruxellensis (Brettanomyces custersii),5007,Saccharomycotina,Pichiomycetes,Pichiales,Pichiaceae,Brettanomyces,925,unreviewed,AFDB,6,62.97,True,/Users/spencergray/Desktop/pif1-foldtree/data/structures/afdb/AF-A0A7D9H4X7-F1-model_v6.cif,
A0A7G3ZFX8,PIF1,Torulaspora globosa,48254,Saccharomycotina,Saccharomycetes,Saccharomycetales,Saccharomycetaceae,Torulaspora,961,unreviewed,AFDB,6,59.94,True,/Users/spencergray/Desktop/pif1-foldtree/data/structures/afdb/AF-A0A7G3ZFX8-F1-model_v6.cif,
A0A7H9HQ67,PIF1,Torulaspora globosa,48254,Saccharomycotina,Saccharomycetes,Saccharomycetales,Saccharomycetaceae,Torulaspora,938,unreviewed,AFDB,6,61.44,True,/Users/spencergray/Desktop/pif1-foldtree/data/structures/afdb/AF-A0A7H9HQ67-F1-model_v6.cif,
A0A8A3PQR8,PIF1,Monilinia vaccinii-corymbosi,61207,Pezizomycotina,Leotiomycetes,Helotiales,Sclerotiniaceae,Monilinia,835,unreviewed,AFDB,6,62.56,True,/Users/spencergray/Desktop/pif1-foldtree/data/structures/afdb/AF-A0A8A3PQR8-F1-model_v6.cif,
A0A8E2ECP4,PIF1,Lepidopterella palustris CBS 459.81,1314670,Pezizomycotina,Dothideomycetes,Mytilinidiales,Argynnaceae,Lepidopterella,929,unreviewed,AFDB,6,59.66,True,/Users/spencergray/Desktop/pif1-foldtree/data/structures/afdb/AF-A0A8E2ECP4-F1-model_v6.cif,
A0A8H2VG31,RRM3,Maudiozyma barnettii,61262,Saccharomycotina,Saccharomycetes,Saccharomycetales,Saccharomycetaceae,Maudiozyma,756,unreviewed,AFDB,6,66.38,True,/Users/spencergray/Desktop/pif1-foldtree/data/structures/afdb/AF-A0A8H2VG31-F1-model_v6.cif,
A0A8H4M5R7,PIF1,Aspergillus fumigatiaffinis,340414,Pezizomycotina,Eurotiomycetes,Eurotiales,Aspergillaceae,Aspergillus,744,unreviewed,AFDB,6,65.62,True,/Users/spencergray/Desktop/pif1-foldtree/data/structures/afdb/AF-A0A8H4M5R7-F1-model_v6.cif,
A0A8H4RP39,PIF1,Cudoniella acicularis,354080,Pezizomycotina,Leotiomycetes,Helotiales,Tricladiaceae,Cudoniella,1146,unreviewed,AFDB,6,54.84,True,/Users/spencergray/Desktop/pif1-foldtree/data/structures/afdb/AF-A0A8H4RP39-F1-model_v6.cif,
A0A8H5K2L9,PIF1,Fusarium phyllophilum,47803,Pezizomycotina,Sordariomycetes,Hypocreales,Nectriaceae,Fusarium,820,unreviewed,AFDB,6,62.12,True,/Users/spencergray/Desktop/pif1-foldtree/data/structures/afdb/AF-A0A8H5K2L9-F1-model_v6.cif,
A0A8H5V246,PIF1,Gibberella subglutinans (Fusarium subglutinans),42677,Pezizomycotina,Sordariomycetes,Hypocreales,Nectriaceae,Fusarium,825,unreviewed,AFDB,6,62.34,True,/Users/spencergray/Desktop/pif1-foldtree/data/structures/afdb/AF-A0A8H5V246-F1-model_v6.cif,
A0A8H6DJK2,PIF1,Fusarium mundagurra,1567541,Pezizomycotina,Sordariomycetes,Hypocreales,Nectriaceae,Fusarium,820,unreviewed,AFDB,6,62.19,True,/Users/spencergray/Desktop/pif1-foldtree/data/structures/afdb/AF-A0A8H6DJK2-F1-model_v6.cif,
A0A8H6EMB0,PIF1,Botrytis fragariae,1964551,Pezizomycotina,Leotiomycetes,Helotiales,Sclerotiniaceae,Botrytis,910,unreviewed,AFDB,6,61.19,True,/Users/spencergray/Desktop/pif1-foldtree/data/structures/afdb/AF-A0A8H6EMB0-F1-model_v6.cif,
A0A8H6MX16,PIF1,Colletotrichum sojae,2175907,Pezizomycotina,Sordariomycetes,Glomerellales,Glomerellaceae,Colletotrichum,898,unreviewed,AFDB,6,60.5,True,/Users/spencergray/Desktop/pif1-foldtree/data/structures/afdb/AF-A0A8H6MX16-F1-model_v6.cif,
A0A8H6P867,PIF1,Aspergillus hiratsukae,1194566,Pezizomycotina,Eurotiomycetes,Eurotiales,Aspergillaceae,Aspergillus,765,unreviewed,AFDB,6,64.75,True,/Users/spencergray/Desktop/pif1-foldtree/data/structures/afdb/AF-A0A8H6P867-F1-model_v6.cif,
A0A8H7B4D1,PIF1,Alternaria burnsii,1187904,Pezizomycotina,Dothideomycetes,Pleosporales,Pleosporaceae,Alternaria,782,unreviewed,AFDB,6,64.94,True,/Users/spencergray/Desktop/pif1-foldtree/data/structures/afdb/AF-A0A8H7B4D1-F1-model_v6.cif,
A0A8H7MC09,PIF1,Ascochyta lentis,205686,Pezizomycotina,Dothideomycetes,Pleosporales,Didymellaceae,Ascochyta,829,unreviewed,AFDB,6,63.38,True,/Users/spencergray/Desktop/pif1-foldtree/data/structures/afdb/AF-A0A8H7MC09-F1-model_v6.cif,
A0A8J2N2S3,PIF1,Alternaria atra,119953,Pezizomycotina,Dothideomycetes,Pleosporales,Pleosporaceae,Alternaria,781,unreviewed,AFDB,6,64.56,True,/Users/spencergray/Desktop/pif1-foldtree/data/structures/afdb/AF-A0A8J2N2S3-F1-model_v6.cif,
A0A9N8P4J7,PIF1,Aureobasidium vineae,2773715,Pezizomycotina,Dothideomycetes,Dothideales,Saccotheciaceae,Aureobasidium,875,unreviewed,AFDB,6,59.66,True,/Users/spencergray/Desktop/pif1-foldtree/data/structures/afdb/AF-A0A9N8P4J7-F1-model_v6.cif,
A0A9N8PPA1,PIF1,Aureobasidium uvarum,2773716,Pezizomycotina,Dothideomycetes,Dothideales,Saccotheciaceae,Aureobasidium,876,unreviewed,AFDB,6,59.94,True,/Users/spencergray/Desktop/pif1-foldtree/data/structures/afdb/AF-A0A9N8PPA1-F1-model_v6.cif,
A0A9P5H1A3,PIF1,Cylindrodendrum hubeiense,595255,Pezizomycotina,Sordariomycetes,Hypocreales,Nectriaceae,Cylindrodendrum,878,unreviewed,AFDB,6,59.91,True,/Users/spencergray/Desktop/pif1-foldtree/data/structures/afdb/AF-A0A9P5H1A3-F1-model_v6.cif,
A0A9P6I5L3,PIF1,Colletotrichum karsti,1095194,Pezizomycotina,Sordariomycetes,Glomerellales,Glomerellaceae,Colletotrichum,850,unreviewed,AFDB,6,62.25,True,/Users/spencergray/Desktop/pif1-foldtree/data/structures/afdb/AF-A0A9P6I5L3-F1-model_v6.cif,
A0A9P7UDJ2,PIF1,Colletotrichum scovillei,1209932,Pezizomycotina,Sordariomycetes,Glomerellales,Glomerellaceae,Colletotrichum,880,unreviewed,AFDB,6,60.88,True,/Users/spencergray/Desktop/pif1-foldtree/data/structures/afdb/AF-A0A9P7UDJ2-F1-model_v6.cif,
A0A9P8KRB0,PIF1,Trichoderma semiorbis,1491008,Pezizomycotina,Sordariomycetes,Hypocreales,Hypocreaceae,Trichoderma,842,unreviewed,AFDB,6,61.31,True,/Users/spencergray/Desktop/pif1-foldtree/data/structures/afdb/AF-A0A9P8KRB0-F1-model_v6.cif,
A0A9P8PN42,PIF1,Wickerhamomyces mucosus,1378264,Saccharomycotina,Saccharomycetes,Phaffomycetales,Wickerhamomycetaceae,Wickerhamomyces,947,unreviewed,AFDB,6,59.16,True,/Users/spencergray/Desktop/pif1-foldtree/data/structures/afdb/AF-A0A9P8PN42-F1-model_v6.cif,
A0A9P8PWM7,PIF1,Ogataea polymorpha,460523,Saccharomycotina,Pichiomycetes,Pichiales,Pichiaceae,Ogataea,825,unreviewed,AFDB,6,66.19,True,/Users/spencergray/Desktop/pif1-foldtree/data/structures/afdb/AF-A0A9P8PWM7-F1-model_v6.cif,
A0A9P8Q2R3,PIF1,Wickerhamomyces pijperi (Yeast) (Pichia pijperi),599730,Saccharomycotina,Saccharomycetes,Phaffomycetales,Wickerhamomycetaceae,Wickerhamomyces,1245,unreviewed,AFDB,6,52.16,True,/Users/spencergray/Desktop/pif1-foldtree/data/structures/afdb/AF-A0A9P8Q2R3-F1-model_v6.cif,
A0A9P8TBX6,PIF1,Wickerhamomyces mucosus,1378264,Saccharomycotina,Saccharomycetes,Phaffomycetales,Wickerhamomycetaceae,Wickerhamomyces,676,unreviewed,AFDB,6,73.06,True,/Users/spencergray/Desktop/pif1-foldtree/data/structures/afdb/AF-A0A9P8TBX6-F1-model_v6.cif,
A0A9P9XX88,PIF1,Emericellopsis cladophorae,2686198,Pezizomycotina,Sordariomycetes,Hypocreales,Bionectriaceae,Emericellopsis,797,unreviewed,AFDB,6,62.81,True,/Users/spencergray/Desktop/pif1-foldtree/data/structures/afdb/AF-A0A9P9XX88-F1-model_v6.cif,
A0A9Q0AR35,PIF1,Neoarthrinium moseri,1658444,Pezizomycotina,Sordariomycetes,Amphisphaeriales,Apiosporaceae,Neoarthrinium,843,unreviewed,AFDB,6,62.34,True,/Users/spencergray/Desktop/pif1-foldtree/data/structures/afdb/AF-A0A9Q0AR35-F1-model_v6.cif,
A0A9W4TRY8,PIF1,Candida verbasci,1227364,Saccharomycotina,Pichiomycetes,Serinales,Debaryomycetaceae,Candida,658,unreviewed,AFDB,6,73.38,True,/Users/spencergray/Desktop/pif1-foldtree/data/structures/afdb/AF-A0A9W4TRY8-F1-model_v6.cif,
A0A9W4TSQ7,PIF1,Candida verbasci,1227364,Saccharomycotina,Pichiomycetes,Serinales,Debaryomycetaceae,Candida,1019,unreviewed,AFDB,6,54.38,True,/Users/spencergray/Desktop/pif1-foldtree/data/structures/afdb/AF-A0A9W4TSQ7-F1-model_v6.cif,
A0A9W6SUB1,PIF1,Candida boidinii (Yeast),5477,Saccharomycotina,Pichiomycetes,Pichiales,Pichiaceae,Ogataea,1067,unreviewed,AFDB,6,56.56,True,/Users/spencergray/Desktop/pif1-foldtree/data/structures/afdb/AF-A0A9W6SUB1-F1-model_v6.cif,
A0A9W8NAJ3,PIF1,Xylaria arbuscula,114810,Pezizomycotina,Sordariomycetes,Xylariales,Xylariaceae,Xylaria,888,unreviewed,AFDB,6,64.5,True,/Users/spencergray/Desktop/pif1-foldtree/data/structures/afdb/AF-A0A9W8NAJ3-F1-model_v6.cif,
A0A9W9E386,PIF1,Trichoderma breve,2034170,Pezizomycotina,Sordariomycetes,Hypocreales,Hypocreaceae,Trichoderma,814,unreviewed,AFDB,6,62.28,True,/Users/spencergray/Desktop/pif1-foldtree/data/structures/afdb/AF-A0A9W9E386-F1-model_v6.cif,
A0A9W9GHH5,PIF1,Penicillium bovifimosum,126998,Pezizomycotina,Eurotiomycetes,Eurotiales,Aspergillaceae,Penicillium,773,unreviewed,AFDB,6,63.97,True,/Users/spencergray/Desktop/pif1-foldtree/data/structures/afdb/AF-A0A9W9GHH5-F1-model_v6.cif,
A0A9W9KDN3,PIF1,Penicillium alfredii,1506179,Pezizomycotina,Eurotiomycetes,Eurotiales,Aspergillaceae,Penicillium,773,unreviewed,AFDB,6,65.06,True,/Users/spencergray/Desktop/pif1-foldtree/data/structures/afdb/AF-A0A9W9KDN3-F1-model_v6.cif,
A0A9W9NF67,PIF1,Penicillium cinerascens,70096,Pezizomycotina,Eurotiomycetes,Eurotiales,Aspergillaceae,Penicillium,733,unreviewed,AFDB,6,65.88,True,/Users/spencergray/Desktop/pif1-foldtree/data/structures/afdb/AF-A0A9W9NF67-F1-model_v6.cif,
A0A9W9PGZ8,PIF1,Penicillium chermesinum,63820,Pezizomycotina,Eurotiomycetes,Eurotiales,Aspergillaceae,Penicillium,726,unreviewed,AFDB,6,67.06,True,/Users/spencergray/Desktop/pif1-foldtree/data/structures/afdb/AF-A0A9W9PGZ8-F1-model_v6.cif,
A0AA35M823,PIF1,Clonostachys chloroleuca,1926264,Pezizomycotina,Sordariomycetes,Hypocreales,Bionectriaceae,Clonostachys,799,unreviewed,AFDB,6,62.53,True,/Users/spencergray/Desktop/pif1-foldtree/data/structures/afdb/AF-A0AA35M823-F1-model_v6.cif,
A0AA38R6I5,PIF1,Pleurostoma richardsiae,41990,Pezizomycotina,Sordariomycetes,Calosphaeriales,Pleurostomataceae,Pleurostoma,829,unreviewed,AFDB,6,61.34,True,/Users/spencergray/Desktop/pif1-foldtree/data/structures/afdb/AF-A0AA38R6I5-F1-model_v6.cif,
A0AA39QRC0,PIF1,Cladonia borealis,184061,Pezizomycotina,Lecanoromycetes,Lecanorales,Cladoniaceae,Cladonia,869,unreviewed,AFDB,6,62.84,True,/Users/spencergray/Desktop/pif1-foldtree/data/structures/afdb/AF-A0AA39QRC0-F1-model_v6.cif,
A0AA40CH22,pif1_3,Lasiodiplodia hormozganensis,869390,Pezizomycotina,Dothideomycetes,Botryosphaeriales,Botryosphaeriaceae,Lasiodiplodia,867,unreviewed,AFDB,6,62.91,True,/Users/spencergray/Desktop/pif1-foldtree/data/structures/afdb/AF-A0AA40CH22-F1-model_v6.cif,
A0AAD6BVQ3,PIF1,Penicillium daleae,63821,Pezizomycotina,Eurotiomycetes,Eurotiales,Aspergillaceae,Penicillium,727,unreviewed,AFDB,6,67.0,True,/Users/spencergray/Desktop/pif1-foldtree/data/structures/afdb/AF-A0AAD6BVQ3-F1-model_v6.cif,
A0AAD9W185,PIF1,Diaporthe amygdali (Fusicoccum amygdali),1214568,Pezizomycotina,Sordariomycetes,Diaporthales,Diaporthaceae,Diaporthe,869,unreviewed,AFDB,6,60.56,True,/Users/spencergray/Desktop/pif1-foldtree/data/structures/afdb/AF-A0AAD9W185-F1-model_v6.cif,
A0AAI8YTU8,PIF1,Lecanosticta acicola,111012,Pezizomycotina,Dothideomycetes,Mycosphaerellales,Mycosphaerellaceae,Lecanosticta,859,unreviewed,AFDB,6,62.41,True,/Users/spencergray/Desktop/pif1-foldtree/data/structures/afdb/AF-A0AAI8YTU8-F1-model_v6.cif,
A0AAI9SW46,PIF1,Candida oxycetoniae,497107,Saccharomycotina,Pichiomycetes,Serinales,Debaryomycetaceae,Candida,934,unreviewed,AFDB,6,56.97,True,/Users/spencergray/Desktop/pif1-foldtree/data/structures/afdb/AF-A0AAI9SW46-F1-model_v6.cif,
A0AAN6BNB4,PIF1,Aspergillus lentulus,293939,Pezizomycotina,Eurotiomycetes,Eurotiales,Aspergillaceae,Aspergillus,744,unreviewed,AFDB,6,66.12,True,/Users/spencergray/Desktop/pif1-foldtree/data/structures/afdb/AF-A0AAN6BNB4-F1-model_v6.cif,
A0AAN6PR26,PIF1,Parachaetomium inaequale,2588326,Pezizomycotina,Sordariomycetes,Sordariales,Chaetomiaceae,Parachaetomium,764,unreviewed,AFDB,6,58.59,True,/Users/spencergray/Desktop/pif1-foldtree/data/structures/afdb/AF-A0AAN6PR26-F1-model_v6.cif,
A0AAV5RQD8,PIF1,Maudiozyma humilis (Sour dough yeast) (Kazachstania humilis),51915,Saccharomycotina,Saccharomycetes,Saccharomycetales,Saccharomycetaceae,Maudiozyma,857,unreviewed,AFDB,6,62.47,True,/Users/spencergray/Desktop/pif1-foldtree/data/structures/afdb/AF-A0AAV5RQD8-F1-model_v6.cif,
A0AAV5RS12,PIF1,Starmerella bacillaris (Yeast) (Candida zemplinina),1247836,Saccharomycotina,Dipodascomycetes,Dipodascales,Trichomonascaceae,Starmerella,893,unreviewed,AFDB,6,58.0,True,/Users/spencergray/Desktop/pif1-foldtree/data/structures/afdb/AF-A0AAV5RS12-F1-model_v6.cif,
A0AAV5S599,RRM3,Maudiozyma humilis (Sour dough yeast) (Kazachstania humilis),51915,Saccharomycotina,Saccharomycetes,Saccharomycetales,Saccharomycetaceae,Maudiozyma,760,unreviewed,AFDB,6,66.38,True,/Users/spencergray/Desktop/pif1-foldtree/data/structures/afdb/AF-A0AAV5S599-F1-model_v6.cif,
A0ABP0ZI86,PIF1,Lodderomyces beijingensis,1775926,Saccharomycotina,Pichiomycetes,Serinales,Debaryomycetaceae,Lodderomyces,671,unreviewed,MISSING_predict_with_AF3,,,,,
A0ABQ0CIR6,g1738,Epichloe bromicola,79588,Pezizomycotina,Sordariomycetes,Hypocreales,Clavicipitaceae,Epichloe,824,unreviewed,MISSING_predict_with_AF3,,,,,
A0ABQ1A1P2,PIF1,Aspergillus udagawae,91492,Pezizomycotina,Eurotiomycetes,Eurotiales,Aspergillaceae,Aspergillus,744,unreviewed,MISSING_predict_with_AF3,,,,,
A0ABR0H0U4,PIF1,Podospora pseudopauciseta,2093780,Pezizomycotina,Sordariomycetes,Sordariales,Podosporaceae,Podospora,895,unreviewed,MISSING_predict_with_AF3,,,,,
A0ABR1X8Q2,PIF1,Apiospora hydei,1337664,Pezizomycotina,Sordariomycetes,Amphisphaeriales,Apiosporaceae,Apiospora,785,unreviewed,MISSING_predict_with_AF3,,,,,
A0ABR2HLJ4,PIF1,Apiospora arundinis,335852,Pezizomycotina,Sordariomycetes,Amphisphaeriales,Apiosporaceae,Apiospora,870,unreviewed,MISSING_predict_with_AF3,,,,,
A0ABR2XV60,PIF1,Seiridium cardinale,138064,Pezizomycotina,Sordariomycetes,Amphisphaeriales,Sporocadaceae,Seiridium,870,unreviewed,MISSING_predict_with_AF3,,,,,
A0ABR3VRV6,PIF1,Humicola insolens (Soft-rot fungus),85995,Pezizomycotina,Sordariomycetes,Sordariales,Chaetomiaceae,Mycothermus,815,unreviewed,MISSING_predict_with_AF3,,,,,
A0ABR4DQT9,PIF1,Diaporthe vaccinii,105482,Pezizomycotina,Sordariomycetes,Diaporthales,Diaporthaceae,Diaporthe,866,unreviewed,MISSING_predict_with_AF3,,,,,
A1CBS2,PIF1,Aspergillus clavatus (strain ATCC 1007 / CBS 513.65 / DSM 816 / NCTC 3887 / NRRL 1 / QM 1276 / 107),344612,Pezizomycotina,Eurotiomycetes,Eurotiales,Aspergillaceae,Aspergillus,747,unreviewed,AFDB,6,66.0,True,/Users/spencergray/Desktop/pif1-foldtree/data/structures/afdb/AF-A1CBS2-F1-model_v6.cif,
A5E709,PIF1,Lodderomyces elongisporus (strain ATCC 11503 / CBS 2605 / JCM 1781 / NBRC 1676 / NRRL YB-4239) (Yeast) (Saccharomyces elongisporus),379508,Saccharomycotina,Pichiomycetes,Serinales,Debaryomycetaceae,Lodderomyces,1047,unreviewed,AFDB,6,55.84,True,/Users/spencergray/Desktop/pif1-foldtree/data/structures/afdb/AF-A5E709-F1-model_v6.cif,
A7TNQ0,PIF1,Vanderwaltozyma polyspora (strain ATCC 22028 / DSM 70294 / BCRC 21397 / CBS 2163 / NBRC 10782 / NRRL Y-8283 / UCD 57-17) (Kluyveromyces polysporus),436907,Saccharomycotina,Saccharomycetes,Saccharomycetales,Saccharomycetaceae,Vanderwaltozyma,958,unreviewed,AFDB,6,59.84,True,/Users/spencergray/Desktop/pif1-foldtree/data/structures/afdb/AF-A7TNQ0-F1-model_v6.cif,
B0Y232,PIF1,Aspergillus fumigatus (strain CBS 144.89 / FGSC A1163 / CEA10) (Neosartorya fumigata),451804,Pezizomycotina,Eurotiomycetes,Eurotiales,Aspergillaceae,Aspergillus,788,unreviewed,AFDB,6,63.19,True,/Users/spencergray/Desktop/pif1-foldtree/data/structures/afdb/AF-B0Y232-F1-model_v6.cif,
B6HL55,PIF1,Penicillium rubens (strain ATCC 28089 / DSM 1075 / NRRL 1951 / Wisconsin 54-1255) (Penicillium chrysogenum),500485,Pezizomycotina,Eurotiomycetes,Eurotiales,Aspergillaceae,Penicillium,763,unreviewed,AFDB,6,64.75,True,/Users/spencergray/Desktop/pif1-foldtree/data/structures/afdb/AF-B6HL55-F1-model_v6.cif,
C1GVB7,PIF1,Paracoccidioides lutzii (strain ATCC MYA-826 / Pb01) (Paracoccidioides brasiliensis),502779,Pezizomycotina,Eurotiomycetes,Onygenales,Ajellomycetaceae,Paracoccidioides,797,unreviewed,AFDB,6,64.62,True,/Users/spencergray/Desktop/pif1-foldtree/data/structures/afdb/AF-C1GVB7-F1-model_v6.cif,
C4YMF4,PIF1,Candida albicans (strain WO-1) (Yeast),294748,Saccharomycotina,Pichiomycetes,Serinales,Debaryomycetaceae,Candida,906,unreviewed,AFDB,6,58.47,True,/Users/spencergray/Desktop/pif1-foldtree/data/structures/afdb/AF-C4YMF4-F1-model_v6.cif,
C5DS62,PIF1,Zygosaccharomyces rouxii (strain ATCC 2623 / CBS 732 / NBRC 1130 / NCYC 568 / NRRL Y-229),559307,Saccharomycotina,Saccharomycetes,Saccharomycetales,Saccharomycetaceae,Zygosaccharomyces,864,unreviewed,AFDB,6,63.0,True,/Users/spencergray/Desktop/pif1-foldtree/data/structures/afdb/AF-C5DS62-F1-model_v6.cif,
E3Q2W0,PIF1,Colletotrichum graminicola (strain M1.001 / M2 / FGSC 10212) (Maize anthracnose fungus) (Glomerella graminicola),645133,Pezizomycotina,Sordariomycetes,Glomerellales,Glomerellaceae,Colletotrichum,839,unreviewed,AFDB,6,62.69,True,/Users/spencergray/Desktop/pif1-foldtree/data/structures/afdb/AF-E3Q2W0-F1-model_v6.cif,
F7VS34,PIF1,Sordaria macrospora (strain ATCC MYA-333 / DSM 997 / K(L3346) / K-hell),771870,Pezizomycotina,Sordariomycetes,Sordariales,Sordariaceae,Sordaria,932,unreviewed,AFDB,6,58.72,True,/Users/spencergray/Desktop/pif1-foldtree/data/structures/afdb/AF-F7VS34-F1-model_v6.cif,
G8BSI5,TPHA0D01660,Tetrapisispora phaffii (strain ATCC 24235 / CBS 4417 / NBRC 1672 / NRRL Y-8282 / UCD 70-5) (Yeast) (Fabospora phaffii),1071381,Saccharomycotina,Saccharomycetes,Saccharomycetales,Saccharomycetaceae,Tetrapisispora,748,unreviewed,AFDB,6,66.81,True,/Users/spencergray/Desktop/pif1-foldtree/data/structures/afdb/AF-G8BSI5-F1-model_v6.cif,
H8XAL7,PIF1,Candida orthopsilosis (strain 90-125) (Yeast),1136231,Saccharomycotina,Pichiomycetes,Serinales,Debaryomycetaceae,Candida,933,unreviewed,AFDB,6,56.25,True,/Users/spencergray/Desktop/pif1-foldtree/data/structures/afdb/AF-H8XAL7-F1-model_v6.cif,
J3NIB7,20341457,Gaeumannomyces tritici (strain R3-111a-1) (Wheat and barley take-all root rot fungus) (Gaeumannomyces graminis var. tritici),644352,Pezizomycotina,Sordariomycetes,Magnaporthales,Magnaporthaceae,Gaeumannomyces,784,unreviewed,AFDB,6,64.56,True,/Users/spencergray/Desktop/pif1-foldtree/data/structures/afdb/AF-J3NIB7-F1-model_v6.cif,
K9GB17,PIF1,Penicillium digitatum (strain PHI26 / CECT 20796) (Green mold),1170229,Pezizomycotina,Eurotiomycetes,Eurotiales,Aspergillaceae,Penicillium,720,unreviewed,AFDB,6,66.5,True,/Users/spencergray/Desktop/pif1-foldtree/data/structures/afdb/AF-K9GB17-F1-model_v6.cif,
N1J746,PIF1,Blumeria graminis f. sp. hordei (strain DH14) (Barley powdery mildew) (Oidium monilioides f. sp. hordei),546991,Pezizomycotina,Leotiomycetes,Erysiphales,Erysiphaceae,Blumeria,830,unreviewed,AFDB,6,61.62,True,/Users/spencergray/Desktop/pif1-foldtree/data/structures/afdb/AF-N1J746-F1-model_v6.cif,
Q6CQY1,RRM3,Kluyveromyces lactis (strain ATCC 8585 / CBS 2359 / DSM 70799 / NBRC 1267 / NRRL Y-1140 / WM37) (Yeast) (Candida sphaerica),284590,Saccharomycotina,Saccharomycetes,Saccharomycetales,Saccharomycetaceae,Kluyveromyces,707,unreviewed,AFDB,6,67.44,True,/Users/spencergray/Desktop/pif1-foldtree/data/structures/afdb/AF-Q6CQY1-F1-model_v6.cif,
Q756M1,RRM3,Eremothecium gossypii (strain ATCC 10895 / CBS 109.51 / FGSC 9923 / NRRL Y-1056) (Yeast) (Ashbya gossypii),284811,Saccharomycotina,Saccharomycetes,Saccharomycetales,Saccharomycetaceae,Eremothecium,691,unreviewed,AFDB,6,72.19,True,/Users/spencergray/Desktop/pif1-foldtree/data/structures/afdb/AF-Q756M1-F1-model_v6.cif,
Q7RXT1,PIF1,Neurospora crassa (strain ATCC 24698 / 74-OR23-1A / CBS 708.71 / DSM 1257 / FGSC 987),367110,Pezizomycotina,Sordariomycetes,Sordariales,Sordariaceae,Neurospora,931,unreviewed,AFDB,6,58.06,True,/Users/spencergray/Desktop/pif1-foldtree/data/structures/afdb/AF-Q7RXT1-F1-model_v6.cif,
S0E8T2,PIF1,Gibberella fujikuroi (strain CBS 195.34 / IMI 58289 / NRRL A-6831) (Bakanae and foot rot disease fungus) (Fusarium fujikuroi),1279085,Pezizomycotina,Sordariomycetes,Hypocreales,Nectriaceae,Fusarium,821,unreviewed,AFDB,6,62.19,True,/Users/spencergray/Desktop/pif1-foldtree/data/structures/afdb/AF-S0E8T2-F1-model_v6.cif,
S3DLT2,PIF1,Glarea lozoyensis (strain ATCC 20868 / MF5171),1116229,Pezizomycotina,Leotiomycetes,Helotiales,Helotiaceae,Glarea,931,unreviewed,AFDB,6,58.81,True,/Users/spencergray/Desktop/pif1-foldtree/data/structures/afdb/AF-S3DLT2-F1-model_v6.cif,
W3WI34,PIF1,Pestalotiopsis fici (strain W106-1 / CGMCC3.15140),1229662,Pezizomycotina,Sordariomycetes,Amphisphaeriales,Sporocadaceae,Pestalotiopsis,915,unreviewed,AFDB,6,58.88,True,/Users/spencergray/Desktop/pif1-foldtree/data/structures/afdb/AF-W3WI34-F1-model_v6.cif,
W6QMY6,PIF1,Penicillium roqueforti (strain FM164),1365484,Pezizomycotina,Eurotiomycetes,Eurotiales,Aspergillaceae,Penicillium,764,unreviewed,AFDB,6,64.5,True,/Users/spencergray/Desktop/pif1-foldtree/data/structures/afdb/AF-W6QMY6-F1-model_v6.cif,
A0A0B4FVA9,MAN_02140,Metarhizium anisopliae (strain ARSEF 549),3151832,Pezizomycotina,Sordariomycetes,Hypocreales,Clavicipitaceae,Metarhizium,856,unreviewed,AFDB,6,59.84,True,/Users/spencergray/Desktop/pif1-foldtree/data/structures/afdb/AF-A0A0B4FVA9-F1-model_v6.cif,
A0A3N4JMV7,L873DRAFT_1569971,Choiromyces venosus 120613-1,1336337,Pezizomycotina,Pezizomycetes,Pezizales,Tuberaceae,Choiromyces,682,unreviewed,AFDB,6,68.31,True,/Users/spencergray/Desktop/pif1-foldtree/data/structures/afdb/AF-A0A3N4JMV7-F1-model_v6.cif,
A0A8H4CLQ5,GCG54_00005947,Colletotrichum gloeosporioides (Anthracnose fungus) (Glomerella cingulata),474922,Pezizomycotina,Sordariomycetes,Glomerellales,Glomerellaceae,Colletotrichum,904,unreviewed,AFDB,6,60.53,True,/Users/spencergray/Desktop/pif1-foldtree/data/structures/afdb/AF-A0A8H4CLQ5-F1-model_v6.cif,
A0ACB6V604,PIF1,Geotrichum galactomycetum,27317,Saccharomycotina,Dipodascomycetes,Dipodascales,Dipodascaceae,Geotrichum,779,unreviewed,MISSING_predict_with_AF3,,,,,
A0ACB6V835,PIF1,Geotrichum galactomycetum,27317,Saccharomycotina,Dipodascomycetes,Dipodascales,Dipodascaceae,Geotrichum,768,unreviewed,MISSING_predict_with_AF3,,,,,
A0ACC1RAE9,PIF1,Lecanicillium saksenae,468837,Pezizomycotina,Sordariomycetes,Hypocreales,Cordycipitaceae,Lecanicillium,846,unreviewed,MISSING_predict_with_AF3,,,,,
A0A2P5HGU5,PIF1,Diaporthe helianthi,158607,Pezizomycotina,Sordariomycetes,Diaporthales,Diaporthaceae,Diaporthe,523,unreviewed,AFDB,6,76.56,True,/Users/spencergray/Desktop/pif1-foldtree/data/structures/afdb/AF-A0A2P5HGU5-F1-model_v6.cif,
A0A3E2GT96,B7463_g12002,Scytalidium lignicola (Hyphomycete),5539,Pezizomycotina,Leotiomycetes,,,Scytalidium,930,unreviewed,AFDB,6,59.59,True,/Users/spencergray/Desktop/pif1-foldtree/data/structures/afdb/AF-A0A3E2GT96-F1-model_v6.cif,
A0A9P8F6U8,KCU98_g17622,Aureobasidium melanogenum (Aureobasidium pullulans var. melanogenum),46634,Pezizomycotina,Dothideomycetes,Dothideales,Saccotheciaceae,Aureobasidium,900,unreviewed,AFDB,6,61.72,True,/Users/spencergray/Desktop/pif1-foldtree/data/structures/afdb/AF-A0A9P8F6U8-F1-model_v6.cif,
A0ACB5SA82,g3055,Neofusicoccum parvum,310453,Pezizomycotina,Dothideomycetes,Botryosphaeriales,Botryosphaeriaceae,Neofusicoccum,730,unreviewed,MISSING_predict_with_AF3,,,,,
A0ACC3YGM8,PIF1,Colletotrichum truncatum (Anthracnose fungus) (Colletotrichum capsici),5467,Pezizomycotina,Sordariomycetes,Glomerellales,Glomerellaceae,Colletotrichum,893,unreviewed,MISSING_predict_with_AF3,,,,,
A0ACD3Z1H8,PIF1,Fusarium solani subsp. cucurbitae (Neocosmosporum cucurbitae),2747967,Pezizomycotina,Sordariomycetes,Hypocreales,Nectriaceae,Fusarium,850,unreviewed,MISSING_predict_with_AF3,,,,,
J6EEG6,YHR031C,Saccharomyces kudriavzevii (strain ATCC MYA-4449 / AS 2.2408 / CBS 8840 / NBRC 1802 / NCYC 2889) (Yeast),226230,Saccharomycotina,Saccharomycetes,Saccharomycetales,Saccharomycetaceae,Saccharomyces,721,unreviewed,AFDB,6,68.5,True,/Users/spencergray/Desktop/pif1-foldtree/data/structures/afdb/AF-J6EEG6-F1-model_v6.cif,
A0A2U9QZ99,PIF1,Pichia kudriavzevii (Yeast) (Issatchenkia orientalis),4909,Saccharomycotina,Pichiomycetes,Pichiales,Pichiaceae,Pichia,925,unreviewed,AFDB,6,61.19,True,/Users/spencergray/Desktop/pif1-foldtree/data/structures/afdb/AF-A0A2U9QZ99-F1-model_v6.cif,
A0A376BAK2,PIF1,Saccharomycodes ludwigii,36035,Saccharomycotina,Saccharomycetes,Saccharomycodales,Saccharomycodaceae,Saccharomycodes,818,unreviewed,AFDB,6,65.56,True,/Users/spencergray/Desktop/pif1-foldtree/data/structures/afdb/AF-A0A376BAK2-F1-model_v6.cif,
A0A7H9HUR2,RRM3,Torulaspora globosa,48254,Saccharomycotina,Saccharomycetes,Saccharomycetales,Saccharomycetaceae,Torulaspora,676,unreviewed,AFDB,6,70.62,True,/Users/spencergray/Desktop/pif1-foldtree/data/structures/afdb/AF-A0A7H9HUR2-F1-model_v6.cif,
A0A9N9W2U8,CSOL1703_00009253,Clonostachys solani,160281,Pezizomycotina,Sordariomycetes,Hypocreales,Bionectriaceae,Clonostachys,836,unreviewed,AFDB,6,61.31,True,/Users/spencergray/Desktop/pif1-foldtree/data/structures/afdb/AF-A0A9N9W2U8-F1-model_v6.cif,
A0A9W4RWK1,CGXH109_LOCUS71195,Colletotrichum noveboracense,2664923,Pezizomycotina,Sordariomycetes,Glomerellales,Glomerellaceae,Colletotrichum,906,unreviewed,AFDB,6,60.47,True,/Users/spencergray/Desktop/pif1-foldtree/data/structures/afdb/AF-A0A9W4RWK1-F1-model_v6.cif,
A0ACC1N0K5,PIF1,Zarea fungicola,93591,Pezizomycotina,Sordariomycetes,Hypocreales,Cordycipitaceae,Zarea,843,unreviewed,MISSING_predict_with_AF3,,,,,
A0ACC2HQW4,PIF1,Boeremia exigua,749465,Pezizomycotina,Dothideomycetes,Pleosporales,Didymellaceae,Boeremia,791,unreviewed,MISSING_predict_with_AF3,,,,,
A0A0V1Q2Z0,PIF1,Debaryomyces fabryi,58627,Saccharomycotina,Pichiomycetes,Serinales,Debaryomycetaceae,Debaryomyces,788,unreviewed,AFDB,6,64.88,True,/Users/spencergray/Desktop/pif1-foldtree/data/structures/afdb/AF-A0A0V1Q2Z0-F1-model_v6.cif,
A0A559MKX1,pif1_1,Lachnellula willkommii,215461,Pezizomycotina,Leotiomycetes,Helotiales,Lachnaceae,Lachnellula,927,unreviewed,AFDB,6,59.66,True,/Users/spencergray/Desktop/pif1-foldtree/data/structures/afdb/AF-A0A559MKX1-F1-model_v6.cif,
A0A642UMB7,PIF1,Diutina rugosa (Yeast) (Candida rugosa),5481,Saccharomycotina,Pichiomycetes,Serinales,Debaryomycetaceae,Diutina,626,unreviewed,AFDB,6,75.19,True,/Users/spencergray/Desktop/pif1-foldtree/data/structures/afdb/AF-A0A642UMB7-F1-model_v6.cif,
A0A642V5E7,PIF1,Trichomonascus ciferrii,44093,Saccharomycotina,Dipodascomycetes,Dipodascales,Trichomonascaceae,Trichomonascus,689,unreviewed,AFDB,6,68.44,True,/Users/spencergray/Desktop/pif1-foldtree/data/structures/afdb/AF-A0A642V5E7-F1-model_v6.cif,
A0A8H4T4I9,PIF1,Fusarium gaditjirri,282569,Pezizomycotina,Sordariomycetes,Hypocreales,Nectriaceae,Fusarium,550,unreviewed,AFDB,6,76.75,True,/Users/spencergray/Desktop/pif1-foldtree/data/structures/afdb/AF-A0A8H4T4I9-F1-model_v6.cif,
A0A8H5WXE6,PIF1,Fusarium heterosporum,42747,Pezizomycotina,Sordariomycetes,Hypocreales,Nectriaceae,Fusarium,570,unreviewed,AFDB,6,74.12,True,/Users/spencergray/Desktop/pif1-foldtree/data/structures/afdb/AF-A0A8H5WXE6-F1-model_v6.cif,
A0AAD9SP23,PIF1,Diaporthe amygdali (Fusicoccum amygdali),1214568,Pezizomycotina,Sordariomycetes,Diaporthales,Diaporthaceae,Diaporthe,507,unreviewed,AFDB,6,78.75,True,/Users/spencergray/Desktop/pif1-foldtree/data/structures/afdb/AF-A0AAD9SP23-F1-model_v6.cif,
A0ABR1QZN4,PIF1,Apiospora marii,335849,Pezizomycotina,Sordariomycetes,Amphisphaeriales,Apiosporaceae,Apiospora,508,unreviewed,MISSING_predict_with_AF3,,,,,
A0ABR1X8H1,PIF1,Apiospora hydei,1337664,Pezizomycotina,Sordariomycetes,Amphisphaeriales,Apiosporaceae,Apiospora,508,unreviewed,MISSING_predict_with_AF3,,,,,
A0ACA9Y7U7,PIF1,[Candida] jaroonii,467808,Saccharomycotina,Pichiomycetes,Serinales,Debaryomycetaceae,Yamadazyma,750,unreviewed,MISSING_predict_with_AF3,,,,,
A0ACA9YCX0,PIF1,[Candida] jaroonii,467808,Saccharomycotina,Pichiomycetes,Serinales,Debaryomycetaceae,Yamadazyma,710,unreviewed,MISSING_predict_with_AF3,,,,,
A0ACC1PT71,PIF1,Xylaria curta,42375,Pezizomycotina,Sordariomycetes,Xylariales,Xylariaceae,Xylaria,1102,unreviewed,MISSING_predict_with_AF3,,,,,
A0ACC3TRB3,PIF1,Lipomyces orientalis,1233043,Saccharomycotina,Lipomycetes,Lipomycetales,Lipomycetaceae,Lipomyces,849,unreviewed,MISSING_predict_with_AF3,,,,,
M3JT10,PIF1,Candida maltosa (strain Xu316) (Yeast),1245528,Saccharomycotina,Pichiomycetes,Serinales,Debaryomycetaceae,Candida,550,unreviewed,AFDB,6,84.88,True,/Users/spencergray/Desktop/pif1-foldtree/data/structures/afdb/AF-M3JT10-F1-model_v6.cif,
A0A0P7BLB4,PIF1,Neonectria ditissima,78410,Pezizomycotina,Sordariomycetes,Hypocreales,Nectriaceae,Neonectria,553,unreviewed,AFDB,6,76.06,True,/Users/spencergray/Desktop/pif1-foldtree/data/structures/afdb/AF-A0A0P7BLB4-F1-model_v6.cif,
A0A1L0BLG4,PIF1,Sungouiella intermedia,45354,Saccharomycotina,Pichiomycetes,Serinales,Metschnikowiaceae,Sungouiella,746,unreviewed,AFDB,6,66.0,True,/Users/spencergray/Desktop/pif1-foldtree/data/structures/afdb/AF-A0A1L0BLG4-F1-model_v6.cif,
A0A1U7LSY4,NEOLI_004011,Neolecta irregularis (strain DAH-3),1198029,Taphrinomycotina,Neolectomycetes,Neolectales,Neolectaceae,Neolecta,1360,unreviewed,MISSING_predict_with_AF3,,,,,
A0A2T0FMF4,PIF1,Wickerhamiella sorbophila,45607,Saccharomycotina,Dipodascomycetes,Dipodascales,Trichomonascaceae,Wickerhamiella,748,unreviewed,AFDB,6,63.34,True,/Users/spencergray/Desktop/pif1-foldtree/data/structures/afdb/AF-A0A2T0FMF4-F1-model_v6.cif,
A0A395J7K7,PIF1,Monilinia fructigena,38457,Pezizomycotina,Leotiomycetes,Helotiales,Sclerotiniaceae,Monilinia,673,unreviewed,AFDB,6,62.78,True,/Users/spencergray/Desktop/pif1-foldtree/data/structures/afdb/AF-A0A395J7K7-F1-model_v6.cif,
A0A5E8BI10,PIF1,Magnusiomyces paraingens,2606893,Saccharomycotina,Dipodascomycetes,Dipodascales,Dipodascaceae,Magnusiomyces,702,unreviewed,AFDB,6,67.62,True,/Users/spencergray/Desktop/pif1-foldtree/data/structures/afdb/AF-A0A5E8BI10-F1-model_v6.cif,
A0A9P5HJJ0,PIF1,Cylindrodendrum hubeiense,595255,Pezizomycotina,Sordariomycetes,Hypocreales,Nectriaceae,Cylindrodendrum,858,unreviewed,AFDB,6,81.81,True,/Users/spencergray/Desktop/pif1-foldtree/data/structures/afdb/AF-A0A9P5HJJ0-F1-model_v6.cif,
A0AA35JJF7,SKDI08G0740,Saccharomyces kudriavzevii (strain ATCC MYA-4449 / AS 2.2408 / CBS 8840 / NBRC 1802 / NCYC 2889) (Yeast),226230,Saccharomycotina,Saccharomycetes,Saccharomycetales,Saccharomycetaceae,Saccharomyces,721,unreviewed,MISSING_predict_with_AF3,,,,,
A0ABY2H3J9,CCMA1212_005992,Trichoderma ghanense,65468,Pezizomycotina,Sordariomycetes,Hypocreales,Hypocreaceae,Trichoderma,880,unreviewed,MISSING_predict_with_AF3,,,,,
A0ACA9TUV3,PIF1,Clonostachys rosea f. rosea IK726,1349383,Pezizomycotina,Sordariomycetes,Hypocreales,Bionectriaceae,Clonostachys,799,unreviewed,MISSING_predict_with_AF3,,,,,
A0ACC0QR54,PIF1,Fusarium keratoplasticum,1328300,Pezizomycotina,Sordariomycetes,Hypocreales,Nectriaceae,Fusarium,850,unreviewed,MISSING_predict_with_AF3,,,,,
A0ACC1RL04,PIF1,Fusarium decemcellulare,57161,Pezizomycotina,Sordariomycetes,Hypocreales,Nectriaceae,Fusarium,794,unreviewed,MISSING_predict_with_AF3,,,,,
A0ABQ7RA53,KL946_005047,Ogataea haglerorum,1937702,Saccharomycotina,Pichiomycetes,Pichiales,Pichiaceae,Ogataea,666,unreviewed,MISSING_predict_with_AF3,,,,,
C4Y757,CLUG_03991,Clavispora lusitaniae (strain ATCC 42720) (Yeast) (Candida lusitaniae),306902,Saccharomycotina,Pichiomycetes,Serinales,Metschnikowiaceae,Clavispora,640,unreviewed,AFDB,6,73.94,True,/Users/spencergray/Desktop/pif1-foldtree/data/structures/afdb/AF-C4Y757-F1-model_v6.cif,
C4YNB1,CAWG_01367,Candida albicans (strain WO-1) (Yeast),294748,Saccharomycotina,Pichiomycetes,Serinales,Debaryomycetaceae,Candida,596,unreviewed,AFDB,6,77.75,True,/Users/spencergray/Desktop/pif1-foldtree/data/structures/afdb/AF-C4YNB1-F1-model_v6.cif,
A0A8J5QH60,J8A68_004426,[Candida] subhashii,561895,Saccharomycotina,Pichiomycetes,Serinales,Debaryomycetaceae,Spathaspora,715,unreviewed,MISSING_predict_with_AF3,,,,,
A0A0V1Q0J3,AC631_02188,Debaryomyces fabryi,58627,Saccharomycotina,Pichiomycetes,Serinales,Debaryomycetaceae,Debaryomyces,688,unreviewed,AFDB,6,70.19,True,/Users/spencergray/Desktop/pif1-foldtree/data/structures/afdb/AF-A0A0V1Q0J3-F1-model_v6.cif,
A0A2V1AIT0,CXQ87_000493,Candidozyma duobushaemuli,1231522,Saccharomycotina,Pichiomycetes,Serinales,Metschnikowiaceae,Candidozyma,2734,unreviewed,MISSING_predict_with_AF3,,,,,
A0A9P8P3R0,OGATHE_003294,Ogataea polymorpha,460523,Saccharomycotina,Pichiomycetes,Pichiales,Pichiaceae,Ogataea,666,unreviewed,AFDB,6,72.81,True,/Users/spencergray/Desktop/pif1-foldtree/data/structures/afdb/AF-A0A9P8P3R0-F1-model_v6.cif,
A0AAD5BCG9,KGF57_003887,Candida theae,1198502,Saccharomycotina,Pichiomycetes,Serinales,Debaryomycetaceae,Candida,643,unreviewed,AFDB,6,74.25,True,/Users/spencergray/Desktop/pif1-foldtree/data/structures/afdb/AF-A0AAD5BCG9-F1-model_v6.cif,
A0ABQ7S1B0,KL940_000670,Pichia angusta (Yeast) (Hansenula polymorpha),870730,Saccharomycotina,Pichiomycetes,Pichiales,Pichiaceae,Ogataea,666,unreviewed,MISSING_predict_with_AF3,,,,,
B9WKK1,Cd36_25080,Candida dubliniensis (strain CD36 / ATCC MYA-646 / CBS 7987 / NCPF 3949 / NRRL Y-17841) (Yeast),573826,Saccharomycotina,Pichiomycetes,Serinales,Debaryomycetaceae,Candida,588,unreviewed,AFDB,6,78.12,True,/Users/spencergray/Desktop/pif1-foldtree/data/structures/afdb/AF-B9WKK1-F1-model_v6.cif,
C4R014,PAS_chr2-1_0228,Komagataella phaffii (strain GS115 / ATCC 20864) (Yeast) (Pichia pastoris),644223,Saccharomycotina,Pichiomycetes,Pichiales,Pichiaceae,Komagataella,736,unreviewed,AFDB,6,68.19,True,/Users/spencergray/Desktop/pif1-foldtree/data/structures/afdb/AF-C4R014-F1-model_v6.cif,
A0A1D8PRM6,CAALFM_CR00060CA,Candida albicans (strain SC5314 / ATCC MYA-2876) (Yeast),237561,Saccharomycotina,Pichiomycetes,Serinales,Debaryomycetaceae,Candida,618,unreviewed,AFDB,6,76.56,True,/Users/spencergray/Desktop/pif1-foldtree/data/structures/afdb/AF-A0A1D8PRM6-F1-model_v6.cif,
A0A8H8D8N2,I9W82_005584,Candida metapsilosis,273372,Saccharomycotina,Pichiomycetes,Serinales,Debaryomycetaceae,Candida,645,unreviewed,AFDB,6,73.81,True,/Users/spencergray/Desktop/pif1-foldtree/data/structures/afdb/AF-A0A8H8D8N2-F1-model_v6.cif,
H8WVI4,CORT_0A00660,Candida orthopsilosis (strain 90-125) (Yeast),1136231,Saccharomycotina,Pichiomycetes,Serinales,Debaryomycetaceae,Candida,643,unreviewed,AFDB,6,73.06,True,/Users/spencergray/Desktop/pif1-foldtree/data/structures/afdb/AF-H8WVI4-F1-model_v6.cif,
K0KZ61,BN7_5996,Wickerhamomyces ciferrii (strain ATCC 14091 / BCRC 22168 / CBS 111 / JCM 3599 / NBRC 0793 / NRRL Y-1031 F-60-10) (Yeast) (Pichia ciferrii),1206466,Saccharomycotina,Saccharomycetes,Phaffomycetales,Wickerhamomycetaceae,Wickerhamomyces,747,unreviewed,AFDB,6,67.62,True,/Users/spencergray/Desktop/pif1-foldtree/data/structures/afdb/AF-K0KZ61-F1-model_v6.cif,
W1QFA7,HPODL_00179,Ogataea parapolymorpha (strain ATCC 26012 / BCRC 20466 / JCM 22074 / NRRL Y-7560 / DL-1) (Yeast) (Hansenula polymorpha),871575,Saccharomycotina,Pichiomycetes,Pichiales,Pichiaceae,Ogataea,666,unreviewed,AFDB,6,73.44,True,/Users/spencergray/Desktop/pif1-foldtree/data/structures/afdb/AF-W1QFA7-F1-model_v6.cif,
A0A1G4KQ33,RRM3,Komagataella phaffii (strain ATCC 76273 / CBS 7435 / CECT 11047 / NRRL Y-11430 / Wegner 21-1) (Yeast) (Pichia pastoris),981350,Saccharomycotina,Pichiomycetes,Pichiales,Pichiaceae,Komagataella,691,unreviewed,AFDB,6,69.94,True,/Users/spencergray/Desktop/pif1-foldtree/data/structures/afdb/AF-A0A1G4KQ33-F1-model_v6.cif,
A0A9P8T4U6,OGAPHI_004507,Ogataea philodendri,1378263,Saccharomycotina,Pichiomycetes,Pichiales,Pichiaceae,Ogataea,668,unreviewed,AFDB,6,73.06,True,/Users/spencergray/Desktop/pif1-foldtree/data/structures/afdb/AF-A0A9P8T4U6-F1-model_v6.cif,
A5DRR3,LELG_00049,Lodderomyces elongisporus (strain ATCC 11503 / CBS 2605 / JCM 1781 / NBRC 1676 / NRRL YB-4239) (Yeast) (Saccharomyces elongisporus),379508,Saccharomycotina,Pichiomycetes,Serinales,Debaryomycetaceae,Lodderomyces,668,unreviewed,AFDB,6,70.62,True,/Users/spencergray/Desktop/pif1-foldtree/data/structures/afdb/AF-A5DRR3-F1-model_v6.cif,
G8BBJ1,CPAR2_800580,Candida parapsilosis (strain CDC 317 / ATCC MYA-4646) (Yeast) (Monilia parapsilosis),578454,Saccharomycotina,Pichiomycetes,Serinales,Debaryomycetaceae,Candida,643,unreviewed,AFDB,6,73.06,True,/Users/spencergray/Desktop/pif1-foldtree/data/structures/afdb/AF-G8BBJ1-F1-model_v6.cif,
G8YJN4,Piso0_003648,Pichia sorbitophila (strain ATCC MYA-4447 / BCRC 22081 / CBS 7064 / NBRC 10061 / NRRL Y-12695) (Hybrid yeast),559304,Saccharomycotina,Pichiomycetes,Serinales,Debaryomycetaceae,Millerozyma,677,unreviewed,AFDB,6,71.25,True,/Users/spencergray/Desktop/pif1-foldtree/data/structures/afdb/AF-G8YJN4-F1-model_v6.cif,
Q6BNW6,DEHA2E18458g,Debaryomyces hansenii (strain ATCC 36239 / CBS 767 / BCRC 21394 / JCM 1990 / NBRC 0083 / IGC 2968) (Yeast) (Torulaspora hansenii),284592,Saccharomycotina,Pichiomycetes,Serinales,Debaryomycetaceae,Debaryomyces,688,unreviewed,AFDB,6,69.69,True,/Users/spencergray/Desktop/pif1-foldtree/data/structures/afdb/AF-Q6BNW6-F1-model_v6.cif,
A0A074S981,PIF1,Rhizoctonia solani 123E,1423351,Agaricomycotina,Agaricomycetes,Cantharellales,Ceratobasidiaceae,Rhizoctonia,634,unreviewed,AFDB,6,72.19,True,/Users/spencergray/Desktop/pif1-foldtree/data/structures/afdb/AF-A0A074S981-F1-model_v6.cif,
A0A081CCF7,PIF1,Moesziomyces antarcticus (Yeast) (Pseudozyma antarctica),84753,Ustilaginomycotina,Ustilaginomycetes,Ustilaginales,Ustilaginaceae,Moesziomyces,793,unreviewed,AFDB,6,62.34,True,/Users/spencergray/Desktop/pif1-foldtree/data/structures/afdb/AF-A0A081CCF7-F1-model_v6.cif,
A0A0B7FZH9,PIF1,Thanatephorus cucumeris (strain AG1-IB / isolate 7/3/14) (Lettuce bottom rot fungus) (Rhizoctonia solani),1108050,Agaricomycotina,Agaricomycetes,Cantharellales,Ceratobasidiaceae,Rhizoctonia,623,unreviewed,AFDB,6,72.12,True,/Users/spencergray/Desktop/pif1-foldtree/data/structures/afdb/AF-A0A0B7FZH9-F1-model_v6.cif,
A0A0B7G372,PIF1,Thanatephorus cucumeris (strain AG1-IB / isolate 7/3/14) (Lettuce bottom rot fungus) (Rhizoctonia solani),1108050,Agaricomycotina,Agaricomycetes,Cantharellales,Ceratobasidiaceae,Rhizoctonia,809,unreviewed,AFDB,6,64.75,True,/Users/spencergray/Desktop/pif1-foldtree/data/structures/afdb/AF-A0A0B7G372-F1-model_v6.cif,
A0A0D0VFI3,PIF1,Cryptococcus deuterogattii Ram5,1296110,Agaricomycotina,Tremellomycetes,Tremellales,Cryptococcaceae,Cryptococcus,669,unreviewed,AFDB,6,71.56,True,/Users/spencergray/Desktop/pif1-foldtree/data/structures/afdb/AF-A0A0D0VFI3-F1-model_v6.cif,
A0A0D6ENE9,SPOSA6832_02946,Sporidiobolus salmonicolor (Yeast-like fungus) (Sporobolomyces salmonicolor),5005,Pucciniomycotina,Microbotryomycetes,Sporidiobolales,Sporidiobolaceae,Sporobolomyces,733,unreviewed,AFDB,6,65.69,True,/Users/spencergray/Desktop/pif1-foldtree/data/structures/afdb/AF-A0A0D6ENE9-F1-model_v6.cif,
A0A0K3C6U0,PIF1,Rhodotorula toruloides (Yeast) (Rhodosporidium toruloides),5286,Pucciniomycotina,Microbotryomycetes,Sporidiobolales,Sporidiobolaceae,Rhodotorula,681,unreviewed,AFDB,6,65.31,True,/Users/spencergray/Desktop/pif1-foldtree/data/structures/afdb/AF-A0A0K3C6U0-F1-model_v6.cif,
A0A0K6FND2,PIF1,Rhizoctonia solani,456999,Agaricomycotina,Agaricomycetes,Cantharellales,Ceratobasidiaceae,Rhizoctonia,1059,unreviewed,AFDB,6,70.25,True,/Users/spencergray/Desktop/pif1-foldtree/data/structures/afdb/AF-A0A0K6FND2-F1-model_v6.cif,
A0A1B9GFU3,PIF1,Kwoniella bestiolae CBS 10118,1296100,Agaricomycotina,Tremellomycetes,Tremellales,Cryptococcaceae,Kwoniella,710,unreviewed,AFDB,6,69.44,True,/Users/spencergray/Desktop/pif1-foldtree/data/structures/afdb/AF-A0A1B9GFU3-F1-model_v6.cif,
A0A1Q3E2N1,PIF1,Lentinula edodes (Shiitake mushroom) (Lentinus edodes),5353,Agaricomycotina,Agaricomycetes,Agaricales,Omphalotaceae,Lentinula,639,unreviewed,AFDB,6,75.5,True,/Users/spencergray/Desktop/pif1-foldtree/data/structures/afdb/AF-A0A1Q3E2N1-F1-model_v6.cif,
A0A2G8RUN7,PIF1,Ganoderma sinense ZZ0214-1,1077348,Agaricomycotina,Agaricomycetes,Polyporales,Polyporaceae,Ganoderma,608,unreviewed,AFDB,6,72.69,True,/Users/spencergray/Desktop/pif1-foldtree/data/structures/afdb/AF-A0A2G8RUN7-F1-model_v6.cif,
A0A2G8S4W6,PIF1,Ganoderma sinense ZZ0214-1,1077348,Agaricomycotina,Agaricomycetes,Polyporales,Polyporaceae,Ganoderma,615,unreviewed,AFDB,6,71.25,True,/Users/spencergray/Desktop/pif1-foldtree/data/structures/afdb/AF-A0A2G8S4W6-F1-model_v6.cif,
A0A369J1H4,pif1_6,Hypsizygus marmoreus (White beech mushroom) (Agaricus marmoreus),39966,Agaricomycotina,Agaricomycetes,Agaricales,Lyophyllaceae,Hypsizygus,637,unreviewed,AFDB,6,72.12,True,/Users/spencergray/Desktop/pif1-foldtree/data/structures/afdb/AF-A0A369J1H4-F1-model_v6.cif,
A0A5B0MRD7,PIF1,Puccinia graminis f. sp. tritici,56615,Pucciniomycotina,Pucciniomycetes,Pucciniales,Pucciniaceae,Puccinia,699,unreviewed,AFDB,6,66.75,True,/Users/spencergray/Desktop/pif1-foldtree/data/structures/afdb/AF-A0A5B0MRD7-F1-model_v6.cif,
A0A5M3MBB2,PIF1,Coniophora puteana (strain RWD-64-598) (Brown rot fungus),741705,Agaricomycotina,Agaricomycetes,Boletales,Coniophoraceae,Coniophora,729,unreviewed,AFDB,6,63.28,True,/Users/spencergray/Desktop/pif1-foldtree/data/structures/afdb/AF-A0A5M3MBB2-F1-model_v6.cif,
A0A8H3TUW7,PIF1,Naganishia liquefaciens,104408,Agaricomycotina,Tremellomycetes,Filobasidiales,Filobasidiaceae,Naganishia,658,unreviewed,AFDB,6,69.31,True,/Users/spencergray/Desktop/pif1-foldtree/data/structures/afdb/AF-A0A8H3TUW7-F1-model_v6.cif,
A0A8H3U0A2,PIF1,Naganishia liquefaciens,104408,Agaricomycotina,Tremellomycetes,Filobasidiales,Filobasidiaceae,Naganishia,735,unreviewed,AFDB,6,64.31,True,/Users/spencergray/Desktop/pif1-foldtree/data/structures/afdb/AF-A0A8H3U0A2-F1-model_v6.cif,
A0A8H5CYE4,PIF1,Tetrapyrgos nigripes,182062,Agaricomycotina,Agaricomycetes,Agaricales,Campanellaceae,Tetrapyrgos,1261,unreviewed,AFDB,6,66.25,True,/Users/spencergray/Desktop/pif1-foldtree/data/structures/afdb/AF-A0A8H5CYE4-F1-model_v6.cif,
A0A8H5EYD2,PIF1,Psilocybe cf. subviscida,2480587,Agaricomycotina,Agaricomycetes,Agaricales,Strophariaceae,Psilocybe,617,unreviewed,AFDB,6,72.69,True,/Users/spencergray/Desktop/pif1-foldtree/data/structures/afdb/AF-A0A8H5EYD2-F1-model_v6.cif,
A0A8H5H1J4,PIF1,Tetrapyrgos nigripes,182062,Agaricomycotina,Agaricomycetes,Agaricales,Campanellaceae,Tetrapyrgos,652,unreviewed,AFDB,6,62.78,True,/Users/spencergray/Desktop/pif1-foldtree/data/structures/afdb/AF-A0A8H5H1J4-F1-model_v6.cif,
A0A8H5HHS9,PIF1,Tricholomella constricta,117010,Agaricomycotina,Agaricomycetes,Agaricales,Lyophyllaceae,Tricholomella,1057,unreviewed,AFDB,6,59.88,True,/Users/spencergray/Desktop/pif1-foldtree/data/structures/afdb/AF-A0A8H5HHS9-F1-model_v6.cif,
A0A8H7CZF7,PIF1,Mycena venus,2733690,Agaricomycotina,Agaricomycetes,Agaricales,Mycenaceae,Mycena,612,unreviewed,AFDB,6,73.12,True,/Users/spencergray/Desktop/pif1-foldtree/data/structures/afdb/AF-A0A8H7CZF7-F1-model_v6.cif,
A0A8X7SWK2,PIF1,Tilletia controversa (dwarf bunt fungus),13291,Ustilaginomycotina,Exobasidiomycetes,Tilletiales,Tilletiaceae,Tilletia,656,unreviewed,AFDB,6,68.75,True,/Users/spencergray/Desktop/pif1-foldtree/data/structures/afdb/AF-A0A8X7SWK2-F1-model_v6.cif,
A0A9N8MAE1,PIF1,Tilletia laevis,157183,Ustilaginomycotina,Exobasidiomycetes,Tilletiales,Tilletiaceae,Tilletia,656,unreviewed,AFDB,6,68.5,True,/Users/spencergray/Desktop/pif1-foldtree/data/structures/afdb/AF-A0A9N8MAE1-F1-model_v6.cif,
A0A9P3G5D9,PIF1,Phanerochaete sordida,48140,Agaricomycotina,Agaricomycetes,Polyporales,Phanerochaetaceae,Phanerochaete,581,unreviewed,AFDB,6,77.94,True,/Users/spencergray/Desktop/pif1-foldtree/data/structures/afdb/AF-A0A9P3G5D9-F1-model_v6.cif,
A0A9P3G9Z6,PIF1,Phanerochaete sordida,48140,Agaricomycotina,Agaricomycetes,Polyporales,Phanerochaetaceae,Phanerochaete,618,unreviewed,AFDB,6,71.25,True,/Users/spencergray/Desktop/pif1-foldtree/data/structures/afdb/AF-A0A9P3G9Z6-F1-model_v6.cif,
A0AAD7TST6,PIF1,Trametes cubensis,1111947,Agaricomycotina,Agaricomycetes,Polyporales,Polyporaceae,Trametes,587,unreviewed,AFDB,6,72.25,True,/Users/spencergray/Desktop/pif1-foldtree/data/structures/afdb/AF-A0AAD7TST6-F1-model_v6.cif,
A0AAD7TZE9,PIF1,Trametes cubensis,1111947,Agaricomycotina,Agaricomycetes,Polyporales,Polyporaceae,Trametes,722,unreviewed,AFDB,6,75.06,True,/Users/spencergray/Desktop/pif1-foldtree/data/structures/afdb/AF-A0AAD7TZE9-F1-model_v6.cif,
A0AAF0Y8C4,pfh1_0,Vanrija pseudolonga,143232,Agaricomycotina,Tremellomycetes,Trichosporonales,Trichosporonaceae,Vanrija,681,unreviewed,AFDB,6,69.0,True,/Users/spencergray/Desktop/pif1-foldtree/data/structures/afdb/AF-A0AAF0Y8C4-F1-model_v6.cif,
A0AAW0BFE3,PIF1,Favolaschia claudopus,2862362,Agaricomycotina,Agaricomycetes,Agaricales,Mycenaceae,Favolaschia,1096,unreviewed,AFDB,6,64.19,True,/Users/spencergray/Desktop/pif1-foldtree/data/structures/afdb/AF-A0AAW0BFE3-F1-model_v6.cif,
A0AAX4K6B3,PIF1,Kwoniella dendrophila CBS 6074,1295534,Agaricomycotina,Tremellomycetes,Tremellales,Cryptococcaceae,Kwoniella,705,unreviewed,AFDB,6,70.44,True,/Users/spencergray/Desktop/pif1-foldtree/data/structures/afdb/AF-A0AAX4K6B3-F1-model_v6.cif,
A0AAX4K8N5,PIF1,Kwoniella dendrophila CBS 6074,1295534,Agaricomycotina,Tremellomycetes,Tremellales,Cryptococcaceae,Kwoniella,622,unreviewed,AFDB,6,77.75,True,/Users/spencergray/Desktop/pif1-foldtree/data/structures/afdb/AF-A0AAX4K8N5-F1-model_v6.cif,
A0AAX4KL96,PIF1,Kwoniella europaea PYCC6329,1423913,Agaricomycotina,Tremellomycetes,Tremellales,Cryptococcaceae,Kwoniella,717,unreviewed,AFDB,6,68.81,True,/Users/spencergray/Desktop/pif1-foldtree/data/structures/afdb/AF-A0AAX4KL96-F1-model_v6.cif,
A0ABP1CKG3,PIF1,Somion occarium,3059160,Agaricomycotina,Agaricomycetes,Polyporales,Cerrenaceae,Somion,623,unreviewed,MISSING_predict_with_AF3,,,,,
A0ABP1E5U8,PIF1,Somion occarium,3059160,Agaricomycotina,Agaricomycetes,Polyporales,Cerrenaceae,Somion,605,unreviewed,MISSING_predict_with_AF3,,,,,
A0ABP1E5X9,PIF1,Somion occarium,3059160,Agaricomycotina,Agaricomycetes,Polyporales,Cerrenaceae,Somion,552,unreviewed,MISSING_predict_with_AF3,,,,,
E3LA34,PIF1,Puccinia graminis f. sp. tritici (strain CRL 75-36-700-3 / race SCCL) (Black stem rust fungus),418459,Pucciniomycotina,Pucciniomycetes,Pucciniales,Pucciniaceae,Puccinia,711,unreviewed,AFDB,6,65.44,True,/Users/spencergray/Desktop/pif1-foldtree/data/structures/afdb/AF-E3LA34-F1-model_v6.cif,
J9W1Z3,PIF1,Cryptococcus neoformans (strain H99 / ATCC 208821 / CBS 10515 / FGSC 9487) (Cryptococcus neoformans var. grubii serotype A),235443,Agaricomycotina,Tremellomycetes,Tremellales,Cryptococcaceae,Cryptococcus,691,unreviewed,AFDB,6,74.75,True,/Users/spencergray/Desktop/pif1-foldtree/data/structures/afdb/AF-J9W1Z3-F1-model_v6.cif,
M7X6D4,PIF1,Rhodotorula toruloides (strain NP11) (Yeast) (Rhodosporidium toruloides),1130832,Pucciniomycotina,Microbotryomycetes,Sporidiobolales,Sporidiobolaceae,Rhodotorula,680,unreviewed,AFDB,6,66.88,True,/Users/spencergray/Desktop/pif1-foldtree/data/structures/afdb/AF-M7X6D4-F1-model_v6.cif,
V2Z1H8,PIF1,Moniliophthora roreri (strain MCA 2997) (Cocoa frosty pod rot fungus) (Crinipellis roreri),1381753,Agaricomycotina,Agaricomycetes,Agaricales,Marasmiaceae,Moniliophthora,641,unreviewed,AFDB,6,70.25,True,/Users/spencergray/Desktop/pif1-foldtree/data/structures/afdb/AF-V2Z1H8-F1-model_v6.cif,
A0A060SM94,PIF1,Pycnoporus cinnabarinus (Cinnabar-red polypore) (Trametes cinnabarina),5643,Agaricomycotina,Agaricomycetes,Polyporales,Polyporaceae,Trametes,612,unreviewed,AFDB,6,72.88,True,/Users/spencergray/Desktop/pif1-foldtree/data/structures/afdb/AF-A0A060SM94-F1-model_v6.cif,
A0A0K6G7K7,PIF1,Rhizoctonia solani,456999,Agaricomycotina,Agaricomycetes,Cantharellales,Ceratobasidiaceae,Rhizoctonia,631,unreviewed,AFDB,6,71.62,True,/Users/spencergray/Desktop/pif1-foldtree/data/structures/afdb/AF-A0A0K6G7K7-F1-model_v6.cif,
A0A0P1BIQ6,PIF1,Ceraceosorus bombacis,401625,Ustilaginomycotina,Exobasidiomycetes,Ceraceosorales,Ceraceosoraceae,Ceraceosorus,702,unreviewed,AFDB,6,66.0,True,/Users/spencergray/Desktop/pif1-foldtree/data/structures/afdb/AF-A0A0P1BIQ6-F1-model_v6.cif,
A0A1B9FTK0,PIF1,Kwoniella bestiolae CBS 10118,1296100,Agaricomycotina,Tremellomycetes,Tremellales,Cryptococcaceae,Kwoniella,623,unreviewed,AFDB,6,78.81,True,/Users/spencergray/Desktop/pif1-foldtree/data/structures/afdb/AF-A0A1B9FTK0-F1-model_v6.cif,
A0A1C7MA88,pif1_6,Grifola frondosa (Maitake) (Polyporus frondosus),5627,Agaricomycotina,Agaricomycetes,Polyporales,Grifolaceae,Grifola,600,unreviewed,AFDB,6,73.0,True,/Users/spencergray/Desktop/pif1-foldtree/data/structures/afdb/AF-A0A1C7MA88-F1-model_v6.cif,
A0A1E3HRY9,PIF1,Cryptococcus depauperatus CBS 7841,1295531,Agaricomycotina,Tremellomycetes,Tremellales,Cryptococcaceae,Cryptococcus,652,unreviewed,AFDB,6,72.94,True,/Users/spencergray/Desktop/pif1-foldtree/data/structures/afdb/AF-A0A1E3HRY9-F1-model_v6.cif,
A0A1K0G3T0,PIF1,Ustilago bromivora,307758,Ustilaginomycotina,Ustilaginomycetes,Ustilaginales,Ustilaginaceae,Ustilago,718,unreviewed,AFDB,6,66.94,True,/Users/spencergray/Desktop/pif1-foldtree/data/structures/afdb/AF-A0A1K0G3T0-F1-model_v6.cif,
A0A1M2VF04,PIF1,Trametes pubescens (White-rot fungus),154538,Agaricomycotina,Agaricomycetes,Polyporales,Polyporaceae,Trametes,725,unreviewed,AFDB,6,73.88,True,/Users/spencergray/Desktop/pif1-foldtree/data/structures/afdb/AF-A0A1M2VF04-F1-model_v6.cif,
A0A1Q3EGR3,PIF1,Lentinula edodes (Shiitake mushroom) (Lentinus edodes),5353,Agaricomycotina,Agaricomycetes,Agaricales,Omphalotaceae,Lentinula,582,unreviewed,AFDB,6,73.69,True,/Users/spencergray/Desktop/pif1-foldtree/data/structures/afdb/AF-A0A1Q3EGR3-F1-model_v6.cif,
A0A238F8L5,PIF1,Microbotryum intermedium,269621,Pucciniomycotina,Microbotryomycetes,Microbotryales,Microbotryaceae,Microbotryum,758,unreviewed,AFDB,6,64.25,True,/Users/spencergray/Desktop/pif1-foldtree/data/structures/afdb/AF-A0A238F8L5-F1-model_v6.cif,
A0A284R575,PIF1,Armillaria ostoyae (Armillaria root rot fungus),47428,Agaricomycotina,Agaricomycetes,Agaricales,Physalacriaceae,Armillaria,605,unreviewed,AFDB,6,73.25,True,/Users/spencergray/Desktop/pif1-foldtree/data/structures/afdb/AF-A0A284R575-F1-model_v6.cif,
A0A2S5BEQ4,PIF1,Rhodotorula taiwanensis,741276,Pucciniomycotina,Microbotryomycetes,Sporidiobolales,Sporidiobolaceae,Rhodotorula,709,unreviewed,AFDB,6,61.84,True,/Users/spencergray/Desktop/pif1-foldtree/data/structures/afdb/AF-A0A2S5BEQ4-F1-model_v6.cif,
A0A2X0LW32,BQ5605_C013g07329,Microbotryum silenes-dioicae,796604,Pucciniomycotina,Microbotryomycetes,Microbotryales,Microbotryaceae,Microbotryum,748,unreviewed,AFDB,6,62.75,True,/Users/spencergray/Desktop/pif1-foldtree/data/structures/afdb/AF-A0A2X0LW32-F1-model_v6.cif,
A0A409W7F6,PIF1,Gymnopilus dilepis,231916,Agaricomycotina,Agaricomycetes,Agaricales,Hymenogastraceae,Gymnopilus,642,unreviewed,AFDB,6,70.5,True,/Users/spencergray/Desktop/pif1-foldtree/data/structures/afdb/AF-A0A409W7F6-F1-model_v6.cif,
A0A4Q1BV97,PIF1,Tremella mesenterica (Jelly fungus),5217,Agaricomycotina,Tremellomycetes,Tremellales,Tremellaceae,Tremella,650,unreviewed,AFDB,6,71.94,True,/Users/spencergray/Desktop/pif1-foldtree/data/structures/afdb/AF-A0A4Q1BV97-F1-model_v6.cif,
A0A4S4LSC0,PIF1,Bondarzewia mesenterica,1095465,Agaricomycotina,Agaricomycetes,Russulales,Bondarzewiaceae,Bondarzewia,634,unreviewed,AFDB,6,68.75,True,/Users/spencergray/Desktop/pif1-foldtree/data/structures/afdb/AF-A0A4S4LSC0-F1-model_v6.cif,
A0A5N5QIE1,PIF1,Ceratobasidium theobromae,1582974,Agaricomycotina,Agaricomycetes,Cantharellales,Ceratobasidiaceae,Ceratobasidium,1357,unreviewed,MISSING_predict_with_AF3,,,,,
A0A5N5QIV7,PIF1,Ceratobasidium theobromae,1582974,Agaricomycotina,Agaricomycetes,Cantharellales,Ceratobasidiaceae,Ceratobasidium,2119,unreviewed,MISSING_predict_with_AF3,,,,,
A0A5N5QSQ7,PIF1,Ceratobasidium theobromae,1582974,Agaricomycotina,Agaricomycetes,Cantharellales,Ceratobasidiaceae,Ceratobasidium,707,unreviewed,AFDB,6,65.38,True,/Users/spencergray/Desktop/pif1-foldtree/data/structures/afdb/AF-A0A5N5QSQ7-F1-model_v6.cif,
A0A8H5HYM6,PIF1,Collybiopsis confluens,2823264,Agaricomycotina,Agaricomycetes,Agaricales,Omphalotaceae,Collybiopsis,597,unreviewed,AFDB,6,73.31,True,/Users/spencergray/Desktop/pif1-foldtree/data/structures/afdb/AF-A0A8H5HYM6-F1-model_v6.cif,
A0A9P3G4R7,PIF1,Phanerochaete sordida,48140,Agaricomycotina,Agaricomycetes,Polyporales,Phanerochaetaceae,Phanerochaete,643,unreviewed,AFDB,6,70.88,True,/Users/spencergray/Desktop/pif1-foldtree/data/structures/afdb/AF-A0A9P3G4R7-F1-model_v6.cif,
A0A9P3UJ47,PIF1,Lyophyllum shimeji (Hon-shimeji) (Tricholoma shimeji),47721,Agaricomycotina,Agaricomycetes,Agaricales,Lyophyllaceae,Lyophyllum,604,unreviewed,AFDB,6,75.12,True,/Users/spencergray/Desktop/pif1-foldtree/data/structures/afdb/AF-A0A9P3UJ47-F1-model_v6.cif,
A0AA48QVP0,PIF1,Cutaneotrichosporon cavernicola,279322,Agaricomycotina,Tremellomycetes,Trichosporonales,Trichosporonaceae,Cutaneotrichosporon,686,unreviewed,AFDB,6,70.25,True,/Users/spencergray/Desktop/pif1-foldtree/data/structures/afdb/AF-A0AA48QVP0-F1-model_v6.cif,
A0AAD3TY69,PIF1,Cutaneotrichosporon spelunceum,1672016,Agaricomycotina,Tremellomycetes,Trichosporonales,Trichosporonaceae,Cutaneotrichosporon,664,unreviewed,AFDB,6,70.81,True,/Users/spencergray/Desktop/pif1-foldtree/data/structures/afdb/AF-A0AAD3TY69-F1-model_v6.cif,
A0AAD5VW10,PIF1,Leucocoprinus birnbaumii,56174,Agaricomycotina,Agaricomycetes,Agaricales,Agaricaceae,Leucocoprinus,587,unreviewed,AFDB,6,68.62,True,/Users/spencergray/Desktop/pif1-foldtree/data/structures/afdb/AF-A0AAD5VW10-F1-model_v6.cif,
A0AAJ4XLQ0,PIF1,Melanopsichium pennsylvanicum,63383,Ustilaginomycotina,Ustilaginomycetes,Ustilaginales,,Melanopsichium,710,unreviewed,AFDB,6,66.81,True,/Users/spencergray/Desktop/pif1-foldtree/data/structures/afdb/AF-A0AAJ4XLQ0-F1-model_v6.cif,
A0AAW0E6V9,PIF1,Favolaschia claudopus,2862362,Agaricomycotina,Agaricomycetes,Agaricales,Mycenaceae,Favolaschia,573,unreviewed,AFDB,6,75.31,True,/Users/spencergray/Desktop/pif1-foldtree/data/structures/afdb/AF-A0AAW0E6V9-F1-model_v6.cif,
A0ABP1DQJ8,PIF1,Somion occarium,3059160,Agaricomycotina,Agaricomycetes,Polyporales,Cerrenaceae,Somion,572,unreviewed,MISSING_predict_with_AF3,,,,,
A0ABR3JDG0,PIF1,Hohenbuehelia grisea,104357,Agaricomycotina,Agaricomycetes,Agaricales,Pleurotaceae,Hohenbuehelia,609,unreviewed,MISSING_predict_with_AF3,,,,,
A0ABR5B432,PIF1,Cryptococcus bacillisporus CA1873,1296111,Agaricomycotina,Tremellomycetes,Tremellales,Cryptococcaceae,Cryptococcus,691,unreviewed,MISSING_predict_with_AF3,,,,,
A0ABZ2AN38,PIF1,Cryptococcus decagattii,1859122,Agaricomycotina,Tremellomycetes,Tremellales,Cryptococcaceae,Cryptococcus,669,unreviewed,MISSING_predict_with_AF3,,,,,
A8N288,PIF1,Coprinopsis cinerea (strain Okayama-7 / 130 / ATCC MYA-4618 / FGSC 9003) (Inky cap fungus) (Hormographiella aspergillata),240176,Agaricomycotina,Agaricomycetes,Agaricales,Psathyrellaceae,Coprinopsis,641,unreviewed,AFDB,6,73.0,True,/Users/spencergray/Desktop/pif1-foldtree/data/structures/afdb/AF-A8N288-F1-model_v6.cif,
E7A0V7,PIF1,Sporisorium reilianum (strain SRZ2) (Maize head smut fungus),999809,Ustilaginomycotina,Ustilaginomycetes,Ustilaginales,Ustilaginaceae,Sporisorium,726,unreviewed,AFDB,6,65.94,True,/Users/spencergray/Desktop/pif1-foldtree/data/structures/afdb/AF-E7A0V7-F1-model_v6.cif,
J9VZB8,PIF1,Cryptococcus neoformans (strain H99 / ATCC 208821 / CBS 10515 / FGSC 9487) (Cryptococcus neoformans var. grubii serotype A),235443,Agaricomycotina,Tremellomycetes,Tremellales,Cryptococcaceae,Cryptococcus,669,unreviewed,AFDB,6,72.25,True,/Users/spencergray/Desktop/pif1-foldtree/data/structures/afdb/AF-J9VZB8-F1-model_v6.cif,
Q5KCW7,PIF1,Cryptococcus deneoformans (strain JEC21 / ATCC MYA-565) (Cryptococcus neoformans var. neoformans serotype D),214684,Agaricomycotina,Tremellomycetes,Tremellales,Cryptococcaceae,Cryptococcus,691,unreviewed,AFDB,6,74.12,True,/Users/spencergray/Desktop/pif1-foldtree/data/structures/afdb/AF-Q5KCW7-F1-model_v6.cif,
R9NXM4,PIF1,Pseudozyma hubeiensis (strain SY62) (Yeast),1305764,Ustilaginomycotina,Ustilaginomycetes,Ustilaginales,Ustilaginaceae,Pseudozyma,719,unreviewed,AFDB,6,66.69,True,/Users/spencergray/Desktop/pif1-foldtree/data/structures/afdb/AF-R9NXM4-F1-model_v6.cif,
W3VVA0,PIF1,Moesziomyces aphidis (Pseudozyma aphidis),84754,Ustilaginomycotina,Ustilaginomycetes,Ustilaginales,Ustilaginaceae,Moesziomyces,693,unreviewed,AFDB,6,67.56,True,/Users/spencergray/Desktop/pif1-foldtree/data/structures/afdb/AF-W3VVA0-F1-model_v6.cif,
A0A074S1G0,PIF1,Rhizoctonia solani 123E,1423351,Agaricomycotina,Agaricomycetes,Cantharellales,Ceratobasidiaceae,Rhizoctonia,839,unreviewed,AFDB,6,63.66,True,/Users/spencergray/Desktop/pif1-foldtree/data/structures/afdb/AF-A0A074S1G0-F1-model_v6.cif,
A0A0D1DZD7,PIF1,Mycosarcoma maydis (Corn smut fungus) (Ustilago maydis),5270,Ustilaginomycotina,Ustilaginomycetes,Ustilaginales,,Mycosarcoma,706,unreviewed,AFDB,6,67.0,True,/Users/spencergray/Desktop/pif1-foldtree/data/structures/afdb/AF-A0A0D1DZD7-F1-model_v6.cif,
A0A0L6V131,PIF1,Puccinia sorghi,27349,Pucciniomycotina,Pucciniomycetes,Pucciniales,Pucciniaceae,Puccinia,716,unreviewed,AFDB,6,65.69,True,/Users/spencergray/Desktop/pif1-foldtree/data/structures/afdb/AF-A0A0L6V131-F1-model_v6.cif,
A0A1B9HTQ2,PIF1,Kwoniella pini CBS 10737,1296096,Agaricomycotina,Tremellomycetes,Tremellales,Cryptococcaceae,Kwoniella,702,unreviewed,AFDB,6,69.75,True,/Users/spencergray/Desktop/pif1-foldtree/data/structures/afdb/AF-A0A1B9HTQ2-F1-model_v6.cif,
A0A2R6NMH7,PIF1,Hermanssonia centrifuga,98765,Agaricomycotina,Agaricomycetes,Polyporales,Meruliaceae,Hermanssonia,583,unreviewed,AFDB,6,75.06,True,/Users/spencergray/Desktop/pif1-foldtree/data/structures/afdb/AF-A0A2R6NMH7-F1-model_v6.cif,
A0A2R6NTT4,PIF1,Hermanssonia centrifuga,98765,Agaricomycotina,Agaricomycetes,Polyporales,Meruliaceae,Hermanssonia,647,unreviewed,AFDB,6,67.38,True,/Users/spencergray/Desktop/pif1-foldtree/data/structures/afdb/AF-A0A2R6NTT4-F1-model_v6.cif,
A0A2X0KA56,PIF1,Microbotryum saponariae,289078,Pucciniomycotina,Microbotryomycetes,Microbotryales,Microbotryaceae,Microbotryum,751,unreviewed,AFDB,6,65.19,True,/Users/spencergray/Desktop/pif1-foldtree/data/structures/afdb/AF-A0A2X0KA56-F1-model_v6.cif,
A0A4S4KLM9,PIF1,Hermanssonia centrifuga,98765,Agaricomycotina,Agaricomycetes,Polyporales,Meruliaceae,Hermanssonia,605,unreviewed,AFDB,6,68.06,True,/Users/spencergray/Desktop/pif1-foldtree/data/structures/afdb/AF-A0A4S4KLM9-F1-model_v6.cif,
A0A4S4MT59,PIF1,Antrodiella citrinella,2447956,Agaricomycotina,Agaricomycetes,Polyporales,Steccherinaceae,Antrodiella,592,unreviewed,AFDB,6,74.94,True,/Users/spencergray/Desktop/pif1-foldtree/data/structures/afdb/AF-A0A4S4MT59-F1-model_v6.cif,
A0A4T0FNF2,PIF1,Wallemia hederae,1540922,Wallemiomycotina,Wallemiomycetes,Wallemiales,Wallemiaceae,Wallemia,621,unreviewed,AFDB,6,72.69,True,/Users/spencergray/Desktop/pif1-foldtree/data/structures/afdb/AF-A0A4T0FNF2-F1-model_v6.cif,
A0A4Y9YC71,PIF1,Dentipellis fragilis,205917,Agaricomycotina,Agaricomycetes,Russulales,Hericiaceae,Dentipellis,639,unreviewed,AFDB,6,69.88,True,/Users/spencergray/Desktop/pif1-foldtree/data/structures/afdb/AF-A0A4Y9YC71-F1-model_v6.cif,
A0A4Y9YGX5,PIF1,Dentipellis fragilis,205917,Agaricomycotina,Agaricomycetes,Russulales,Hericiaceae,Dentipellis,602,unreviewed,AFDB,6,73.5,True,/Users/spencergray/Desktop/pif1-foldtree/data/structures/afdb/AF-A0A4Y9YGX5-F1-model_v6.cif,
A0A5B0N1Q3,PIF1,Puccinia graminis f. sp. tritici,56615,Pucciniomycotina,Pucciniomycetes,Pucciniales,Pucciniaceae,Puccinia,701,unreviewed,AFDB,6,65.88,True,/Users/spencergray/Desktop/pif1-foldtree/data/structures/afdb/AF-A0A5B0N1Q3-F1-model_v6.cif,
A0A5C3E4B2,PIF1,Ustilago trichophora,86804,Ustilaginomycotina,Ustilaginomycetes,Ustilaginales,Ustilaginaceae,Ustilago,737,unreviewed,AFDB,6,65.0,True,/Users/spencergray/Desktop/pif1-foldtree/data/structures/afdb/AF-A0A5C3E4B2-F1-model_v6.cif,
A0A5C3E832,PIF1,Ustilago trichophora,86804,Ustilaginomycotina,Ustilaginomycetes,Ustilaginales,Ustilaginaceae,Ustilago,737,unreviewed,AFDB,6,65.31,True,/Users/spencergray/Desktop/pif1-foldtree/data/structures/afdb/AF-A0A5C3E832-F1-model_v6.cif,
A0A5C3FLB2,PIF1,Moesziomyces antarcticus (Yeast) (Pseudozyma antarctica),84753,Ustilaginomycotina,Ustilaginomycetes,Ustilaginales,Ustilaginaceae,Moesziomyces,692,unreviewed,AFDB,6,67.31,True,/Users/spencergray/Desktop/pif1-foldtree/data/structures/afdb/AF-A0A5C3FLB2-F1-model_v6.cif,
A0A5M6C3F7,PIF1,Kwoniella shandongensis,1734106,Agaricomycotina,Tremellomycetes,Tremellales,Cryptococcaceae,Kwoniella,692,unreviewed,AFDB,6,70.19,True,/Users/spencergray/Desktop/pif1-foldtree/data/structures/afdb/AF-A0A5M6C3F7-F1-model_v6.cif,
A0A8H5D9L0,PIF1,Leucocoprinus leucothites,201217,Agaricomycotina,Agaricomycetes,Agaricales,Agaricaceae,Leucocoprinus,598,unreviewed,AFDB,6,79.56,True,/Users/spencergray/Desktop/pif1-foldtree/data/structures/afdb/AF-A0A8H5D9L0-F1-model_v6.cif,
A0A8H5FIS4,PIF1,Ephemerocybe angulata,980116,Agaricomycotina,Agaricomycetes,Agaricales,Psathyrellaceae,Ephemerocybe,614,unreviewed,AFDB,6,71.38,True,/Users/spencergray/Desktop/pif1-foldtree/data/structures/afdb/AF-A0A8H5FIS4-F1-model_v6.cif,
A0A8H5LZH5,PIF1,Tetrapyrgos nigripes,182062,Agaricomycotina,Agaricomycetes,Agaricales,Campanellaceae,Tetrapyrgos,596,unreviewed,AFDB,6,72.5,True,/Users/spencergray/Desktop/pif1-foldtree/data/structures/afdb/AF-A0A8H5LZH5-F1-model_v6.cif,
A0A8H5M8P6,PIF1,Collybiopsis confluens,2823264,Agaricomycotina,Agaricomycetes,Agaricales,Omphalotaceae,Collybiopsis,641,unreviewed,AFDB,6,74.62,True,/Users/spencergray/Desktop/pif1-foldtree/data/structures/afdb/AF-A0A8H5M8P6-F1-model_v6.cif,
A0A8H6X7X8,PIF1,Mycena sanguinolenta,230812,Agaricomycotina,Agaricomycetes,Agaricales,Mycenaceae,Mycena,598,unreviewed,AFDB,6,70.5,True,/Users/spencergray/Desktop/pif1-foldtree/data/structures/afdb/AF-A0A8H6X7X8-F1-model_v6.cif,
A0A8X7NC76,PIF1,Tilletia walkeri,117179,Ustilaginomycotina,Exobasidiomycetes,Tilletiales,Tilletiaceae,Tilletia,648,unreviewed,AFDB,6,69.25,True,/Users/spencergray/Desktop/pif1-foldtree/data/structures/afdb/AF-A0A8X7NC76-F1-model_v6.cif,
A0A9P3G2I0,PIF1,Phanerochaete sordida,48140,Agaricomycotina,Agaricomycetes,Polyporales,Phanerochaetaceae,Phanerochaete,649,unreviewed,AFDB,6,77.44,True,/Users/spencergray/Desktop/pif1-foldtree/data/structures/afdb/AF-A0A9P3G2I0-F1-model_v6.cif,
A0A9P3GEL8,PIF1,Phanerochaete sordida,48140,Agaricomycotina,Agaricomycetes,Polyporales,Phanerochaetaceae,Phanerochaete,569,unreviewed,AFDB,6,75.81,True,/Users/spencergray/Desktop/pif1-foldtree/data/structures/afdb/AF-A0A9P3GEL8-F1-model_v6.cif,
A0A9Q3CGN2,PIF1,Austropuccinia psidii MF-1,1389203,Pucciniomycotina,Pucciniomycetes,Pucciniales,Sphaerophragmiaceae,Austropuccinia,718,unreviewed,AFDB,6,65.06,True,/Users/spencergray/Desktop/pif1-foldtree/data/structures/afdb/AF-A0A9Q3CGN2-F1-model_v6.cif,
A0A9Q3DCC3,PIF1,Austropuccinia psidii MF-1,1389203,Pucciniomycotina,Pucciniomycetes,Pucciniales,Sphaerophragmiaceae,Austropuccinia,761,unreviewed,AFDB,6,62.72,True,/Users/spencergray/Desktop/pif1-foldtree/data/structures/afdb/AF-A0A9Q3DCC3-F1-model_v6.cif,
A0AA38HDX6,PIF1,Dioszegia hungarica,4972,Agaricomycotina,Tremellomycetes,Tremellales,Bulleribasidiaceae,Dioszegia,649,unreviewed,AFDB,6,71.75,True,/Users/spencergray/Desktop/pif1-foldtree/data/structures/afdb/AF-A0AA38HDX6-F1-model_v6.cif,
A0AAJ8KXR9,PIF1,Kwoniella dejecticola CBS 10117,1296121,Agaricomycotina,Tremellomycetes,Tremellales,Cryptococcaceae,Kwoniella,617,unreviewed,AFDB,6,79.5,True,/Users/spencergray/Desktop/pif1-foldtree/data/structures/afdb/AF-A0AAJ8KXR9-F1-model_v6.cif,
A0AAW0YJW9,PIF1,Kwoniella newhampshirensis,1651941,Agaricomycotina,Tremellomycetes,Tremellales,Cryptococcaceae,Kwoniella,688,unreviewed,AFDB,6,70.69,True,/Users/spencergray/Desktop/pif1-foldtree/data/structures/afdb/AF-A0AAW0YJW9-F1-model_v6.cif,
A0ABP1E5U3,PIF1,Somion occarium,3059160,Agaricomycotina,Agaricomycetes,Polyporales,Cerrenaceae,Somion,596,unreviewed,MISSING_predict_with_AF3,,,,,
A0ABR3BXI1,PIF1,Cryptococcus tetragattii IND107,1296105,Agaricomycotina,Tremellomycetes,Tremellales,Cryptococcaceae,Cryptococcus,669,unreviewed,MISSING_predict_with_AF3,,,,,
A0ABR5C231,PIF1,Cryptococcus gattii EJB2,1296103,Agaricomycotina,Tremellomycetes,Tremellales,Cryptococcaceae,Cryptococcus,669,unreviewed,MISSING_predict_with_AF3,,,,,
A0ABY7D8X9,PIF1,Puccinia triticina,208348,Pucciniomycotina,Pucciniomycetes,Pucciniales,Pucciniaceae,Puccinia,703,unreviewed,MISSING_predict_with_AF3,,,,,
A8N8Y7,PIF1,Coprinopsis cinerea (strain Okayama-7 / 130 / ATCC MYA-4618 / FGSC 9003) (Inky cap fungus) (Hormographiella aspergillata),240176,Agaricomycotina,Agaricomycetes,Agaricales,Psathyrellaceae,Coprinopsis,622,unreviewed,AFDB,6,72.12,True,/Users/spencergray/Desktop/pif1-foldtree/data/structures/afdb/AF-A8N8Y7-F1-model_v6.cif,
D6RJX6,PIF1,Coprinopsis cinerea (strain Okayama-7 / 130 / ATCC MYA-4618 / FGSC 9003) (Inky cap fungus) (Hormographiella aspergillata),240176,Agaricomycotina,Agaricomycetes,Agaricales,Psathyrellaceae,Coprinopsis,617,unreviewed,AFDB,6,76.88,True,/Users/spencergray/Desktop/pif1-foldtree/data/structures/afdb/AF-D6RJX6-F1-model_v6.cif,
E6RE98,PIF1,Cryptococcus gattii serotype B (strain WM276 / ATCC MYA-4071) (Filobasidiella gattii) (Cryptococcus bacillisporus),367775,Agaricomycotina,Tremellomycetes,Tremellales,Cryptococcaceae,Cryptococcus,691,unreviewed,AFDB,6,74.62,True,/Users/spencergray/Desktop/pif1-foldtree/data/structures/afdb/AF-E6RE98-F1-model_v6.cif,
G4TC19,PIF1,Serendipita indica (strain DSM 11827) (Root endophyte fungus) (Piriformospora indica),1109443,Agaricomycotina,Agaricomycetes,Sebacinales,Serendipitaceae,Serendipita,560,unreviewed,AFDB,6,78.19,True,/Users/spencergray/Desktop/pif1-foldtree/data/structures/afdb/AF-G4TC19-F1-model_v6.cif,
G4TCR9,PIF1,Serendipita indica (strain DSM 11827) (Root endophyte fungus) (Piriformospora indica),1109443,Agaricomycotina,Agaricomycetes,Sebacinales,Serendipitaceae,Serendipita,639,unreviewed,AFDB,6,72.12,True,/Users/spencergray/Desktop/pif1-foldtree/data/structures/afdb/AF-G4TCR9-F1-model_v6.cif,
G7DW85,Mo01426,Mixia osmundae (strain CBS 9802 / IAM 14324 / JCM 22182 / KY 12970),764103,Pucciniomycotina,Mixiomycetes,Mixiales,Mixiaceae,Mixia,705,unreviewed,AFDB,6,65.31,True,/Users/spencergray/Desktop/pif1-foldtree/data/structures/afdb/AF-G7DW85-F1-model_v6.cif,
J4G0H3,PIF1,Fibroporia radiculosa,599839,Agaricomycotina,Agaricomycetes,Polyporales,Fibroporiaceae,Fibroporia,600,unreviewed,AFDB,6,73.06,True,/Users/spencergray/Desktop/pif1-foldtree/data/structures/afdb/AF-J4G0H3-F1-model_v6.cif,
R7RYN2,PIF1,Stereum hirsutum (strain FP-91666) (White-rot fungus),721885,Agaricomycotina,Agaricomycetes,Russulales,Stereaceae,Stereum,623,unreviewed,AFDB,6,71.25,True,/Users/spencergray/Desktop/pif1-foldtree/data/structures/afdb/AF-R7RYN2-F1-model_v6.cif,
R9AGB8,PIF1,Wallemia ichthyophaga (strain EXF-994 / CBS 113033),1299270,Wallemiomycotina,Wallemiomycetes,Wallemiales,Wallemiaceae,Wallemia,614,unreviewed,AFDB,6,72.5,True,/Users/spencergray/Desktop/pif1-foldtree/data/structures/afdb/AF-R9AGB8-F1-model_v6.cif,
U5H9L9,PIF1,Microbotryum lychnidis-dioicae (strain p1A1 Lamole / MvSl-1064) (Anther smut fungus),683840,Pucciniomycotina,Microbotryomycetes,Microbotryales,Microbotryaceae,Microbotryum,711,unreviewed,AFDB,6,61.38,True,/Users/spencergray/Desktop/pif1-foldtree/data/structures/afdb/AF-U5H9L9-F1-model_v6.cif,
A0A0F7RVL5,SSCI14450.1,Sporisorium scitamineum,49012,Ustilaginomycotina,Ustilaginomycetes,Ustilaginales,Ustilaginaceae,Sporisorium,733,unreviewed,AFDB,6,65.5,True,/Users/spencergray/Desktop/pif1-foldtree/data/structures/afdb/AF-A0A0F7RVL5-F1-model_v6.cif,
A0A0L0V172,PIF1,Puccinia striiformis f. sp. tritici PST-78,1165861,Pucciniomycotina,Pucciniomycetes,Pucciniales,Pucciniaceae,Puccinia,640,unreviewed,AFDB,6,70.88,True,/Users/spencergray/Desktop/pif1-foldtree/data/structures/afdb/AF-A0A0L0V172-F1-model_v6.cif,
A0A177TH00,PIF1,Tilletia indica,43049,Ustilaginomycotina,Exobasidiomycetes,Tilletiales,Tilletiaceae,Tilletia,646,unreviewed,AFDB,6,69.0,True,/Users/spencergray/Desktop/pif1-foldtree/data/structures/afdb/AF-A0A177TH00-F1-model_v6.cif,
A0A1A5ZVX6,PIF1,Kwoniella dejecticola CBS 10117,1296121,Agaricomycotina,Tremellomycetes,Tremellales,Cryptococcaceae,Kwoniella,700,unreviewed,AFDB,6,69.75,True,/Users/spencergray/Desktop/pif1-foldtree/data/structures/afdb/AF-A0A1A5ZVX6-F1-model_v6.cif,
A0A1B9GQY0,PIF1,Kwoniella heveanensis BCC8398,1296120,Agaricomycotina,Tremellomycetes,Tremellales,Cryptococcaceae,Kwoniella,645,unreviewed,AFDB,6,77.44,True,/Users/spencergray/Desktop/pif1-foldtree/data/structures/afdb/AF-A0A1B9GQY0-F1-model_v6.cif,
A0A1B9GYC6,PIF1,Kwoniella heveanensis BCC8398,1296120,Agaricomycotina,Tremellomycetes,Tremellales,Cryptococcaceae,Kwoniella,708,unreviewed,AFDB,6,69.81,True,/Users/spencergray/Desktop/pif1-foldtree/data/structures/afdb/AF-A0A1B9GYC6-F1-model_v6.cif,
A0A1B9IG44,PIF1,Kwoniella mangroviensis CBS 10435,1331196,Agaricomycotina,Tremellomycetes,Tremellales,Cryptococcaceae,Kwoniella,717,unreviewed,AFDB,6,69.25,True,/Users/spencergray/Desktop/pif1-foldtree/data/structures/afdb/AF-A0A1B9IG44-F1-model_v6.cif,
A0A1J8Q9H0,PIF1,Rhizopogon vesiculosus,180088,Agaricomycotina,Agaricomycetes,Boletales,Rhizopogonaceae,Rhizopogon,612,unreviewed,AFDB,6,75.88,True,/Users/spencergray/Desktop/pif1-foldtree/data/structures/afdb/AF-A0A1J8Q9H0-F1-model_v6.cif,
A0A284RQ68,PIF1,Armillaria ostoyae (Armillaria root rot fungus),47428,Agaricomycotina,Agaricomycetes,Agaricales,Physalacriaceae,Armillaria,625,unreviewed,AFDB,6,69.81,True,/Users/spencergray/Desktop/pif1-foldtree/data/structures/afdb/AF-A0A284RQ68-F1-model_v6.cif,
A0A286UKZ0,PIF1,Pyrrhoderma noxium,2282107,Agaricomycotina,Agaricomycetes,Hymenochaetales,Hymenochaetaceae,Pyrrhoderma,625,unreviewed,AFDB,6,71.62,True,/Users/spencergray/Desktop/pif1-foldtree/data/structures/afdb/AF-A0A286UKZ0-F1-model_v6.cif,
A0A2S4URQ4,PIF1,Puccinia striiformis,27350,Pucciniomycotina,Pucciniomycetes,Pucciniales,Pucciniaceae,Puccinia,646,unreviewed,AFDB,6,70.69,True,/Users/spencergray/Desktop/pif1-foldtree/data/structures/afdb/AF-A0A2S4URQ4-F1-model_v6.cif,
A0A369K4X4,pif1_1,Hypsizygus marmoreus (White beech mushroom) (Agaricus marmoreus),39966,Agaricomycotina,Agaricomycetes,Agaricales,Lyophyllaceae,Hypsizygus,591,unreviewed,AFDB,6,80.56,True,/Users/spencergray/Desktop/pif1-foldtree/data/structures/afdb/AF-A0A369K4X4-F1-model_v6.cif,
A0A369KAK7,pif1_2,Hypsizygus marmoreus (White beech mushroom) (Agaricus marmoreus),39966,Agaricomycotina,Agaricomycetes,Agaricales,Lyophyllaceae,Hypsizygus,674,unreviewed,AFDB,6,71.38,True,/Users/spencergray/Desktop/pif1-foldtree/data/structures/afdb/AF-A0A369KAK7-F1-model_v6.cif,
A0A4Q2DRZ9,PIF1,Candolleomyces aberdarensis,2316362,Agaricomycotina,Agaricomycetes,Agaricales,Psathyrellaceae,Candolleomyces,1013,unreviewed,AFDB,6,63.0,True,/Users/spencergray/Desktop/pif1-foldtree/data/structures/afdb/AF-A0A4Q2DRZ9-F1-model_v6.cif,
A0A4U7KPQ9,PIF1,Sporisorium graminicola,280036,Ustilaginomycotina,Ustilaginomycetes,Ustilaginales,Ustilaginaceae,Sporisorium,724,unreviewed,AFDB,6,66.06,True,/Users/spencergray/Desktop/pif1-foldtree/data/structures/afdb/AF-A0A4U7KPQ9-F1-model_v6.cif,
A0A4V3XJE3,PIF1,Antrodiella citrinella,2447956,Agaricomycotina,Agaricomycetes,Polyporales,Steccherinaceae,Antrodiella,589,unreviewed,AFDB,6,74.5,True,/Users/spencergray/Desktop/pif1-foldtree/data/structures/afdb/AF-A0A4V3XJE3-F1-model_v6.cif,
A0A5D3AUK3,PIF1,Cryptococcus floricola,2591691,Agaricomycotina,Tremellomycetes,Tremellales,Cryptococcaceae,Cryptococcus,655,unreviewed,AFDB,6,71.88,True,/Users/spencergray/Desktop/pif1-foldtree/data/structures/afdb/AF-A0A5D3AUK3-F1-model_v6.cif,
A0A8H4VJS1,PIF1,Agrocybe pediades,84607,Agaricomycotina,Agaricomycetes,Agaricales,Strophariaceae,Agrocybe,632,unreviewed,AFDB,6,72.25,True,/Users/spencergray/Desktop/pif1-foldtree/data/structures/afdb/AF-A0A8H4VJS1-F1-model_v6.cif,
A0A8H5B4L3,PIF1,Psilocybe cf. subviscida,2480587,Agaricomycotina,Agaricomycetes,Agaricales,Strophariaceae,Psilocybe,671,unreviewed,AFDB,6,70.25,True,/Users/spencergray/Desktop/pif1-foldtree/data/structures/afdb/AF-A0A8H5B4L3-F1-model_v6.cif,
A0A8H5GCJ7,PIF1,Leucocoprinus leucothites,201217,Agaricomycotina,Agaricomycetes,Agaricales,Agaricaceae,Leucocoprinus,620,unreviewed,AFDB,6,66.31,True,/Users/spencergray/Desktop/pif1-foldtree/data/structures/afdb/AF-A0A8H5GCJ7-F1-model_v6.cif,
A0A8H6T2J5,PIF1,Mycena chlorophos (Agaric fungus) (Agaricus chlorophos),658473,Agaricomycotina,Agaricomycetes,Agaricales,Mycenaceae,Mycena,622,unreviewed,AFDB,6,72.69,True,/Users/spencergray/Desktop/pif1-foldtree/data/structures/afdb/AF-A0A8H6T2J5-F1-model_v6.cif,
A0A8H6WB99,PIF1,Mycena indigotica,2126181,Agaricomycotina,Agaricomycetes,Agaricales,Mycenaceae,Mycena,610,unreviewed,AFDB,6,72.19,True,/Users/spencergray/Desktop/pif1-foldtree/data/structures/afdb/AF-A0A8H6WB99-F1-model_v6.cif,
A0A9P3G3Y6,PIF1,Phanerochaete sordida,48140,Agaricomycotina,Agaricomycetes,Polyporales,Phanerochaetaceae,Phanerochaete,691,unreviewed,AFDB,6,72.38,True,/Users/spencergray/Desktop/pif1-foldtree/data/structures/afdb/AF-A0A9P3G3Y6-F1-model_v6.cif,
A0A9Q5HZ83,PIF1,Sanghuangporus baumii (Phellinus baumii),108892,Agaricomycotina,Agaricomycetes,Hymenochaetales,Hymenochaetaceae,Sanghuangporus,602,unreviewed,AFDB,6,73.5,True,/Users/spencergray/Desktop/pif1-foldtree/data/structures/afdb/AF-A0A9Q5HZ83-F1-model_v6.cif,
A0AAD2HQZ9,PIF1,Mycena citricolor,2018698,Agaricomycotina,Agaricomycetes,Agaricales,Mycenaceae,Mycena,552,unreviewed,AFDB,6,76.38,True,/Users/spencergray/Desktop/pif1-foldtree/data/structures/afdb/AF-A0AAD2HQZ9-F1-model_v6.cif,
A0AAD5VEU9,PIF1,Meripilus lineatus,2056292,Agaricomycotina,Agaricomycetes,Polyporales,Meripilaceae,Meripilus,579,unreviewed,AFDB,6,75.12,True,/Users/spencergray/Desktop/pif1-foldtree/data/structures/afdb/AF-A0AAD5VEU9-F1-model_v6.cif,
A0AAD7TYJ6,PIF1,Trametes cubensis,1111947,Agaricomycotina,Agaricomycetes,Polyporales,Polyporaceae,Trametes,610,unreviewed,AFDB,6,73.69,True,/Users/spencergray/Desktop/pif1-foldtree/data/structures/afdb/AF-A0AAD7TYJ6-F1-model_v6.cif,
A0ABQ0L4N8,PIF1,Mycena chlorophos (Agaric fungus) (Agaricus chlorophos),658473,Agaricomycotina,Agaricomycetes,Agaricales,Mycenaceae,Mycena,1997,unreviewed,MISSING_predict_with_AF3,,,,,
A0ABQ0M0T4,PIF1,Mycena chlorophos (Agaric fungus) (Agaricus chlorophos),658473,Agaricomycotina,Agaricomycetes,Agaricales,Mycenaceae,Mycena,1775,unreviewed,MISSING_predict_with_AF3,,,,,
A0ABR5BG99,PIF1,Cryptococcus bacillisporus CA1873,1296111,Agaricomycotina,Tremellomycetes,Tremellales,Cryptococcaceae,Cryptococcus,669,unreviewed,MISSING_predict_with_AF3,,,,,
A0ABZ1DBQ0,PIF1,Kwoniella shivajii,564305,Agaricomycotina,Tremellomycetes,Tremellales,Cryptococcaceae,Kwoniella,704,unreviewed,MISSING_predict_with_AF3,,,,,
I2G1B8,PIF1,Ustilago hordei (Barley covered smut fungus),120017,Ustilaginomycotina,Ustilaginomycetes,Ustilaginales,Ustilaginaceae,Ustilago,717,unreviewed,AFDB,6,66.5,True,/Users/spencergray/Desktop/pif1-foldtree/data/structures/afdb/AF-I2G1B8-F1-model_v6.cif,
V5GHH8,PIF1,Kalmanozyma brasiliensis (strain GHG001) (Yeast) (Pseudozyma brasiliensis),1365824,Ustilaginomycotina,Ustilaginomycetes,Ustilaginales,,Kalmanozyma,734,unreviewed,AFDB,6,64.25,True,/Users/spencergray/Desktop/pif1-foldtree/data/structures/afdb/AF-V5GHH8-F1-model_v6.cif,
A0A060SCN9,PIF1,Pycnoporus cinnabarinus (Cinnabar-red polypore) (Trametes cinnabarina),5643,Agaricomycotina,Agaricomycetes,Polyporales,Polyporaceae,Trametes,533,unreviewed,AFDB,6,75.5,True,/Users/spencergray/Desktop/pif1-foldtree/data/structures/afdb/AF-A0A060SCN9-F1-model_v6.cif,
A0A067Q5M5,PIF1,Jaapia argillacea MUCL 33604,933084,Agaricomycotina,Agaricomycetes,Jaapiales,Jaapiaceae,Jaapia,644,unreviewed,AFDB,6,71.19,True,/Users/spencergray/Desktop/pif1-foldtree/data/structures/afdb/AF-A0A067Q5M5-F1-model_v6.cif,
A0A095CAP8,PIF1,Cryptococcus deuterogattii (strain R265) (Cryptococcus gattii VGII (strain R265)),294750,Agaricomycotina,Tremellomycetes,Tremellales,Cryptococcaceae,Cryptococcus,669,unreviewed,AFDB,6,72.25,True,/Users/spencergray/Desktop/pif1-foldtree/data/structures/afdb/AF-A0A095CAP8-F1-model_v6.cif,
A0A0D7BMU1,PIF1,Cylindrobasidium torrendii FP15055 ss-10,1314674,Agaricomycotina,Agaricomycetes,Agaricales,Physalacriaceae,Cylindrobasidium,587,unreviewed,AFDB,6,75.25,True,/Users/spencergray/Desktop/pif1-foldtree/data/structures/afdb/AF-A0A0D7BMU1-F1-model_v6.cif,
A0A0K6G747,PIF1,Rhizoctonia solani,456999,Agaricomycotina,Agaricomycetes,Cantharellales,Ceratobasidiaceae,Rhizoctonia,838,unreviewed,AFDB,6,64.44,True,/Users/spencergray/Desktop/pif1-foldtree/data/structures/afdb/AF-A0A0K6G747-F1-model_v6.cif,
A0A177V7P0,PIF1,Tilletia caries (wheat bunt fungus),13290,Ustilaginomycotina,Exobasidiomycetes,Tilletiales,Tilletiaceae,Tilletia,656,unreviewed,AFDB,6,69.12,True,/Users/spencergray/Desktop/pif1-foldtree/data/structures/afdb/AF-A0A177V7P0-F1-model_v6.cif,
A0A180GTA2,PIF1,Puccinia triticina (isolate 1-1 / race 1 (BBBD)) (Brown leaf rust fungus),630390,Pucciniomycotina,Pucciniomycetes,Pucciniales,Pucciniaceae,Puccinia,703,unreviewed,AFDB,6,65.31,False,/Users/spencergray/Desktop/pif1-foldtree/data/structures/afdb/AF-A0A180GTA2-F1-model_v6.cif,
A0A1E3I3G1,PIF1,Cryptococcus amylolentus CBS 6039,1295533,Agaricomycotina,Tremellomycetes,Tremellales,Cryptococcaceae,Cryptococcus,656,unreviewed,AFDB,6,71.69,True,/Users/spencergray/Desktop/pif1-foldtree/data/structures/afdb/AF-A0A1E3I3G1-F1-model_v6.cif,
A0A1E3JFJ4,PIF1,Cryptococcus wingfieldii CBS 7118,1295528,Agaricomycotina,Tremellomycetes,Tremellales,Cryptococcaceae,Cryptococcus,658,unreviewed,AFDB,6,70.38,True,/Users/spencergray/Desktop/pif1-foldtree/data/structures/afdb/AF-A0A1E3JFJ4-F1-model_v6.cif,
A0A1M2VTG0,PIF1,Trametes pubescens (White-rot fungus),154538,Agaricomycotina,Agaricomycetes,Polyporales,Polyporaceae,Trametes,665,unreviewed,AFDB,6,68.5,True,/Users/spencergray/Desktop/pif1-foldtree/data/structures/afdb/AF-A0A1M2VTG0-F1-model_v6.cif,
A0A1M8AB69,PIF1,Malassezia sympodialis (strain ATCC 42132) (Atopic eczema-associated yeast),1230383,Ustilaginomycotina,Malasseziomycetes,Malasseziales,Malasseziaceae,Malassezia,586,unreviewed,AFDB,6,73.5,True,/Users/spencergray/Desktop/pif1-foldtree/data/structures/afdb/AF-A0A1M8AB69-F1-model_v6.cif,
A0A1Q3E1Z4,PIF1,Lentinula edodes (Shiitake mushroom) (Lentinus edodes),5353,Agaricomycotina,Agaricomycetes,Agaricales,Omphalotaceae,Lentinula,571,unreviewed,AFDB,6,75.25,True,/Users/spencergray/Desktop/pif1-foldtree/data/structures/afdb/AF-A0A1Q3E1Z4-F1-model_v6.cif,
A0A3G2S9J2,pif1,Malassezia restricta (strain ATCC 96810 / NBRC 103918 / CBS 7877) (Seborrheic dermatitis infection agent),425264,Ustilaginomycotina,Malasseziomycetes,Malasseziales,Malasseziaceae,Malassezia,597,unreviewed,AFDB,6,73.62,True,/Users/spencergray/Desktop/pif1-foldtree/data/structures/afdb/AF-A0A3G2S9J2-F1-model_v6.cif,
A0A401G8C9,PIF1,Sparassis crispa,139825,Agaricomycotina,Agaricomycetes,Polyporales,Sparassidaceae,Sparassis,682,unreviewed,AFDB,6,73.0,True,/Users/spencergray/Desktop/pif1-foldtree/data/structures/afdb/AF-A0A401G8C9-F1-model_v6.cif,
A0A401H636,PIF1,Sparassis crispa,139825,Agaricomycotina,Agaricomycetes,Polyporales,Sparassidaceae,Sparassis,575,unreviewed,AFDB,6,75.5,True,/Users/spencergray/Desktop/pif1-foldtree/data/structures/afdb/AF-A0A401H636-F1-model_v6.cif,
A0A409VCH1,PIF1,Gymnopilus dilepis,231916,Agaricomycotina,Agaricomycetes,Agaricales,Hymenogastraceae,Gymnopilus,507,unreviewed,AFDB,6,76.06,True,/Users/spencergray/Desktop/pif1-foldtree/data/structures/afdb/AF-A0A409VCH1-F1-model_v6.cif,
A0A409Y7J2,PIF1,Panaeolus cyanescens,181874,Agaricomycotina,Agaricomycetes,Agaricales,,Panaeolus,626,unreviewed,AFDB,6,69.94,True,/Users/spencergray/Desktop/pif1-foldtree/data/structures/afdb/AF-A0A409Y7J2-F1-model_v6.cif,
A0A4S4LHT0,PIF1,Phellinidium pouzarii,167371,Agaricomycotina,Agaricomycetes,Hymenochaetales,Hymenochaetaceae,Phellinidium,635,unreviewed,AFDB,6,70.94,True,/Users/spencergray/Desktop/pif1-foldtree/data/structures/afdb/AF-A0A4S4LHT0-F1-model_v6.cif,
A0A5B0N0I5,PIF1,Puccinia graminis f. sp. tritici,56615,Pucciniomycotina,Pucciniomycetes,Pucciniales,Pucciniaceae,Puccinia,719,unreviewed,AFDB,6,65.19,True,/Users/spencergray/Desktop/pif1-foldtree/data/structures/afdb/AF-A0A5B0N0I5-F1-model_v6.cif,
A0A5C3EV21,PIF1,Pseudozyma flocculosa,84751,Ustilaginomycotina,Ustilaginomycetes,Ustilaginales,Ustilaginaceae,Pseudozyma,718,unreviewed,AFDB,6,66.06,True,/Users/spencergray/Desktop/pif1-foldtree/data/structures/afdb/AF-A0A5C3EV21-F1-model_v6.cif,
A0A5C3EZA1,PIF1,Pseudozyma flocculosa,84751,Ustilaginomycotina,Ustilaginomycetes,Ustilaginales,Ustilaginaceae,Pseudozyma,673,unreviewed,AFDB,6,68.12,True,/Users/spencergray/Desktop/pif1-foldtree/data/structures/afdb/AF-A0A5C3EZA1-F1-model_v6.cif,
A0A5M6C8X0,PIF1,Kwoniella shandongensis,1734106,Agaricomycotina,Tremellomycetes,Tremellales,Cryptococcaceae,Kwoniella,639,unreviewed,AFDB,6,78.44,True,/Users/spencergray/Desktop/pif1-foldtree/data/structures/afdb/AF-A0A5M6C8X0-F1-model_v6.cif,
A0A8H5HQ47,PIF1,Collybiopsis confluens,2823264,Agaricomycotina,Agaricomycetes,Agaricales,Omphalotaceae,Collybiopsis,599,unreviewed,AFDB,6,72.38,True,/Users/spencergray/Desktop/pif1-foldtree/data/structures/afdb/AF-A0A8H5HQ47-F1-model_v6.cif,
A0A8H6WYH6,PIF1,Mycena venus,2733690,Agaricomycotina,Agaricomycetes,Agaricales,Mycenaceae,Mycena,597,unreviewed,AFDB,6,72.69,True,/Users/spencergray/Desktop/pif1-foldtree/data/structures/afdb/AF-A0A8H6WYH6-F1-model_v6.cif,
A0A8H6Z6T2,PIF1,Mycena sanguinolenta,230812,Agaricomycotina,Agaricomycetes,Agaricales,Mycenaceae,Mycena,597,unreviewed,AFDB,6,73.62,True,/Users/spencergray/Desktop/pif1-foldtree/data/structures/afdb/AF-A0A8H6Z6T2-F1-model_v6.cif,
A0A9P3US95,PIF1,Lyophyllum shimeji (Hon-shimeji) (Tricholoma shimeji),47721,Agaricomycotina,Agaricomycetes,Agaricales,Lyophyllaceae,Lyophyllum,613,unreviewed,AFDB,6,72.06,True,/Users/spencergray/Desktop/pif1-foldtree/data/structures/afdb/AF-A0A9P3US95-F1-model_v6.cif,
A0AAD2HTN7,PIF1,Mycena citricolor,2018698,Agaricomycotina,Agaricomycetes,Agaricales,Mycenaceae,Mycena,626,unreviewed,AFDB,6,72.75,True,/Users/spencergray/Desktop/pif1-foldtree/data/structures/afdb/AF-A0AAD2HTN7-F1-model_v6.cif,
A0AAD5W3A8,PIF1,Leucocoprinus birnbaumii,56174,Agaricomycotina,Agaricomycetes,Agaricales,Agaricaceae,Leucocoprinus,629,unreviewed,AFDB,6,77.81,True,/Users/spencergray/Desktop/pif1-foldtree/data/structures/afdb/AF-A0AAD5W3A8-F1-model_v6.cif,
A0AAD5YMS7,PIF1,Meripilus lineatus,2056292,Agaricomycotina,Agaricomycetes,Polyporales,Meripilaceae,Meripilus,660,unreviewed,AFDB,6,72.12,True,/Users/spencergray/Desktop/pif1-foldtree/data/structures/afdb/AF-A0AAD5YMS7-F1-model_v6.cif,
A0AAJ8M2S8,PIF1,Cryptococcus depauperatus CBS 7841,1295531,Agaricomycotina,Tremellomycetes,Tremellales,Cryptococcaceae,Cryptococcus,610,unreviewed,AFDB,6,74.81,True,/Users/spencergray/Desktop/pif1-foldtree/data/structures/afdb/AF-A0AAJ8M2S8-F1-model_v6.cif,
A0AAW0YQW8,PIF1,Kwoniella newhampshirensis,1651941,Agaricomycotina,Tremellomycetes,Tremellales,Cryptococcaceae,Kwoniella,636,unreviewed,AFDB,6,77.38,True,/Users/spencergray/Desktop/pif1-foldtree/data/structures/afdb/AF-A0AAW0YQW8-F1-model_v6.cif,
A0ABP1DQU6,PIF1,Somion occarium,3059160,Agaricomycotina,Agaricomycetes,Polyporales,Cerrenaceae,Somion,515,unreviewed,MISSING_predict_with_AF3,,,,,
A0ABP1DT00,PIF1,Somion occarium,3059160,Agaricomycotina,Agaricomycetes,Polyporales,Cerrenaceae,Somion,577,unreviewed,MISSING_predict_with_AF3,,,,,
A0ABR3BM64,PIF1,Cryptococcus tetragattii IND107,1296105,Agaricomycotina,Tremellomycetes,Tremellales,Cryptococcaceae,Cryptococcus,691,unreviewed,MISSING_predict_with_AF3,,,,,
A0ABR5BLN6,PIF1,Cryptococcus gattii EJB2,1296103,Agaricomycotina,Tremellomycetes,Tremellales,Cryptococcaceae,Cryptococcus,691,unreviewed,MISSING_predict_with_AF3,,,,,
A0ABZ2B030,PIF1,Cryptococcus decagattii,1859122,Agaricomycotina,Tremellomycetes,Tremellales,Cryptococcaceae,Cryptococcus,691,unreviewed,MISSING_predict_with_AF3,,,,,
E6R3E7,PIF1,Cryptococcus gattii serotype B (strain WM276 / ATCC MYA-4071) (Filobasidiella gattii) (Cryptococcus bacillisporus),367775,Agaricomycotina,Tremellomycetes,Tremellales,Cryptococcaceae,Cryptococcus,669,unreviewed,AFDB,6,71.62,True,/Users/spencergray/Desktop/pif1-foldtree/data/structures/afdb/AF-E6R3E7-F1-model_v6.cif,
G7DW84,Mo01427,Mixia osmundae (strain CBS 9802 / IAM 14324 / JCM 22182 / KY 12970),764103,Pucciniomycotina,Mixiomycetes,Mixiales,Mixiaceae,Mixia,702,unreviewed,AFDB,6,65.81,True,/Users/spencergray/Desktop/pif1-foldtree/data/structures/afdb/AF-G7DW84-F1-model_v6.cif,
J4I8G7,PIF1,Fibroporia radiculosa,599839,Agaricomycotina,Agaricomycetes,Polyporales,Fibroporiaceae,Fibroporia,572,unreviewed,AFDB,6,74.62,True,/Users/spencergray/Desktop/pif1-foldtree/data/structures/afdb/AF-J4I8G7-F1-model_v6.cif,
K1WDM8,PIF1,Trichosporon asahii var. asahii (strain CBS 8904) (Yeast),1220162,Agaricomycotina,Tremellomycetes,Trichosporonales,Trichosporonaceae,Trichosporon,634,unreviewed,AFDB,6,69.88,True,/Users/spencergray/Desktop/pif1-foldtree/data/structures/afdb/AF-K1WDM8-F1-model_v6.cif,
Q5KKJ1,PIF1,Cryptococcus deneoformans (strain JEC21 / ATCC MYA-565) (Cryptococcus neoformans var. neoformans serotype D),214684,Agaricomycotina,Tremellomycetes,Tremellales,Cryptococcaceae,Cryptococcus,669,unreviewed,AFDB,6,71.75,True,/Users/spencergray/Desktop/pif1-foldtree/data/structures/afdb/AF-Q5KKJ1-F1-model_v6.cif,
V2XGD7,PIF1,Moniliophthora roreri (strain MCA 2997) (Cocoa frosty pod rot fungus) (Crinipellis roreri),1381753,Agaricomycotina,Agaricomycetes,Agaricales,Marasmiaceae,Moniliophthora,641,unreviewed,AFDB,6,69.94,True,/Users/spencergray/Desktop/pif1-foldtree/data/structures/afdb/AF-V2XGD7-F1-model_v6.cif,
A0A0K6G754,PIF1,Rhizoctonia solani,456999,Agaricomycotina,Agaricomycetes,Cantharellales,Ceratobasidiaceae,Rhizoctonia,1132,unreviewed,MISSING_predict_with_AF3,,,,,
A0A4S4MSG5,PIF1,Antrodiella citrinella,2447956,Agaricomycotina,Agaricomycetes,Polyporales,Steccherinaceae,Antrodiella,610,unreviewed,AFDB,6,79.75,True,/Users/spencergray/Desktop/pif1-foldtree/data/structures/afdb/AF-A0A4S4MSG5-F1-model_v6.cif,
A0ACB7IKH0,PIF1,Pleurotus cornucopiae (Cornucopia mushroom),5321,Agaricomycotina,Agaricomycetes,Agaricales,Pleurotaceae,Pleurotus,582,unreviewed,MISSING_predict_with_AF3,,,,,
A0A9P8AFL8,PIF1,Marasmius oreades (fairy-ring Marasmius),181124,Agaricomycotina,Agaricomycetes,Agaricales,Marasmiaceae,Marasmius,588,unreviewed,AFDB,6,73.31,True,/Users/spencergray/Desktop/pif1-foldtree/data/structures/afdb/AF-A0A9P8AFL8-F1-model_v6.cif,
A0AAD5UZ43,PIF1,Meripilus lineatus,2056292,Agaricomycotina,Agaricomycetes,Polyporales,Meripilaceae,Meripilus,575,unreviewed,AFDB,6,75.44,True,/Users/spencergray/Desktop/pif1-foldtree/data/structures/afdb/AF-A0AAD5UZ43-F1-model_v6.cif,
A0ABP1CKG6,PIF1,Somion occarium,3059160,Agaricomycotina,Agaricomycetes,Polyporales,Cerrenaceae,Somion,602,unreviewed,MISSING_predict_with_AF3,,,,,
A0ABP1CNA1,PIF1,Somion occarium,3059160,Agaricomycotina,Agaricomycetes,Polyporales,Cerrenaceae,Somion,598,unreviewed,MISSING_predict_with_AF3,,,,,
A0ACC1P622,PIF1,Trametes sanguinea,158606,Agaricomycotina,Agaricomycetes,Polyporales,Polyporaceae,Trametes,586,unreviewed,MISSING_predict_with_AF3,,,,,
V2XWW7,PIF1,Moniliophthora roreri (strain MCA 2997) (Cocoa frosty pod rot fungus) (Crinipellis roreri),1381753,Agaricomycotina,Agaricomycetes,Agaricales,Marasmiaceae,Moniliophthora,650,unreviewed,AFDB,6,72.5,True,/Users/spencergray/Desktop/pif1-foldtree/data/structures/afdb/AF-V2XWW7-F1-model_v6.cif,
A0A0K6GA87,PIF1,Rhizoctonia solani,456999,Agaricomycotina,Agaricomycetes,Cantharellales,Ceratobasidiaceae,Rhizoctonia,534,unreviewed,AFDB,6,78.0,True,/Users/spencergray/Desktop/pif1-foldtree/data/structures/afdb/AF-A0A0K6GA87-F1-model_v6.cif,
A0A4Y9YSR9,PIF1,Dentipellis fragilis,205917,Agaricomycotina,Agaricomycetes,Russulales,Hericiaceae,Dentipellis,564,unreviewed,AFDB,6,75.5,True,/Users/spencergray/Desktop/pif1-foldtree/data/structures/afdb/AF-A0A4Y9YSR9-F1-model_v6.cif,
A0A8H7DCL8,PIF1,Mycena sanguinolenta,230812,Agaricomycotina,Agaricomycetes,Agaricales,Mycenaceae,Mycena,550,unreviewed,AFDB,6,78.38,True,/Users/spencergray/Desktop/pif1-foldtree/data/structures/afdb/AF-A0A8H7DCL8-F1-model_v6.cif,
A0A9P8AFI1,PIF1,Marasmius oreades (fairy-ring Marasmius),181124,Agaricomycotina,Agaricomycetes,Agaricales,Marasmiaceae,Marasmius,676,unreviewed,AFDB,6,69.5,True,/Users/spencergray/Desktop/pif1-foldtree/data/structures/afdb/AF-A0A9P8AFI1-F1-model_v6.cif,
A0ABQ0KXJ8,PIF1,Mycena chlorophos (Agaric fungus) (Agaricus chlorophos),658473,Agaricomycotina,Agaricomycetes,Agaricales,Mycenaceae,Mycena,579,unreviewed,MISSING_predict_with_AF3,,,,,
A0A0B7G341,PIF1,Thanatephorus cucumeris (strain AG1-IB / isolate 7/3/14) (Lettuce bottom rot fungus) (Rhizoctonia solani),1108050,Agaricomycotina,Agaricomycetes,Cantharellales,Ceratobasidiaceae,Rhizoctonia,640,unreviewed,AFDB,6,71.44,True,/Users/spencergray/Desktop/pif1-foldtree/data/structures/afdb/AF-A0A0B7G341-F1-model_v6.cif,
A0A1Y2IYW8,PIF1,Trametes coccinea (strain BRFM310) (Pycnoporus coccineus),1353009,Agaricomycotina,Agaricomycetes,Polyporales,Polyporaceae,Trametes,706,unreviewed,AFDB,6,76.0,True,/Users/spencergray/Desktop/pif1-foldtree/data/structures/afdb/AF-A0A1Y2IYW8-F1-model_v6.cif,
A0A284RAN9,PIF1,Armillaria ostoyae (Armillaria root rot fungus),47428,Agaricomycotina,Agaricomycetes,Agaricales,Physalacriaceae,Armillaria,630,unreviewed,AFDB,6,78.25,True,/Users/spencergray/Desktop/pif1-foldtree/data/structures/afdb/AF-A0A284RAN9-F1-model_v6.cif,
A0A286UR16,PIF1,Pyrrhoderma noxium,2282107,Agaricomycotina,Agaricomycetes,Hymenochaetales,Hymenochaetaceae,Pyrrhoderma,635,unreviewed,AFDB,6,76.31,True,/Users/spencergray/Desktop/pif1-foldtree/data/structures/afdb/AF-A0A286UR16-F1-model_v6.cif,
A0A4S4LN17,PIF1,Bondarzewia mesenterica,1095465,Agaricomycotina,Agaricomycetes,Russulales,Bondarzewiaceae,Bondarzewia,665,unreviewed,AFDB,6,70.5,True,/Users/spencergray/Desktop/pif1-foldtree/data/structures/afdb/AF-A0A4S4LN17-F1-model_v6.cif,
A0A8H5M0W8,PIF1,Tricholomella constricta,117010,Agaricomycotina,Agaricomycetes,Agaricales,Lyophyllaceae,Tricholomella,632,unreviewed,AFDB,6,74.19,True,/Users/spencergray/Desktop/pif1-foldtree/data/structures/afdb/AF-A0A8H5M0W8-F1-model_v6.cif,
A0A8H6YXU7,PIF1,Mycena sanguinolenta,230812,Agaricomycotina,Agaricomycetes,Agaricales,Mycenaceae,Mycena,598,unreviewed,AFDB,6,80.06,True,/Users/spencergray/Desktop/pif1-foldtree/data/structures/afdb/AF-A0A8H6YXU7-F1-model_v6.cif,
A0A9W8ML86,H1R20_g2311,Candolleomyces eurysporus,2828524,Agaricomycotina,Agaricomycetes,Agaricales,Psathyrellaceae,Candolleomyces,1029,unreviewed,AFDB,6,63.44,True,/Users/spencergray/Desktop/pif1-foldtree/data/structures/afdb/AF-A0A9W8ML86-F1-model_v6.cif,
A0ABP1CNE3,PIF1,Somion occarium,3059160,Agaricomycotina,Agaricomycetes,Polyporales,Cerrenaceae,Somion,533,unreviewed,MISSING_predict_with_AF3,,,,,
A0A1M2VH00,PIF1,Trametes pubescens (White-rot fungus),154538,Agaricomycotina,Agaricomycetes,Polyporales,Polyporaceae,Trametes,576,unreviewed,AFDB,6,75.56,True,/Users/spencergray/Desktop/pif1-foldtree/data/structures/afdb/AF-A0A1M2VH00-F1-model_v6.cif,
A0A1Q3E2E1,PIF1,Lentinula edodes (Shiitake mushroom) (Lentinus edodes),5353,Agaricomycotina,Agaricomycetes,Agaricales,Omphalotaceae,Lentinula,597,unreviewed,AFDB,6,73.56,True,/Users/spencergray/Desktop/pif1-foldtree/data/structures/afdb/AF-A0A1Q3E2E1-F1-model_v6.cif,
A0A8H5FHN3,PIF1,Ephemerocybe angulata,980116,Agaricomycotina,Agaricomycetes,Agaricales,Psathyrellaceae,Ephemerocybe,648,unreviewed,AFDB,6,74.0,True,/Users/spencergray/Desktop/pif1-foldtree/data/structures/afdb/AF-A0A8H5FHN3-F1-model_v6.cif,
A0A9P3UKB6,PIF1,Lyophyllum shimeji (Hon-shimeji) (Tricholoma shimeji),47721,Agaricomycotina,Agaricomycetes,Agaricales,Lyophyllaceae,Lyophyllum,677,unreviewed,AFDB,6,71.38,True,/Users/spencergray/Desktop/pif1-foldtree/data/structures/afdb/AF-A0A9P3UKB6-F1-model_v6.cif,
A0ACB7J0F3,PIF1,Pleurotus cornucopiae (Cornucopia mushroom),5321,Agaricomycotina,Agaricomycetes,Agaricales,Pleurotaceae,Pleurotus,1770,unreviewed,MISSING_predict_with_AF3,,,,,
A0ACC1QDJ0,PIF1,Trametes sanguinea,158606,Agaricomycotina,Agaricomycetes,Polyporales,Polyporaceae,Trametes,714,unreviewed,MISSING_predict_with_AF3,,,,,
A0ACC1T3Q8,PIF1,Phlebia brevispora,194682,Agaricomycotina,Agaricomycetes,Polyporales,Meruliaceae,Phlebia,1246,unreviewed,MISSING_predict_with_AF3,,,,,
A0ACC1T620,PIF1,Phlebia brevispora,194682,Agaricomycotina,Agaricomycetes,Polyporales,Meruliaceae,Phlebia,762,unreviewed,MISSING_predict_with_AF3,,,,,
A8PUE9,PIF1,Malassezia globosa (strain ATCC MYA-4612 / CBS 7966) (Dandruff-associated fungus),425265,Ustilaginomycotina,Malasseziomycetes,Malasseziales,Malasseziaceae,Malassezia,546,unreviewed,AFDB,6,76.25,True,/Users/spencergray/Desktop/pif1-foldtree/data/structures/afdb/AF-A8PUE9-F1-model_v6.cif,
J4H1T8,PIF1,Fibroporia radiculosa,599839,Agaricomycotina,Agaricomycetes,Polyporales,Fibroporiaceae,Fibroporia,634,unreviewed,AFDB,6,80.19,True,/Users/spencergray/Desktop/pif1-foldtree/data/structures/afdb/AF-J4H1T8-F1-model_v6.cif,
A0A0C3AWH9,M408DRAFT_69085,Serendipita vermifera MAFF 305830,933852,Agaricomycotina,Agaricomycetes,Sebacinales,Serendipitaceae,Serendipita,566,unreviewed,AFDB,6,77.56,True,/Users/spencergray/Desktop/pif1-foldtree/data/structures/afdb/AF-A0A0C3AWH9-F1-model_v6.cif,
A0A0D7ANQ6,FISHEDRAFT_7136,Fistulina hepatica ATCC 64428,1128425,Agaricomycotina,Agaricomycetes,Agaricales,Fistulinaceae,Fistulina,468,unreviewed,AFDB,6,84.12,True,/Users/spencergray/Desktop/pif1-foldtree/data/structures/afdb/AF-A0A0D7ANQ6-F1-model_v6.cif,
A0A0H2S6Y4,SCHPADRAFT_808166,Schizopora paradoxa,27342,Agaricomycotina,Agaricomycetes,Hymenochaetales,Schizoporaceae,Schizopora,515,unreviewed,AFDB,6,81.5,True,/Users/spencergray/Desktop/pif1-foldtree/data/structures/afdb/AF-A0A0H2S6Y4-F1-model_v6.cif,
A0A4S8MSI0,K435DRAFT_626600,Dendrothele bispora (strain CBS 962.96),1314807,Agaricomycotina,Agaricomycetes,Agaricales,,Dendrothele,546,unreviewed,AFDB,6,80.12,True,/Users/spencergray/Desktop/pif1-foldtree/data/structures/afdb/AF-A0A4S8MSI0-F1-model_v6.cif,
A0A0H2RNB9,SCHPADRAFT_808206,Schizopora paradoxa,27342,Agaricomycotina,Agaricomycetes,Hymenochaetales,Schizoporaceae,Schizopora,424,unreviewed,AFDB,6,86.69,True,/Users/spencergray/Desktop/pif1-foldtree/data/structures/afdb/AF-A0A0H2RNB9-F1-model_v6.cif,
A0A2A9NU72,AMATHDRAFT_114475,Amanita thiersii Skay4041,703135,Agaricomycotina,Agaricomycetes,Agaricales,Amanitaceae,Amanita,459,unreviewed,AFDB,6,88.19,True,/Users/spencergray/Desktop/pif1-foldtree/data/structures/afdb/AF-A0A2A9NU72-F1-model_v6.cif,
A0A507E7A0,PIF1,Powellomyces hirtus,109895,,Chytridiomycetes,Spizellomycetales,Powellomycetaceae,Powellomyces,674,unreviewed,AFDB,6,67.56,True,/Users/spencergray/Desktop/pif1-foldtree/data/structures/afdb/AF-A0A507E7A0-F1-model_v6.cif,
A0ABQ8ESF1,PIF1,Batrachochytrium salamandrivorans,1357716,,Chytridiomycetes,Rhizophydiales,,Batrachochytrium,778,unreviewed,MISSING_predict_with_AF3,,,,,
A0A0L0HTH8,PIF1,Spizellomyces punctatus (strain DAOM BR117),645134,,Chytridiomycetes,Spizellomycetales,Spizellomycetaceae,Spizellomyces,642,unreviewed,AFDB,6,69.56,True,/Users/spencergray/Desktop/pif1-foldtree/data/structures/afdb/AF-A0A0L0HTH8-F1-model_v6.cif,
A0A507FMG7,PIF1,Chytriomyces confervae,246404,,Chytridiomycetes,Chytridiales,Chytriomycetaceae,Chytriomyces,672,unreviewed,AFDB,6,66.75,True,/Users/spencergray/Desktop/pif1-foldtree/data/structures/afdb/AF-A0A507FMG7-F1-model_v6.cif,
Q9H611,PIF1,Homo sapiens (Human),9606,Craniata,Mammalia,Primates,Hominidae,Homo,641,reviewed,AFDB,6,78.0,True,/Users/spencergray/Desktop/pif1-foldtree/data/structures/afdb/AF-Q9H611-F1-model_v6.cif,
I1BKX4,PIF1,Rhizopus delemar (strain RA 99-880 / ATCC MYA-4621 / FGSC 9543 / NRRL 43880) (Mucormycosis agent) (Rhizopus arrhizus var. delemar),246409,Mucoromycotina,Mucoromycetes,Mucorales,Rhizopodaceae,Rhizopus,618,unreviewed,AFDB,6,69.75,True,/Users/spencergray/Desktop/pif1-foldtree/data/structures/afdb/AF-I1BKX4-F1-model_v6.cif,
A0A168NJR9,ABSGL_06389.1,Absidia glauca (Pin mould),4829,Mucoromycotina,Mucoromycetes,Mucorales,Cunninghamellaceae,Absidia,666,unreviewed,AFDB,6,68.56,True,/Users/spencergray/Desktop/pif1-foldtree/data/structures/afdb/AF-A0A168NJR9-F1-model_v6.cif,
A0A8H7Q426,PIF1,Umbelopsis vinacea,44442,Mucoromycotina,Umbelopsidomycetes,Umbelopsidales,Umbelopsidaceae,Umbelopsis,717,unreviewed,AFDB,6,63.56,True,/Users/spencergray/Desktop/pif1-foldtree/data/structures/afdb/AF-A0A8H7Q426-F1-model_v6.cif,
A0A8H7V8V8,PIF1,Mucor saturninus,64648,Mucoromycotina,Mucoromycetes,Mucorales,Mucoraceae,Mucor,1989,unreviewed,MISSING_predict_with_AF3,,,,,
A0A9N9HM59,PIF1,Dentiscutata erythropus,1348616,Glomeromycotina,Glomeromycetes,Diversisporales,Gigasporaceae,Dentiscutata,585,unreviewed,AFDB,6,74.88,True,/Users/spencergray/Desktop/pif1-foldtree/data/structures/afdb/AF-A0A9N9HM59-F1-model_v6.cif,
A0A9P3HF53,PIF1,Entomortierella parvispora,205924,Mortierellomycotina,Mortierellomycetes,Mortierellales,Mortierellaceae,Entomortierella,930,unreviewed,AFDB,6,56.81,True,/Users/spencergray/Desktop/pif1-foldtree/data/structures/afdb/AF-A0A9P3HF53-F1-model_v6.cif,
A0A9P3HKJ7,PIF1,Entomortierella parvispora,205924,Mortierellomycotina,Mortierellomycetes,Mortierellales,Mortierellaceae,Entomortierella,1110,unreviewed,AFDB,6,54.84,True,/Users/spencergray/Desktop/pif1-foldtree/data/structures/afdb/AF-A0A9P3HKJ7-F1-model_v6.cif,
A0A9P6YYP4,PIF1,Rhizopus delemar,936053,Mucoromycotina,Mucoromycetes,Mucorales,Rhizopodaceae,Rhizopus,727,unreviewed,AFDB,6,63.84,True,/Users/spencergray/Desktop/pif1-foldtree/data/structures/afdb/AF-A0A9P6YYP4-F1-model_v6.cif,
A0A0B7N3L9,PARPA_03734.1,Parasitella parasitica,35722,Mucoromycotina,Mucoromycetes,Mucorales,Mucoraceae,Parasitella,741,unreviewed,AFDB,6,61.19,True,/Users/spencergray/Desktop/pif1-foldtree/data/structures/afdb/AF-A0A0B7N3L9-F1-model_v6.cif,
A0A8H7QRS8,PIF1,Mucor plumbeus,97098,Mucoromycotina,Mucoromycetes,Mucorales,Mucoraceae,Mucor,741,unreviewed,AFDB,6,61.78,True,/Users/spencergray/Desktop/pif1-foldtree/data/structures/afdb/AF-A0A8H7QRS8-F1-model_v6.cif,
A0A8H7RPV3,PIF1,Mucor plumbeus,97098,Mucoromycotina,Mucoromycetes,Mucorales,Mucoraceae,Mucor,629,unreviewed,AFDB,6,70.44,True,/Users/spencergray/Desktop/pif1-foldtree/data/structures/afdb/AF-A0A8H7RPV3-F1-model_v6.cif,
A0A1C7NKC8,pfh1_1,Choanephora cucurbitarum,101091,Mucoromycotina,Mucoromycetes,Mucorales,Choanephoraceae,Choanephora,732,unreviewed,AFDB,6,63.41,True,/Users/spencergray/Desktop/pif1-foldtree/data/structures/afdb/AF-A0A1C7NKC8-F1-model_v6.cif,
A0A1C7NS85,pfh1_0,Choanephora cucurbitarum,101091,Mucoromycotina,Mucoromycetes,Mucorales,Choanephoraceae,Choanephora,520,unreviewed,AFDB,6,75.0,True,/Users/spencergray/Desktop/pif1-foldtree/data/structures/afdb/AF-A0A1C7NS85-F1-model_v6.cif,
A0A9N8Z8P5,PIF1,Diversispora eburnea,1213867,Glomeromycotina,Glomeromycetes,Diversisporales,Diversisporaceae,Diversispora,728,unreviewed,AFDB,6,65.56,True,/Users/spencergray/Desktop/pif1-foldtree/data/structures/afdb/AF-A0A9N8Z8P5-F1-model_v6.cif,
A0A9N8ZA40,PIF1,Funneliformis mosseae (Endomycorrhizal fungus) (Glomus mosseae),27381,Glomeromycotina,Glomeromycetes,Glomerales,Glomeraceae,Funneliformis,656,unreviewed,AFDB,6,68.88,True,/Users/spencergray/Desktop/pif1-foldtree/data/structures/afdb/AF-A0A9N8ZA40-F1-model_v6.cif,
A0A9W4WTA5,PIF1,Funneliformis geosporum,1117311,Glomeromycotina,Glomeromycetes,Glomerales,Glomeraceae,Funneliformis,665,unreviewed,AFDB,6,68.69,True,/Users/spencergray/Desktop/pif1-foldtree/data/structures/afdb/AF-A0A9W4WTA5-F1-model_v6.cif,
A0AAD7XWI0,PIF1,Lichtheimia ornata,688661,Mucoromycotina,Mucoromycetes,Mucorales,Lichtheimiaceae,Lichtheimia,730,unreviewed,AFDB,6,65.0,True,/Users/spencergray/Desktop/pif1-foldtree/data/structures/afdb/AF-A0AAD7XWI0-F1-model_v6.cif,
A0A0B7NVF9,PARPA_13826.1,Parasitella parasitica,35722,Mucoromycotina,Mucoromycetes,Mucorales,Mucoraceae,Parasitella,635,unreviewed,AFDB,6,68.88,True,/Users/spencergray/Desktop/pif1-foldtree/data/structures/afdb/AF-A0A0B7NVF9-F1-model_v6.cif,
A0A0C9MZV3,PIF1,Mucor ambiguus,91626,Mucoromycotina,Mucoromycetes,Mucorales,Mucoraceae,Mucor,755,unreviewed,AFDB,6,60.88,True,/Users/spencergray/Desktop/pif1-foldtree/data/structures/afdb/AF-A0A0C9MZV3-F1-model_v6.cif,
A0A8H7S720,PIF1,Circinella minor,1195481,Mucoromycotina,Mucoromycetes,Mucorales,Lichtheimiaceae,Circinella,783,unreviewed,AFDB,6,62.56,True,/Users/spencergray/Desktop/pif1-foldtree/data/structures/afdb/AF-A0A8H7S720-F1-model_v6.cif,
A0A9N8ZJ08,PIF1,Ambispora gerdemannii,144530,Glomeromycotina,Glomeromycetes,Archaeosporales,Ambisporaceae,Ambispora,739,unreviewed,AFDB,6,68.94,True,/Users/spencergray/Desktop/pif1-foldtree/data/structures/afdb/AF-A0A9N8ZJ08-F1-model_v6.cif,
A0A9P3HK37,PIF1,Entomortierella parvispora,205924,Mortierellomycotina,Mortierellomycetes,Mortierellales,Mortierellaceae,Entomortierella,1080,unreviewed,AFDB,6,57.19,True,/Users/spencergray/Desktop/pif1-foldtree/data/structures/afdb/AF-A0A9P3HK37-F1-model_v6.cif,
A0A9P3HK44,PIF1,Entomortierella parvispora,205924,Mortierellomycotina,Mortierellomycetes,Mortierellales,Mortierellaceae,Entomortierella,957,unreviewed,AFDB,6,59.62,True,/Users/spencergray/Desktop/pif1-foldtree/data/structures/afdb/AF-A0A9P3HK44-F1-model_v6.cif,
A0A9P7BV71,PIF1,Rhizopus oryzae (Mucormycosis agent) (Rhizopus arrhizus var. delemar),64495,Mucoromycotina,Mucoromycetes,Mucorales,Rhizopodaceae,Rhizopus,728,unreviewed,AFDB,6,63.62,True,/Users/spencergray/Desktop/pif1-foldtree/data/structures/afdb/AF-A0A9P7BV71-F1-model_v6.cif,
A0AAN7D3L5,PIF1,Mucor velutinosus,708070,Mucoromycotina,Mucoromycetes,Mucorales,Mucoraceae,Mucor,756,unreviewed,AFDB,6,61.88,True,/Users/spencergray/Desktop/pif1-foldtree/data/structures/afdb/AF-A0AAN7D3L5-F1-model_v6.cif,
A0A015N2M8,PIF1,Rhizophagus irregularis (strain DAOM 197198w) (Glomus intraradices),1432141,Glomeromycotina,Glomeromycetes,Glomerales,Glomeraceae,Rhizophagus,656,unreviewed,AFDB,6,68.75,True,/Users/spencergray/Desktop/pif1-foldtree/data/structures/afdb/AF-A0A015N2M8-F1-model_v6.cif,
A0A2Z6Q637,PIF1,Rhizophagus clarus,94130,Glomeromycotina,Glomeromycetes,Glomerales,Glomeraceae,Rhizophagus,648,unreviewed,AFDB,6,69.5,True,/Users/spencergray/Desktop/pif1-foldtree/data/structures/afdb/AF-A0A2Z6Q637-F1-model_v6.cif,
A0A8H4A8B1,PIF1,Gigaspora margarita,4874,Glomeromycotina,Glomeromycetes,Diversisporales,Gigasporaceae,Gigaspora,643,unreviewed,AFDB,6,69.25,True,/Users/spencergray/Desktop/pif1-foldtree/data/structures/afdb/AF-A0A8H4A8B1-F1-model_v6.cif,
A0A9P3HAH0,PIF1,Entomortierella parvispora,205924,Mortierellomycotina,Mortierellomycetes,Mortierellales,Mortierellaceae,Entomortierella,1094,unreviewed,AFDB,6,54.38,True,/Users/spencergray/Desktop/pif1-foldtree/data/structures/afdb/AF-A0A9P3HAH0-F1-model_v6.cif,
A0AAN7D484,PIF1,Mucor velutinosus,708070,Mucoromycotina,Mucoromycetes,Mucorales,Mucoraceae,Mucor,667,unreviewed,AFDB,6,67.0,True,/Users/spencergray/Desktop/pif1-foldtree/data/structures/afdb/AF-A0AAN7D484-F1-model_v6.cif,
A0A9N9IT00,CPELLU_LOCUS14573,Cetraspora pellucida,1433469,Glomeromycotina,Glomeromycetes,Diversisporales,Gigasporaceae,Cetraspora,583,unreviewed,AFDB,6,73.88,True,/Users/spencergray/Desktop/pif1-foldtree/data/structures/afdb/AF-A0A9N9IT00-F1-model_v6.cif,
A0A8H7Q1B8,INT43_006559,Mortierella isabellina (Filamentous fungus) (Umbelopsis isabellina),91625,Mucoromycotina,Umbelopsidomycetes,Umbelopsidales,Umbelopsidaceae,Umbelopsis,545,unreviewed,AFDB,6,75.62,True,/Users/spencergray/Desktop/pif1-foldtree/data/structures/afdb/AF-A0A8H7Q1B8-F1-model_v6.cif,
A0A015KD19,PIF1,Rhizophagus irregularis (strain DAOM 197198w) (Glomus intraradices),1432141,Glomeromycotina,Glomeromycetes,Glomerales,Glomeraceae,Rhizophagus,492,unreviewed,AFDB,6,81.19,True,/Users/spencergray/Desktop/pif1-foldtree/data/structures/afdb/AF-A0A015KD19-F1-model_v6.cif,
A0A261Y8L7,BZG36_00001,Bifiguratus adelaidae,1938954,Mucoromycotina,Endogonomycetes,Endogonales,,Bifiguratus,1204,unreviewed,AFDB,6,67.62,True,/Users/spencergray/Desktop/pif1-foldtree/data/structures/afdb/AF-A0A261Y8L7-F1-model_v6.cif,
A0A9N9DSD6,ALEPTO_LOCUS9997,Ambispora leptoticha,144679,Glomeromycotina,Glomeromycetes,Archaeosporales,Ambisporaceae,Ambispora,590,unreviewed,AFDB,6,74.19,True,/Users/spencergray/Desktop/pif1-foldtree/data/structures/afdb/AF-A0A9N9DSD6-F1-model_v6.cif,
A0ACA9NG08,ACOLOM_LOCUS8377,Acaulospora colombiana,27376,Glomeromycotina,Glomeromycetes,Diversisporales,Acaulosporaceae,Acaulospora,751,unreviewed,MISSING_predict_with_AF3,,,,,
