family	accession	group	motif_res	motif_aa	class_ok	motif_to_tetrad	G4_folded	iptm	ranking	protDNA_pae	contact
recq	A0A085M3F6	euk	900	R	0	2.72	0	0.77	0.87	3.64	1
recq	P35187	euk	1198	N	0	5.31	0	0.87	1.02	3.01	0
recq	A0A7M2WY61	bac	486	K	0	10.99	1	0.73	0.73	3.65	0
recq	A0A098S861	bac	520	D	0	11.76	1	0.74	0.74	2.55	0
recq	A0A8S0VDD0	euk	455	R	0	13.95	0	0.63	0.64	10.08	0
recq	A0A7S7RQF1	bac	515	K	0	8.37	1	0.84	0.83	2.76	0
recq	A0A7L4UPB9	bac	513	D	0	10.25	1	0.66	0.67	2.58	0
recq	A0A7S6REX1	bac	431	L	0	13.93	1	0.69	0.69	4.22	0
recq	A0A081BLC8	bac	436	Q	0	14.07	1	0.69	0.69	4.08	0
recq	A0A068YHG4	euk	874	T	0	8.72	1	0.85	0.97	3.26	0
recq	A0A081C0H7	bac	459	K	0	13.81	1	0.8	0.78	3.15	0
recq	A0A060RBR6	bac	471	I	0	2.96	1	0.78	0.78	2.39	1
recq	A0A074MGJ7	bac	438	N	0	2.44	0	0.64	0.67	5.9	1
recq	A0A084GA43	euk	1166	R	0	1.49	0	0.63	0.85	9.82	1
recq	A0A075AVN4	euk	614	R	0	4.29	1	0.83	0.94	2.85	0
recq	A0A024GB81	euk	733	F	1	0.82	1	0.72	0.8	3.85	1
recq	A0A166BQL2	arc	452	K	0	10.19	0	0.63	0.73	7.43	0
recq	A0A010ZVP2	bac	472	R	0	0.64	1	0.67	0.7	5.15	1
recq	A0A084JIT4	bac	436	K	0	1.72	0	0.61	0.62	6.2	1
recq	A0A8J8P591	euk	714	I	0	3.29	0	0.73	0.89	4.37	1
recq	A0A7W5Z3Y6	bac	503	S	0	2.83	1	0.72	0.74	4.22	1
recq	A0A067KV41	euk	983	F	1	14.66	1	0.82	0.95	3.52	0
recq	A0A8K0DEE0	euk	562	S	0	12.93	0	0.66	0.78	10.06	0
recq	A0A7M1S4H6	bac	509	K	0	5.08	1	0.73	0.73	3.54	0
recq	A0A8M6YUA3	euk	1185	S	0	1.21	1	0.75	0.96	4.44	1
recq	A0A8R1YI53	euk	702	M	0	4.9	0	0.57	0.68	4.5	0
recq	A0A9E7PMS6	arc	481	K	0	16.42	0	0.69	0.72	3.93	0
recq	A0A017T6V9	bac	603	R	0	13.3	0	0.78	0.88	3.75	0
recq	A0A068NYV6	bac	424	R	0	12.5	1	0.75	0.76	2.08	0
recq	A0A091R820	euk	820	N	0	2.35	1	0.78	0.93	3.82	1
recq	A0A2V2N7S6	arc	461	R	0	19.39	1	0.74	0.75	3.54	0
recq	A0A1F2P9B7	arc	702	K	0	6.13	0	0.73	0.7	3.8	0
recq	A0A8N5EXX7	euk	944	M	0	4.04	1	0.64	0.78	6.13	0
recq	A0A084R2J1	euk	1345	I	0	1.39	0	0.65	0.86	10.15	1
recq	A0ABD4TGN3	arc	429	R	0	26.43	1	0.76	0.8	2.04	0
recq	A0A7M2YYX5	bac	539	S	0	4.76	1	0.85	0.86	2.27	0
recq	A0A011RD86	bac	430	A	0	2.21	1	0.76	0.78	2.93	1
recq	A0A7S7M8R9	bac	448	R	0	3.9	1	0.7	0.72	4.04	1
recq	A0A7K0DB25	bac	510	Y	1	1.8	1	0.72	0.84	5.67	1
recq	A0A8K0H2P7	euk	983	K	0	14.27	0	0.77	0.92	3.77	0
recq	A0A091SV96	euk	868	N	0	2.61	0	0.82	0.97	3.69	1
recq	P15043	bac	466	H	1	7.2	1	0.8	0.8	2.39	0
recq	A0A7W6DLN0	bac	467	R	0	2.92	0	0.74	0.76	3.59	1
recq	A0A0E3LGE3	arc	508	K	0	1.11	1	0.73	0.85	4.4	1
recq	Q14191	euk	1012	E	0	10.67	0	0.62	0.76	11.51	0
recq	A0A074X4N6	euk	846	R	0	1.01	1	0.79	0.89	3.08	1
recq	P46063	euk	562	T	0	2.59	1	0.69	0.76	6.22	1
recq	A0A078A6R7	euk	722	F	1	1.86	0	0.73	0.9	4.71	1
recq	L0HKE4	arc	509	A	0	12.27	1	0.76	0.77	2.56	0
recq	A0A0B7GQE4	bac	472	R	0	7.64	1	0.72	0.73	3.15	0
recq	A0A0D8Y462	euk	733	S	0	5.05	1	0.81	0.92	2.8	0
recq	A0A0J0XW43	euk	804	N	0	1.13	1	0.73	0.87	5.32	1
recq	A0A0F8BY45	euk	862	K	0	6.67	1	0.77	0.9	3.48	0
recq	Q0W3R8	arc	466	V	0	3.35	1	0.71	0.72	4.56	1
recq	A0A0C9Y159	euk	843	N	0	4.98	0	0.83	0.93	2.48	0
recq	A0A0J8J7J7	bac	482	F	1	10.88	1	0.82	0.82	2.64	0
recq	A0A0F6W5Y2	bac	561	F	1	3.38	1	0.71	0.76	3.17	1
recq	A0A0G2HU27	euk	712	K	0	1.16	0	0.8	0.91	2.65	1
recq	A0A093GSD6	euk	929	K	0	1.84	0	0.68	0.79	5.51	1
recq	A0A0L0T335	euk	662	T	0	3.21	1	0.75	0.88	3.53	1
recq	A0A0M2R747	bac	470	R	0	10.3	1	0.8	0.81	2.55	0
recq	A0A0C3HMF0	euk	1339	F	1	7.58	1	0.75	0.94	4.53	0
recq	A0A0S7C321	bac	518	E	0	16.86	1	0.68	0.68	3.24	0
recq	A0A0G3WII3	bac	525	E	0	7.61	0	0.75	0.76	3.1	0
recq	A0A0K6IWZ8	bac	500	R	0	6.8	1	0.86	0.86	2.16	0
recq	A0A0D0DNS5	euk	932	H	1	5.01	1	0.85	0.98	2.99	0
recq	A0A093R177	euk	948	F	1	3.08	0	0.62	0.74	9.68	1
recq	A0A0J9X742	euk	773	K	0	3.06	1	0.79	0.9	3.12	1
recq	A0A091TSY3	euk	927	Q	0	1.17	1	0.75	0.92	4.95	1
recq	A0A0E9NJY8	euk	1074	K	0	3.35	1	0.81	0.99	3.29	1
recq	A0A0C5JLA7	bac	441	K	0	2.42	0	0.69	0.74	4.46	1
recq	A0A096P7A8	euk	902	T	0	2.42	0	0.73	0.83	3.79	1
recq	A0A0C2INU7	euk	807	N	0	6.93	1	0.82	0.9	2.46	0
recq	A0A0M2UXX2	bac	435	K	0	1.86	1	0.69	0.69	3.5	1
recq	A0A0B2UJH3	euk	725	K	0	6.57	1	0.84	0.93	1.93	0
recq	A0A0S2TCF1	bac	450	R	0	0.6	0	0.65	0.66	4.16	1
recq	A0A093HD69	euk	559	F	1	3.38	1	0.67	0.76	5.56	1
recq	A0A091M8S6	euk	509	K	0	0.62	1	0.71	0.8	3.86	1
recq	A0A0K2SM57	bac	460	K	0	9.92	1	0.71	0.73	5.73	0
recq	A0A0B5FQV7	bac	510	R	0	13.46	1	0.71	0.73	3.07	0
recq	A0A0M7AZ84	bac	463	K	0	2.06	1	0.75	0.78	3.16	1
recq	A0AAE4MGR3	arc	488	S	0	2.33	1	0.74	0.75	2.81	1
recq	A0A0K1S9Z4	bac	435	N	0	1.97	0	0.61	0.62	4.68	1
recq	A0A0D8ZU01	bac	465	D	0	15.32	0	0.69	0.68	5.03	0
recq	A0A0D2U9D7	euk	1305	H	1	1.75	0	0.74	0.98	4.99	1
recq	A0A0D0ASD7	euk	834	N	0	17.36	0	0.83	0.95	3.11	0
recq	A0A073ISA3	bac	473	R	0	0.86	1	0.68	0.7	2.81	1
recq	A0A0L0HBP5	euk	906	K	0	1.62	1	0.74	0.9	4.42	1
recq	A0A0N1F570	bac	468	P	0	2.17	1	0.72	0.73	4.64	1
recq	A0A0B7MMV0	bac	431	R	0	5.16	1	0.77	0.79	2.61	0
recq	A0A0L8V5X6	bac	441	A	0	4.58	1	0.69	0.69	2.45	0
recq	A0A0C9MDY7	euk	964	P	0	13.81	1	0.82	0.96	2.85	0
recq	A0A0C2XKG1	euk	836	R	0	1.44	1	0.82	0.92	3.18	1
recq	A0A091TS37	euk	861	T	0	2.24	1	0.79	0.95	3.87	1
recq	A0A0D2G849	bac	443	R	0	1.27	1	0.76	0.78	3.01	1
recq	A0A0S2I0X3	bac	515	D	0	8.3	1	0.68	0.69	3.33	0
recq	A0A0D2AL92	euk	1160	K	0	2.17	1	0.67	0.87	7.77	1
recq	A0A0C2WR98	euk	894	N	0	2.37	0	0.83	0.97	2.87	1
recq	A0A0C3BMJ1	euk	833	Q	0	1.78	1	0.81	0.93	3.62	1
recq	A0A0K9NWB4	euk	890	H	1	12.61	0	0.76	0.93	3.98	0
pif1	A1DDJ4	ascomycota	329	R	1	3.72	1	0.73	0.89	3.45	1
pif1	A7EDF0	ascomycota	477	K	1	5.24	1	0.78	0.96	2.92	0
pif1	A7TNQ0	ascomycota	444	R	1	4.1	1	0.78	0.9	2.44	0
pif1	A5E709	ascomycota	598	R	1	6.95	1	0.79	0.99	2.94	0
pif1	A5DRR3	ascomycota	264	K	1	8.19	1	0.75	0.87	2.35	0
pif1	I2H566	ascomycota	333	R	1	2.23	0	0.8	0.94	2.1	1
pif1	J7S6X7	ascomycota	342	R	1	6.27	1	0.76	0.92	2.62	0
pif1	A5DHA1	ascomycota	254	S	0	5.88	1	0.75	0.89	3.34	0
pif1	A2R3M6	ascomycota	377	K	1	5.95	1	0.76	0.93	3.25	0
pif1	A7TJ00	ascomycota	329	R	1	7.2	1	0.82	0.95	2.12	0
recq	A0A3N1M5Z4	bac	480	R	0	9.69	1	0.79	0.8	2.73	0
recq	A0A395JUQ1	bac	463	R	0	7.8	0	0.64	0.67	6.78	0
recq	A0A3M3EZE3	bac	494	R	0	1.69	0	0.68	0.72	4.6	1
recq	A0A369I676	bac	526	E	0	17.4	1	0.65	0.67	5.73	0
recq	A0A3A1Y6V4	bac	749	K	0	18.56	0	0.66	0.66	5.95	0
recq	A0A3N1NZ51	bac	448	T	0	2.38	1	0.72	0.73	3.41	1
recq	A0A3D9FGT6	bac	490	G	0	6.89	1	0.78	0.81	3.33	0
recq	A0A3N5BR11	bac	399	D	0	17.18	1	0.83	0.83	1.76	0
recq	A0A3P3VUT0	bac	422	R	0	2.96	1	0.7	0.71	2.45	1
recq	A0A370GZG6	bac	437	D	0	1.48	1	0.69	0.74	2.67	1
recq	A0A923I1A1	bac	504	Y	1	2.07	1	0.67	0.71	4.17	1
recq	A0A931I1Y0	bac	499	H	1	9.0	1	0.81	0.83	3.14	0
pif1	A0A8J2N2S3	ascomycota	385	R	1	3.48	1	0.83	0.98	3.15	1
recq	A0A923SRH9	bac	460	K	0	8.53	1	0.73	0.76	4.3	0
pif1	A0A8H8RV52	ascomycota	447	R	1	3.41	1	0.8	0.99	3.17	1
recq	A0A9P9IY89	euk	1323	A	0	2.71	1	0.7	0.91	5.8	1
pif1	A0A9N9LYP1	ascomycota	487	R	1	4.44	1	0.77	0.96	2.91	0
recq	A0A934IEY7	bac	535	K	0	9.72	1	0.73	0.74	2.88	0
recq	A0A934N804	bac	469	E	0	3.02	1	0.76	0.76	3.43	1
recq	A0A9Q0FKF7	euk	926	K	0	9.81	1	0.86	0.99	3.25	0
pif1	A0A8H8RJD5	ascomycota	490	R	1	8.28	1	0.8	0.97	2.94	0
pif1	A0A8T9B5J8	ascomycota	451	R	1	5.98	1	0.78	0.98	3.19	0
recq	A0A9P7BVV8	euk	815	P	0	12.51	1	0.83	0.91	2.63	0
recq	A0A917DHV4	bac	500	R	0	9.72	1	0.75	0.79	3.41	0
pif1	A0A8H8D9N3	ascomycota	424	R	1	3.13	1	0.76	0.92	2.65	1
recq	A0A917DQX9	bac	515	K	0	14.5	1	0.64	0.68	5.33	0
pif1	A0A8H6P867	ascomycota	351	R	1	3.72	1	0.74	0.91	2.95	1
recq	A0A926ZFB8	bac	443	Q	0	8.96	1	0.69	0.68	5.02	0
recq	A0A9P8CJ08	euk	1084	F	1	2.48	0	0.78	0.95	3.86	1
recq	A0A9P8UVR2	euk	1367	Q	0	2.6	1	0.68	0.9	8.67	1
recq	A0A9Q3BAY6	euk	1002	N	0	2.4	1	0.72	0.91	4.35	1
pif1	A0A9N8PPA1	ascomycota	457	R	1	7.18	1	0.78	0.96	2.98	0
recq	A0A916NGC7	bac	518	S	0	17.56	1	0.64	0.64	4.84	0
pif1	A0A8T9C083	ascomycota	456	R	1	1.93	1	0.89	1.05	2.78	1
pif1	A0A8H7MC09	ascomycota	427	R	1	4.58	1	0.74	0.92	3.25	0
pif1	A0A8H8QV95	ascomycota	490	R	1	4.99	1	0.76	0.96	2.59	0
pif1	A0A8K0LFH0	ascomycota	502	R	1	5.23	0	0.76	0.96	3.25	0
recq	A0A917C266	bac	464	R	0	11.36	1	0.76	0.76	2.84	0
recq	A0A915YHU7	bac	541	I	0	17.7	1	0.7	0.72	3.61	0
pif1	A0A8H6VE95	ascomycota	514	R	1	6.74	1	0.78	0.99	3.1	0
recq	A0A9P8C9H4	euk	882	F	1	2.02	0	0.76	0.89	4.37	1
pif1	A0A9N9Y4Q8	ascomycota	388	R	1	8.92	1	0.8	0.97	3.01	0
recq	A0A9P9WHC6	euk	1616	T	0	1.45	0	0.7	0.89	7.55	1
pif1	A0A8H6UTP6	ascomycota	329	R	1	1.75	1	0.78	0.93	2.85	1
recq	A0A9P9BQG9	euk	605	P	0	6.1	1	0.82	0.95	2.33	0
recq	A0A9Q0LU91	euk	982	Y	1	2.01	0	0.7	0.89	4.98	1
recq	A0A926I077	bac	488	E	0	3.45	1	0.75	0.76	4.25	1
recq	A0A916SJX3	bac	481	H	1	7.25	1	0.75	0.75	2.75	0
recq	A0A9P5CLV9	euk	508	P	0	7.16	1	0.81	0.83	2.78	0
pif1	A0A8H7B4D1	ascomycota	385	R	1	4.85	1	0.76	0.92	3.64	0
recq	A0A926HUW0	bac	516	P	0	1.28	1	0.63	0.67	4.24	1
recq	A0A9P7AZG3	euk	1336	I	0	0.82	0	0.8	0.99	3.46	1
pif1	A0A8J2TAJ9	ascomycota	342	R	1	3.97	1	0.8	0.94	2.15	1
pif1	A0A9N9L4M2	ascomycota	487	R	1	5.15	1	0.76	0.97	2.9	0
recq	A0A9P6EME4	euk	947	K	0	13.34	1	0.82	0.96	3.97	0
recq	A0A9P5ZLQ8	euk	619	D	0	3.18	1	0.74	0.85	4.08	1
pif1	A0A8H6MX16	ascomycota	469	R	1	2.65	1	0.78	0.98	2.31	1
pif1	A0A8H6U8X2	ascomycota	454	R	1	2.04	1	0.78	0.98	2.97	1
recq	A0A9P5D4V9	euk	1368	K	0	9.22	1	0.82	1.02	3.79	0
recq	A0A928Z8A7	bac	530	E	0	11.06	1	0.81	0.81	2.84	0
recq	A0ABR3PAE4	euk	1202	W	1	1.44	1	0.73	0.91	4.35	1
recq	A0ABP1DA61	euk	924	P	0	12.32	1	0.84	0.98	3.37	0
recq	A0ABY7DQU7	euk	1012	I	0	1.85	1	0.63	0.84	5.93	1
recq	A0ABQ7SS51	euk	1195	Q	0	3.27	1	0.81	1.0	4.14	1
recq	A0ABN9L2U6	euk	584	S	0	13.3	1	0.78	0.84	2.43	0
recq	A0ABQ8TJ46	euk	869	W	1	1.78	0	0.73	0.86	4.68	1
recq	A0ABN7NF61	euk	568	P	0	1.61	0	0.61	0.73	10.2	1
recq	A0ACB8SWT7	euk	950	Q	0	8.21	0	0.84	0.98	2.25	0
recq	A0ACB8WU42	euk	2764	R	0	0.82	0	0.7	0.8	9.55	1
recq	A0ABR4C4Q0	euk	1359	K	0	1.37	1	0.73	0.93	7.2	1
recq	A0ABQ9FHQ4	euk	631	Q	0	10.84	0	0.54	0.65	7.67	0
recq	A0ABY6LBX4	euk	2075	Q	0	4.72	0	0.42	0.43	16.95	0
recq	A0ABQ7HYS2	euk	662	V	0	7.2	1	0.88	0.95	2.18	0
recq	A0ABN8NXI2	euk	1340	F	1	5.8	0	0.74	0.76	5.04	0
recq	A0ABR1KU71	euk	1355	A	0	2.68	0	0.71	0.92	4.75	1
recq	A0ABP0FXE6	euk	859	F	1	8.28	0	0.64	0.78	9.69	0
recq	A0ABP0VRI6	euk	1049	K	0	11.72	1	0.78	0.93	3.45	0
pif1	A0A0W4ZNJ0	ascomycota	412	R	1	5.13	1	0.74	0.91	2.44	0
pif1	A0A135SIN3	ascomycota	397	R	1	2.92	1	0.78	0.95	2.98	1
pif1	A0A1Q3E2N1	basidiomycota	214	G	0	10.8	1	0.79	0.87	3.43	0
pif1	A0A101MLQ9	ascomycota	316	K	1	4.19	1	0.79	0.93	2.9	0
pif1	A0A135UEW1	ascomycota	398	R	1	6.73	1	0.8	0.97	2.88	0
pif1	A0A284RAN9	basidiomycota	240	F	0	9.03	1	0.72	0.8	3.3	0
pif1	A0A2X0LW32	basidiomycota	353	K	1	8.23	1	0.78	0.93	3.16	0
pif1	A0A401G8C9	basidiomycota	212	G	0	17.68	1	0.74	0.81	2.72	0
pif1	A0A109UW77	ascomycota	289	K	1	6.1	1	0.8	0.92	2.43	0
pif1	A0A166QWJ6	ascomycota	455	R	1	2.76	1	0.8	0.99	2.75	1
pif1	A0A1Q3EGR3	basidiomycota	141	T	0	8.05	1	0.82	0.9	2.68	0
pif1	A0A0U1LMZ8	ascomycota	335	K	1	4.31	1	0.76	0.91	3.34	0
pif1	A0A166NVT2	ascomycota	410	R	1	3.55	1	0.78	0.96	2.93	1
pif1	A0A135LFH1	ascomycota	317	K	1	5.7	1	0.81	0.95	3.11	0
pif1	A0A162ZNR2	ascomycota	399	R	1	8.03	1	0.78	0.94	3.22	0
pif1	A0A409W7F6	basidiomycota	253	K	1	9.63	1	0.82	0.92	2.32	0
pif1	A0A166U4T1	ascomycota	1077	R	1	1.62	0	0.77	0.99	3.74	1
pif1	A0A151GWK7	ascomycota	438	R	1	3.73	1	0.86	1.03	2.75	1
pif1	A0A369J1H4	basidiomycota	255	K	1	4.96	1	0.8	0.93	2.92	0
pif1	A0A409VCH1	basidiomycota	99	N	0	1.51	1	0.7	0.75	2.71	1
pif1	A0A0M8P8W8	ascomycota	290	K	1	3.26	1	0.76	0.9	3.2	1
pif1	A0A286UKZ0	basidiomycota	260	K	1	2.84	1	0.75	0.87	2.01	1
pif1	A0A284R575	basidiomycota	229	K	1	6.62	1	0.78	0.91	2.29	0
pif1	A0A1Q3E1Z4	basidiomycota	192	K	1	6.35	1	0.82	0.93	2.41	0
pif1	A0A135TU94	ascomycota	397	R	1	4.79	1	0.76	0.95	2.87	0
pif1	A0A2S4URQ4	basidiomycota	220	R	1	4.52	1	0.87	0.98	2.19	0
pif1	A0A369K4X4	basidiomycota	193	G	0	13.09	1	0.82	0.87	2.73	0
pif1	A0A409Y7J2	basidiomycota	252	K	1	6.7	1	0.81	0.92	3.05	0
pif1	A0A0X8HVB8	ascomycota	319	R	1	3.15	1	0.8	0.94	2.94	1
pif1	A0A0P7BBB4	ascomycota	400	R	1	6.52	1	0.8	0.98	3.09	0
pif1	A0AAD7XWI0	mucoromycota	373	S	0	14.06	1	0.75	0.92	3.62	0
pif1	A0A0P7BLB4	ascomycota	169	S	0	11.27	1	0.75	0.85	1.94	0
pif1	A0A401H636	basidiomycota	148	T	0	5.64	1	0.84	0.93	2.53	0
pif1	A0A139HGG1	ascomycota	453	R	1	2.95	0	0.81	1.0	3.08	1
pif1	A0A3G2S9J2	basidiomycota	229	R	1	1.28	1	0.77	0.89	2.64	1
pif1	A0A284RQ68	basidiomycota	149	T	0	2.69	1	0.85	0.95	2.14	1
pif1	A0A161HKE9	ascomycota	514	R	1	5.17	1	0.83	1.03	2.5	0
pif1	A0AAN7D484	mucoromycota	327	K	1	10.83	1	0.77	0.93	2.86	0
pif1	A0A2R6NTT4	basidiomycota	237	K	1	3.03	1	0.77	0.89	2.02	1
pif1	A0A1A5ZVX6	basidiomycota	321	K	1	7.66	1	0.81	0.95	1.64	0
pif1	A0A139IDY3	ascomycota	497	R	1	3.09	1	0.84	1.03	2.99	1
pif1	A0A0F7TPW7	ascomycota	327	K	1	5.79	1	0.76	0.92	3.34	0
pif1	A0A1B9GFU3	basidiomycota	331	K	1	2.23	1	0.78	0.93	1.76	1
pif1	A0A369KAK7	basidiomycota	244	G	0	11.27	1	0.7	0.8	3.08	0
pif1	A0A0V1Q0J3	ascomycota	278	K	1	7.0	1	0.82	0.92	2.14	0
pif1	A0A0P1KUZ5	ascomycota	286	R	1	2.52	1	0.8	0.91	2.09	1
pif1	A0A2S5BEQ4	basidiomycota	325	R	1	6.47	1	0.77	0.91	2.6	0
pif1	A0A1Q3E2E1	basidiomycota	199	N	0	9.46	1	0.68	0.76	3.11	0
pif1	A0A2X0KA56	basidiomycota	367	K	1	5.35	1	0.82	0.98	2.7	0
pif1	A0A167DT29	ascomycota	306	K	1	11.14	0	0.76	0.89	2.69	0
recq	A0A0P9C5D5	bac	441	R	0	0.99	1	0.76	0.77	2.54	1
recq	A0A146G7L9	bac	514	R	0	3.1	1	0.8	0.8	3.3	1
recq	A0A0G2EG15	euk	1189	F	1	1.19	0	0.71	0.89	3.83	1
recq	A0A0X8H0L1	bac	439	N	0	1.61	1	0.67	0.69	3.54	1
recq	A0A0P0UTH4	bac	464	K	0	11.18	1	0.8	0.81	3.82	0
recq	A0A143PP50	bac	489	E	0	2.3	1	0.7	0.72	3.61	1
recq	A0A154WGD0	bac	448	K	0	0.4	1	0.76	0.78	3.61	1
recq	A0A133XH79	bac	431	R	0	1.86	1	0.71	0.73	4.36	1
recq	A0A139SXW9	bac	428	N	0	4.15	1	0.81	0.79	2.74	0
recq	A0A0S2KAC8	bac	442	R	0	1.1	1	0.67	0.69	3.91	1
recq	A0A0L0G6T1	euk	520	S	0	0.98	0	0.8	0.91	2.5	1
recq	A0A0U5JD95	bac	468	E	0	1.56	1	0.65	0.67	4.55	1
recq	A0A0Q4B795	bac	516	E	0	11.84	1	0.68	0.68	3.03	0
recq	A0A0L0DJN9	euk	827	S	0	9.53	1	0.88	0.94	1.94	0
recq	A0A0S7BD37	bac	539	K	0	6.6	0	0.66	0.69	4.07	0
pif1	A0A5M6C8X0	basidiomycota	248	R	1	6.31	1	0.81	0.87	3.29	0
pif1	A0A8H5EYD2	basidiomycota	240	K	1	2.73	1	0.79	0.9	2.97	1
pif1	A0A8H5B4L3	basidiomycota	307	R	1	5.61	1	0.81	0.96	1.78	0
pif1	A0A8H5D9L0	basidiomycota	195	Y	0	11.91	1	0.7	0.73	3.89	0
pif1	A0A8H4VJS1	basidiomycota	253	K	1	14.71	1	0.76	0.89	2.75	0
pif1	A0A5D3AUK3	basidiomycota	278	K	1	2.34	1	0.78	0.91	2.55	1
recq	A0ABM0JPG4	euk	1109	T	0	1.75	0	0.71	0.9	5.41	1
recq	F2JH42	bac	458	D	0	12.76	1	0.69	0.71	5.43	0
recq	F5S907	bac	449	G	0	3.56	1	0.75	0.76	3.7	1
pif1	A0A4Z1FQZ2	ascomycota	472	K	1	3.99	1	0.77	0.96	3.02	1
pif1	A0A559MKX1	ascomycota	498	R	1	4.19	1	0.79	0.98	3.38	0
recq	F3YVH7	bac	472	R	0	1.07	0	0.68	0.72	3.65	1
recq	A0ABM0IUM2	euk	1130	K	0	0.74	1	0.83	1.02	4.45	1
recq	A0ABD2W8Y5	euk	994	I	0	2.45	1	0.85	0.98	3.38	1
recq	F5YFZ3	bac	482	H	1	6.27	1	0.84	0.86	2.56	0
pif1	A0A4R8QEN4	ascomycota	692	R	1	10.17	1	0.76	0.92	3.5	0
pif1	A0A507AHL1	ascomycota	421	R	1	3.74	1	0.81	0.98	3.13	1
pif1	A0A4P6XSZ4	ascomycota	466	R	1	5.85	1	0.79	0.97	3.23	0
pif1	A0A4U6XDE4	ascomycota	455	R	1	3.2	1	0.75	0.95	3.08	1
pif1	V2XGD7	basidiomycota	204	G	0	5.49	1	0.74	0.84	3.46	0
pif1	A0A4Z1I5K8	ascomycota	475	K	1	6.23	1	0.77	0.97	3.15	0
pif1	A0A4Y8D3B0	ascomycota	475	K	1	3.46	1	0.76	0.96	3.18	1
pif1	V2XWW7	basidiomycota	233	N	0	7.71	1	0.77	0.85	2.65	0
recq	F7NEC0	bac	441	K	0	5.39	1	0.64	0.65	5.53	0
pif1	A0A4S8RIP6	ascomycota	475	K	1	4.29	1	0.78	0.97	3.36	0
pif1	A0A4Z1NVH7	ascomycota	575	R	1	5.12	1	0.79	1.0	3.57	0
pif1	A0A4Z1I1P6	ascomycota	475	K	1	4.66	1	0.79	0.98	3.23	0
recq	A0ABD3RP80	euk	1004	K	0	12.19	0	0.84	0.97	2.83	0
pif1	A0A4Z0Z973	ascomycota	418	R	1	4.32	1	0.83	0.99	3.05	0
pif1	A0A4P6XHN0	ascomycota	275	K	1	5.6	1	0.82	0.92	2.0	0
recq	A0ABM0RSU4	euk	960	F	1	2.78	1	0.59	0.71	5.18	1
pif1	A0A4Q4SW76	ascomycota	386	R	1	3.5	1	0.76	0.95	2.39	1
pif1	A0A4Q4SNS4	ascomycota	385	R	1	4.48	1	0.75	0.92	3.43	0
pif1	A0A5E8BI10	ascomycota	233	M	0	4.98	1	0.81	0.88	2.87	0
recq	F7Q0P7	bac	482	P	0	1.65	0	0.7	0.7	4.88	1
pif1	A0A4Z1EL52	ascomycota	475	K	1	5.09	1	0.78	0.96	2.4	0
pif1	A0A4Z1L1J9	ascomycota	426	K	1	5.9	1	0.8	0.98	3.37	0
pif1	A0A4Z1H1E5	ascomycota	475	K	1	6.27	1	0.79	0.98	3.33	0
recq	A0ABM1T5A0	euk	1086	K	0	1.45	1	0.72	0.91	5.67	1
recq	A0ABM1JR37	euk	978	F	1	2.54	0	0.65	0.78	9.11	1
recq	F4LUF8	bac	427	N	0	0.58	0	0.65	0.66	6.25	1
pif1	U5H9L9	basidiomycota	355	K	1	6.09	1	0.8	0.93	4.14	0
pif1	W3VVA0	basidiomycota	331	K	1	9.08	1	0.79	0.93	3.13	0
pif1	A0A4V3UMW7	ascomycota	324	K	1	4.5	1	0.82	0.95	3.04	0
pif1	V5GHH8	basidiomycota	370	K	1	7.87	1	0.84	1.0	2.4	0
pif1	A0A4Z1JM45	ascomycota	476	K	1	8.63	1	0.79	0.98	2.88	0
pif1	A0A4T0X4S6	ascomycota	256	R	1	7.26	1	0.72	0.86	3.11	0
pif1	A0A4R8TC14	ascomycota	407	R	1	5.83	0	0.77	0.95	2.97	0
pif1	V2Z1H8	basidiomycota	254	K	1	6.6	1	0.74	0.88	3.06	0
pif1	R9NXM4	basidiomycota	356	K	1	5.87	1	0.84	0.99	3.09	0
pif1	A0A4T0X234	ascomycota	261	K	1	2.06	1	0.87	0.95	2.4	1
pif1	A0A4V3HXL6	ascomycota	407	R	1	2.63	1	0.8	0.97	2.8	1
pif1	A0A545VF71	ascomycota	406	R	1	2.18	1	0.82	0.97	2.89	1
pif1	A0A4Q4P3R5	ascomycota	385	R	1	4.4	1	0.78	0.94	3.34	0
recq	A0ABD3PEE2	euk	1011	F	1	2.36	0	0.76	0.91	4.22	1
pif1	A0A553I2H5	ascomycota	385	R	1	4.35	0	0.72	0.88	4.09	0
recq	A0A1Y2DSG3	euk	1329	N	0	1.35	0	0.71	0.93	8.01	1
recq	A0A914C886	euk	502	F	1	0.58	1	0.71	0.76	4.28	1
recq	A0A8X7SXG1	euk	929	F	1	3.19	0	0.74	0.91	3.23	1
recq	A0A9D5BRX8	euk	941	K	0	10.29	1	0.69	0.85	5.13	0
recq	A0A914W2P8	euk	491	T	0	1.48	1	0.67	0.73	4.08	1
recq	A0A8X6T185	euk	980	K	0	2.22	0	0.72	0.89	5.99	1
recq	A0A7X4YNJ0	bac	439	K	0	6.0	1	0.7	0.73	5.39	0
recq	A0AA39GT51	euk	1333	Y	1	0.49	1	0.66	0.88	6.34	1
pif1	Q59RQ0	ascomycota	455	R	1	2.99	1	0.78	0.98	3.78	1
pif1	Q6BQK7	ascomycota	359	R	1	4.24	1	0.77	0.93	3.34	0
pif1	Q6CQY1	ascomycota	296	R	1	4.14	1	0.72	0.85	3.26	0
pif1	M3JT10	ascomycota	144	K	1	11.18	1	0.85	0.87	1.81	0
pif1	N1RU73	ascomycota	397	R	1	5.91	1	0.81	0.97	2.91	0
pif1	Q5AXT5	ascomycota	329	K	1	6.72	1	0.74	0.91	3.86	0
pif1	J8PMR0	ascomycota	322	S	0	5.51	1	0.72	0.86	3.01	0
pif1	Q6FPW0	ascomycota	299	R	1	5.7	1	0.8	0.93	2.48	0
pif1	M1WCW3	ascomycota	404	R	1	5.86	1	0.76	0.95	3.2	0
pif1	K3UQF6	ascomycota	398	R	1	4.2	1	0.77	0.94	3.13	0
recq	A0A9W4XNU3	euk	1322	S	0	2.51	0	0.67	0.89	7.18	1
recq	A0A9W6GVJ7	bac	481	T	0	1.93	1	0.71	0.75	4.35	1
recq	A0A9Q3UMW3	bac	512	T	0	6.86	1	0.68	0.68	3.26	0
recq	A0A9Q7APN6	bac	546	K	0	4.21	0	0.8	0.87	3.43	0
recq	A0A942UY80	bac	437	N	0	1.23	1	0.61	0.62	6.62	1
recq	A0A9R0JRL8	euk	952	K	0	12.68	0	0.77	0.92	3.54	0
recq	A0A9E7BXP6	bac	563	A	0	3.71	1	0.75	0.77	3.76	1
recq	A0A975BXN6	bac	443	K	0	2.35	0	0.65	0.65	8.77	1
recq	A0A9P1NZX2	bac	495	Y	1	3.47	1	0.62	0.64	4.87	1
recq	A0A9W7T8U4	euk	519	K	0	0.96	1	0.7	0.77	4.1	1
recq	A0A9W7B086	euk	885	I	0	1.1	1	0.74	0.9	4.08	1
recq	A0A9X0UIM2	bac	551	I	0	7.78	1	0.69	0.7	3.14	0
recq	A0A9X3Z6L4	bac	478	I	0	7.01	1	0.76	0.78	3.51	0
recq	A0A9W8N3P3	euk	656	R	0	4.22	1	0.83	0.92	2.06	0
recq	A0A9X1B5E7	bac	489	H	1	2.28	1	0.69	0.73	5.22	1
recq	A0A9X0HMG7	bac	520	K	0	9.98	1	0.65	0.69	5.21	0
recq	A0A9X4MHL7	bac	432	R	0	3.8	1	0.72	0.72	2.25	1
recq	A0A9X5HDU0	bac	456	A	0	5.58	1	0.64	0.71	6.72	0
recq	A0A9X2L2K1	bac	449	R	0	8.93	1	0.76	0.77	3.11	0
recq	A0A8C8YZA1	euk	988	R	0	0.35	1	0.66	0.79	6.11	1
pif1	A0A8H5V246	ascomycota	402	R	1	2.88	1	0.83	1.0	2.39	1
recq	A0A8C1G981	euk	927	N	0	4.29	1	0.75	0.93	4.32	0
recq	A0A8C4R6G6	euk	453	Q	0	3.31	1	0.71	0.82	4.39	1
pif1	A0A8H5K2L9	ascomycota	397	R	1	4.45	1	0.81	0.98	3.33	0
recq	A0A8C4WHA4	euk	825	T	0	2.08	1	0.75	0.9	4.77	1
pif1	A0A8H6DJK2	ascomycota	397	R	1	3.68	1	0.8	0.97	3.39	1
recq	A0A8C7BG73	euk	1109	T	0	3.43	1	0.85	1.03	3.64	1
recq	A0A5P8E414	bac	584	S	0	12.57	1	0.66	0.66	4.07	0
pif1	A0A8H5VWV3	ascomycota	397	R	1	4.28	1	0.81	0.97	2.96	0
recq	A0A8C9TWQ0	euk	914	Q	0	2.04	0	0.61	0.7	7.45	1
pif1	A0A8H6KXX6	ascomycota	463	R	1	2.57	1	0.76	0.96	2.94	1
recq	A0A5J6MNJ6	bac	492	F	1	2.6	1	0.7	0.72	3.38	1
recq	A0A8D0DZ88	euk	982	F	1	1.05	1	0.69	0.81	5.97	1
pif1	A0A8H5V583	ascomycota	397	R	1	3.16	1	0.8	0.97	2.58	1
recq	A0A8C3WGZ7	euk	1114	N	0	2.81	1	0.79	0.98	4.9	1
recq	A0A8C6FZX3	euk	1113	M	0	3.31	1	0.76	0.96	6.12	1
recq	A0A5R9EW53	bac	484	F	1	8.63	1	0.75	0.75	3.95	0
pif1	A0A7H9HUR2	ascomycota	270	K	1	5.47	1	0.78	0.9	2.38	0
recq	A0A5D3WN03	bac	489	S	0	3.05	1	0.79	0.8	2.93	1
recq	A0A6N1VGR7	bac	433	K	0	1.04	1	0.66	0.68	3.93	1
recq	A0A5D0MI91	bac	427	T	0	1.51	1	0.79	0.79	3.01	1
recq	A0A8B8R2D2	euk	926	K	0	13.57	1	0.81	0.95	3.38	0
recq	A0A8B9BPP4	euk	1182	Q	0	1.51	0	0.78	0.98	4.91	1
recq	A0A6A7Y431	bac	447	D	0	2.74	1	0.65	0.69	4.39	1
recq	A0A5S9IVB4	bac	573	R	0	10.15	0	0.71	0.74	5.25	0
recq	A0A5Q2MVM1	bac	468	K	0	3.16	1	0.74	0.74	3.37	1
pif1	A0A8H5WXE6	ascomycota	178	D	0	13.61	1	0.83	0.9	2.1	0
pif1	A0A8H5X4H1	ascomycota	396	R	1	4.6	1	0.76	0.94	3.05	0
recq	A0A5C8PEF2	bac	493	H	1	7.73	1	0.73	0.75	3.47	0
pif1	A0A8H4YPP2	ascomycota	398	R	1	7.32	1	0.81	0.97	2.78	0
recq	A0A8C6W236	euk	1106	N	0	1.1	1	0.83	1.02	4.21	1
recq	A0A5S9R076	bac	466	R	0	4.69	1	0.68	0.67	3.79	0
recq	A0A8C3PE34	euk	1025	T	0	2.56	1	0.73	0.92	5.91	1
recq	A0A8C6B5L5	euk	1158	R	0	2.29	1	0.8	0.99	5.03	1
recq	A0A8C9MM45	euk	1004	N	0	1.4	1	0.66	0.79	7.4	1
pif1	A0A8H5XTU0	ascomycota	398	R	1	7.5	1	0.81	0.97	2.69	0
recq	A0A6G4W7U8	bac	425	A	0	1.57	1	0.78	0.76	3.18	1
recq	A0A8C2UKG7	euk	1010	F	1	6.17	1	0.65	0.78	9.79	0
pif1	A0A8H6EMB0	ascomycota	475	K	1	8.41	1	0.77	0.96	2.37	0
recq	A0A8B9AQS0	euk	917	K	0	13.42	0	0.82	0.97	3.32	0
pif1	A0A8H5UR89	ascomycota	397	R	1	5.52	1	0.82	0.97	2.38	0
recq	A0A8C9B726	euk	1179	Q	0	3.65	1	0.86	1.04	3.27	1
recq	A0A8C8VXH9	euk	1108	T	0	3.23	1	0.8	0.99	4.48	1
recq	A0A6M8B8Y0	bac	517	R	0	13.55	1	0.76	0.77	2.56	0
pif1	A0A8H5T131	ascomycota	397	R	1	3.19	1	0.81	0.97	3.2	1
recq	A0A8C6XZ99	euk	1023	Q	0	2.47	0	0.77	0.96	4.18	1
recq	A0A5E4SVZ8	bac	521	K	0	2.42	1	0.7	0.77	3.9	1
recq	A0A8C4F7Z9	euk	752	R	0	10.29	1	0.82	0.96	3.95	0
pif1	A0A8H4T4I9	ascomycota	172	G	0	12.29	1	0.82	0.89	1.87	0
pif1	B8LYE9	ascomycota	388	K	1	5.79	1	0.79	0.96	3.27	0
pif1	B6K513	ascomycota	401	K	1	9.34	0	0.75	0.92	2.92	0
pif1	B3LSF2	ascomycota	320	S	0	4.71	1	0.71	0.86	3.76	0
pif1	B6Q6C2	ascomycota	382	K	1	3.4	0	0.77	0.9	3.19	1
pif1	C0NFA5	ascomycota	350	Q	0	2.74	1	0.73	0.9	3.68	1
pif1	A7TMC2	ascomycota	118	R	1	4.08	1	0.8	0.87	1.55	0
pif1	B9WMD7	ascomycota	456	R	1	5.79	1	0.74	0.91	4.22	0
pif1	B3LLJ4	ascomycota	324	R	1	4.7	1	0.8	0.95	2.36	0
pif1	B6HL55	ascomycota	361	K	1	6.46	1	0.77	0.93	3.31	0
pif1	B0Y232	ascomycota	373	R	1	7.64	1	0.77	0.94	3.21	0
recq	A0AAV7E689	euk	903	S	0	4.17	0	0.83	0.97	2.68	0
recq	Q9I920	euk	893	K	0	2.21	1	0.74	0.91	5.27	1
recq	Q5RF63	euk	569	Y	1	2.08	1	0.69	0.77	4.15	1
recq	V4RMN6	bac	454	K	0	1.21	1	0.81	0.82	2.02	1
recq	Q54DM3	euk	1040	R	0	9.17	1	0.86	1.02	3.17	0
recq	V2YAR4	euk	900	H	1	1.71	0	0.79	0.93	2.52	1
recq	Q19546	euk	716	F	1	2.09	1	0.67	0.79	9.16	1
recq	U4LPC5	euk	1299	M	0	0.73	0	0.7	0.92	6.49	1
recq	Q4N265	euk	711	I	0	1.63	0	0.77	0.92	2.65	1
recq	W4KRR9	euk	682	T	0	7.7	1	0.87	0.96	2.31	0
recq	H9G760	euk	922	R	0	7.15	0	0.67	0.77	6.54	0
recq	Q8ILG5	euk	625	N	0	3.66	0	0.74	0.95	10.37	1
recq	M7TFJ2	euk	428	K	0	15.28	1	0.81	0.93	3.48	0
recq	X6PCV1	euk	691	Y	1	6.31	1	0.84	0.92	2.58	0
recq	L9KNT5	euk	971	Q	0	6.44	1	0.74	0.94	5.32	0
recq	H0YU56	euk	941	F	1	1.71	1	0.66	0.79	7.0	1
recq	M1VWJ7	euk	1344	Y	1	2.19	0	0.66	0.88	8.7	1
recq	L5KKB3	euk	1080	K	0	4.98	0	0.6	0.63	9.4	0
recq	T1KJR4	euk	839	M	0	4.08	1	0.7	0.82	5.53	0
recq	W4MBW4	bac	531	A	0	1.16	0	0.81	0.83	2.34	1
recq	A0AAN7VG00	euk	561	K	0	3.6	0	0.64	0.76	8.76	1
recq	O88700	euk	1115	T	0	2.93	0	0.8	0.99	4.76	1
recq	L8GS10	euk	613	W	1	8.83	1	0.85	0.83	1.88	0
recq	J3NJA8	euk	1286	N	0	1.86	1	0.67	0.89	8.39	1
recq	L2GLL1	euk	602	N	0	7.38	1	0.84	0.93	2.66	0
recq	U1HTB6	euk	1354	F	1	1.9	1	0.74	0.94	4.66	1
recq	V5FNS9	euk	1220	I	0	3.66	0	0.75	0.94	4.65	1
recq	Q5A5R4	euk	903	L	0	7.41	1	0.78	0.92	3.03	0
recq	Q8L840	euk	924	I	0	6.63	1	0.8	0.94	3.49	0
recq	R4XFC6	euk	1045	N	0	5.53	0	0.77	0.93	5.1	0
recq	Q23ED9	euk	837	K	0	7.62	1	0.84	1.03	3.33	0
recq	R8BF09	euk	487	F	1	2.08	0	0.72	0.85	4.43	1
recq	M7NLA0	euk	1014	F	1	0.27	1	0.72	0.82	4.26	1
recq	V5SG65	bac	480	R	0	1.12	0	0.69	0.71	3.46	1
recq	N1PG42	euk	831	K	0	11.94	1	0.86	0.98	2.25	0
recq	W9RMQ1	euk	777	Q	0	14.73	0	0.78	0.9	4.15	0
recq	U7PQV4	euk	1353	V	0	3.14	1	0.77	0.99	7.16	1
recq	O93530	euk	977	Q	0	9.54	0	0.63	0.76	7.96	0
recq	Q8SRI7	euk	667	S	0	2.39	1	0.81	0.92	2.43	1
recq	J9DBI0	euk	1545	F	1	3.23	1	0.85	1.08	2.88	1
recq	R7Z401	euk	1354	A	0	6.08	1	0.72	0.92	5.08	0
recq	M7BVE0	euk	411	M	0	0.46	0	0.65	0.71	6.98	1
recq	H0WSN6	euk	1156	Q	0	4.26	1	0.73	0.92	6.24	0
recq	R9ALK2	euk	909	F	1	1.41	1	0.87	1.01	2.44	1
recq	J4I339	euk	914	K	0	8.01	1	0.82	0.94	3.1	0
recq	T1FQZ1	euk	352	K	0	9.26	1	0.57	0.66	7.05	0
recq	Q9VGI8	euk	1228	F	1	7.67	0	0.8	0.97	4.83	0
recq	K7FS17	euk	436	Y	1	1.95	1	0.71	0.73	3.6	1
recq	L2GS59	euk	933	Y	1	2.21	0	0.79	0.95	2.65	1
recq	Q09811	euk	1006	F	1	1.6	0	0.78	0.95	3.8	1
pif1	A0A168ISU5	ascomycota	409	R	1	4.68	1	0.77	0.95	2.73	0
pif1	A0A4Y9YC71	basidiomycota	249	K	1	7.73	1	0.83	0.95	1.72	0
pif1	A0A1B8AKF1	ascomycota	395	R	1	0.83	1	0.77	0.95	3.36	1
pif1	A0A4Y9YGX5	basidiomycota	222	G	0	9.89	1	0.72	0.81	3.06	0
pif1	A0A4S4LSC0	basidiomycota	256	K	1	5.43	1	0.86	0.96	3.12	0
pif1	A0A4S4MT59	basidiomycota	154	T	0	7.59	1	0.83	0.92	1.87	0
pif1	A0A4Y9YSR9	basidiomycota	165	T	0	4.45	1	0.74	0.82	3.0	0
pif1	A0A167TDW9	ascomycota	521	R	1	5.62	1	0.78	0.98	2.57	0
pif1	A0A178FD44	ascomycota	347	R	1	3.35	1	0.75	0.93	3.45	1
pif1	A0A179IKE1	ascomycota	408	R	1	3.53	1	0.75	0.94	2.87	1
pif1	A0A1E1KHD1	ascomycota	457	R	1	4.82	1	0.85	1.02	2.71	0
pif1	A0A167F3J3	ascomycota	436	R	1	5.82	0	0.76	0.96	3.12	0
pif1	A0A1C1C9U7	ascomycota	337	R	1	6.56	1	0.82	0.96	2.38	0
pif1	A0A175VPZ7	ascomycota	405	R	1	5.15	0	0.78	0.97	3.24	0
pif1	A0A4Q2DRZ9	basidiomycota	641	K	1	5.96	1	0.74	0.79	3.21	0
pif1	A0A179FR29	ascomycota	404	R	1	4.13	1	0.81	0.98	3.04	0
pif1	A0A5B0N0I5	basidiomycota	302	R	1	4.75	1	0.86	0.99	2.85	0
pif1	A0A5C3E832	basidiomycota	372	K	1	4.94	1	0.89	1.03	2.37	0
pif1	A0A5B0MRD7	basidiomycota	282	R	1	7.03	1	0.87	0.99	2.19	0
pif1	A0A5C3EV21	basidiomycota	194	S	0	9.0	0	0.77	0.89	3.07	0
pif1	A0A5B0N1Q3	basidiomycota	284	R	1	3.15	1	0.88	1.0	2.38	1
pif1	A0A1B2JBB9	ascomycota	343	R	1	4.75	1	0.78	0.93	2.42	0
pif1	A0A177FGZ4	ascomycota	341	R	1	4.12	1	0.75	0.9	2.73	0
pif1	A0A1B7YNX9	ascomycota	453	R	1	7.73	1	0.76	0.96	3.19	0
pif1	A0A194VFA7	ascomycota	402	R	1	5.11	1	0.75	0.94	3.29	0
pif1	A0A168C8M9	ascomycota	426	G	0	9.19	1	0.73	0.93	3.6	0
pif1	A0A178CX55	ascomycota	341	R	1	8.39	1	0.76	0.9	2.63	0
pif1	A0A4S4MSG5	basidiomycota	188	G	0	17.92	1	0.73	0.79	2.82	0
pif1	A0A4S4LHT0	basidiomycota	276	K	1	8.28	1	0.83	0.95	2.66	0
pif1	A0A179UY81	ascomycota	348	R	1	1.64	1	0.77	0.93	2.82	1
pif1	A0A5C3E4B2	basidiomycota	372	K	1	5.74	1	0.88	1.02	2.47	0
pif1	A0A4S4LN17	basidiomycota	228	G	0	9.12	1	0.73	0.79	3.54	0
pif1	A0A4S8MSI0	basidiomycota	144	G	0	12.32	1	0.8	0.86	2.35	0
pif1	A0A5C3EZA1	basidiomycota	306	R	1	3.3	1	0.8	0.94	2.7	1
pif1	A0A4U7KPQ9	basidiomycota	360	K	1	3.44	1	0.83	0.98	2.9	1
pif1	A0A4T0FNF2	basidiomycota	240	R	1	5.21	1	0.78	0.88	2.37	0
pif1	A0A178ZSD6	ascomycota	361	R	1	2.51	0	0.8	0.96	2.71	1
pif1	A0A4S4KLM9	basidiomycota	237	K	1	9.22	1	0.86	0.96	2.53	0
pif1	A0A167H2R5	ascomycota	406	R	1	4.12	1	0.75	0.92	3.15	0
pif1	A0A4V3XJE3	basidiomycota	228	K	1	8.92	1	0.86	0.94	2.5	0
pif1	A0A1D8PRM6	ascomycota	213	K	1	17.34	1	0.79	0.88	3.01	0
pif1	A0A168CGZ8	ascomycota	404	R	1	6.84	1	0.77	0.96	3.1	0
pif1	A0A8A3PQR8	ascomycota	405	K	1	5.2	1	0.79	0.94	3.42	0
pif1	A0A8H5J614	ascomycota	397	R	1	3.2	1	0.8	0.97	3.24	1
pif1	A0A8H3WE31	ascomycota	420	R	1	3.35	1	0.84	1.02	3.12	1
pif1	A0A8H4KSP0	ascomycota	400	R	1	4.95	1	0.79	0.95	3.39	0
pif1	A0A8H4XL08	ascomycota	433	R	1	2.49	1	0.76	0.91	3.61	1
pif1	A0A7H9B3W0	ascomycota	458	R	1	6.59	1	0.74	0.88	3.4	0
pif1	A0A5M3Z9B9	ascomycota	337	R	1	7.28	1	0.79	0.94	3.11	0
pif1	A0A6V8H3K1	ascomycota	342	K	1	5.32	1	0.77	0.94	3.0	0
pif1	A0A8H4M5R7	ascomycota	329	R	1	6.48	1	0.73	0.9	2.49	0
pif1	A0A7C8MWI0	ascomycota	208	R	1	3.88	1	0.77	0.9	2.74	1
pif1	A0A8H5N1Z6	ascomycota	398	R	1	7.31	1	0.83	0.99	2.62	0
pif1	A0A642UC18	ascomycota	437	R	1	3.97	1	0.84	1.03	1.95	1
pif1	A0A7D8YNF5	ascomycota	488	R	1	4.92	1	0.81	1.0	3.07	0
pif1	A0A8H4NYZ8	ascomycota	397	R	1	3.9	1	0.8	0.96	3.14	1
pif1	A0A8H4ISW3	ascomycota	440	R	1	5.37	1	0.74	0.93	3.03	0
pif1	A0A8H4PTP3	ascomycota	431	R	1	5.09	1	0.83	1.01	2.58	0
pif1	A0A8H2ZM85	ascomycota	476	K	1	7.13	1	0.76	0.95	3.38	0
pif1	A0A8H5UMM3	ascomycota	398	R	1	7.85	1	0.8	0.96	2.72	0
pif1	A0A8H4L6X0	ascomycota	389	R	1	4.55	1	0.77	0.94	2.92	0
pif1	A0A5N5DHG1	ascomycota	446	R	1	2.19	1	0.77	0.95	3.09	1
pif1	A0A7G3ZFX8	ascomycota	427	R	1	5.47	0	0.83	0.98	2.32	0
pif1	A0A5Q4C7C0	ascomycota	408	R	1	5.32	0	0.77	0.95	2.71	0
pif1	A0A7D5Z7W4	ascomycota	389	R	1	5.54	0	0.78	0.96	3.1	0
pif1	A0A8H2ZKI7	ascomycota	375	R	1	7.34	1	0.76	0.92	2.59	0
pif1	A0A8H4RP39	ascomycota	718	R	1	8.56	0	0.74	0.87	2.9	0
pif1	A0A5E8BJL0	ascomycota	228	K	1	8.13	1	0.8	0.92	1.84	0
pif1	A0A7H9AW24	ascomycota	295	K	1	7.82	1	0.76	0.89	2.82	0
pif1	A0A8E2ECP4	ascomycota	505	K	1	13.29	1	0.77	0.97	3.12	0
pif1	A0A7G3ZIW5	ascomycota	271	K	1	10.15	1	0.74	0.86	2.84	0
pif1	A0A7H8QY08	ascomycota	377	K	1	7.25	1	0.77	0.95	3.17	0
pif1	A0A8H4CLQ5	ascomycota	471	R	1	6.27	1	0.8	1.0	2.91	0
pif1	A0A6H0XK98	ascomycota	390	R	1	5.47	1	0.8	0.96	2.2	0
pif1	A0A6P8AS74	ascomycota	444	R	1	3.24	1	0.75	0.93	3.19	1
pif1	A0A7D9H4X7	ascomycota	418	R	1	5.68	1	0.78	0.92	3.28	0
pif1	A0A642UJS9	ascomycota	461	R	1	4.3	1	0.88	1.04	1.91	0
pif1	A0A8H4Q9J7	ascomycota	374	R	1	1.73	1	0.76	0.94	2.96	1
pif1	A0A8H4T2Y1	ascomycota	398	R	1	8.01	1	0.81	0.98	3.4	0
pif1	A0A6A6V6U0	ascomycota	429	R	1	3.9	1	0.79	0.96	2.46	1
pif1	A0A5E8B6K8	ascomycota	190	R	1	7.03	1	0.8	0.89	1.99	0
pif1	A0A7H9HQ67	ascomycota	408	R	1	3.66	1	0.79	0.95	2.87	1
pif1	A0A8H2VG31	ascomycota	349	K	1	5.74	1	0.81	0.94	2.52	0
pif1	A0A5N6K1H9	ascomycota	473	K	1	5.91	1	0.81	0.99	3.62	0
pif1	A0A8H4T3M7	ascomycota	397	R	1	5.53	1	0.84	1.0	2.43	0
pif1	A0A642V5E7	ascomycota	289	G	0	3.17	1	0.8	0.91	2.03	1
pif1	A0A7U2QU03	ascomycota	343	R	1	3.82	1	0.76	0.92	3.27	1
pif1	A0A8G0PM48	ascomycota	426	R	1	5.11	0	0.76	0.93	3.12	0
pif1	A0A7D9D0S1	ascomycota	494	K	1	8.48	1	0.81	0.97	3.3	0
pif1	A0A642UMB7	ascomycota	232	K	1	12.02	1	0.79	0.9	2.53	0
pif1	A0A8E5HVQ8	ascomycota	437	R	1	5.67	1	0.76	0.95	3.22	0
recq	A0AAF0BGQ5	bac	447	K	0	1.41	1	0.64	0.69	3.66	1
recq	A0AAD9L1U9	euk	674	R	0	4.96	0	0.65	0.74	7.0	0
recq	A0AAD7UUR0	euk	943	R	0	15.38	1	0.85	0.93	3.36	0
recq	A0AAE3UGC7	bac	514	N	0	14.41	1	0.65	0.65	3.92	0
recq	A0AAE3MCJ9	bac	539	D	0	12.95	1	0.71	0.71	2.46	0
recq	A0AAD7SI54	euk	578	R	0	10.59	1	0.84	0.94	3.95	0
recq	A0AAD9WEZ1	euk	1364	P	0	1.69	0	0.75	0.96	4.7	1
recq	A0AAF1JXC9	bac	488	Q	0	4.23	0	0.66	0.67	4.42	0
recq	A0AAD9QNZ7	euk	903	R	0	1.45	1	0.76	0.89	3.23	1
recq	A0AAE3L0Q8	bac	491	H	1	4.04	1	0.73	0.75	4.03	0
recq	A0AAA9TDU0	euk	1181	I	0	0.86	0	0.81	0.99	4.63	1
recq	A0AAE1YXX3	euk	965	K	0	10.53	0	0.82	0.97	3.27	0
recq	A0AAD8XXM7	euk	967	Q	0	2.06	0	0.76	0.9	4.62	1
recq	A0AAD8EDF1	euk	572	I	0	3.19	1	0.69	0.83	3.99	1
recq	A0AAD9ZNS4	euk	932	K	0	6.27	1	0.78	0.93	3.46	0
recq	A0AAD7P9H9	euk	929	K	0	15.11	1	0.82	0.97	3.33	0
recq	A0AAD8HWI5	euk	868	K	0	10.4	0	0.8	0.93	3.05	0
recq	A0AAN6S259	euk	1391	I	0	10.09	1	0.66	0.89	9.0	0
recq	A0AAN2CA82	bac	432	A	0	0.99	1	0.71	0.72	3.01	1
recq	A0AAN7NK73	euk	520	K	0	2.36	1	0.72	0.81	3.22	1
recq	A0AAJ5ZDB7	bac	472	K	0	3.98	0	0.67	0.71	4.76	1
recq	A0AAJ3HUH0	bac	489	R	0	2.3	1	0.76	0.77	2.94	1
recq	A0AAF1KR32	bac	481	G	0	1.8	1	0.78	0.84	3.25	1
recq	A0AAJ0FQY0	euk	1378	K	0	16.88	0	0.63	0.83	13.13	0
recq	A0AAJ6YE70	euk	940	L	0	1.67	0	0.82	0.97	4.81	1
recq	A0AAN4VVT6	bac	520	R	0	17.36	1	0.69	0.7	2.9	0
recq	A0AAI9SEZ0	bac	429	G	0	0.76	1	0.73	0.74	2.71	1
recq	A0AAJ7X4R2	euk	1216	Q	0	1.0	1	0.77	0.99	4.38	1
recq	A0AAN0JMR9	euk	864	V	0	2.19	0	0.73	0.89	3.73	1
recq	A0AAJ4XMM3	euk	787	Y	1	16.27	1	0.85	1.0	3.16	0
recq	A0AAN1X9N7	bac	488	Y	1	1.76	1	0.69	0.7	4.31	1
recq	A0AAN7BBC8	euk	1345	R	0	0.63	1	0.7	0.93	5.59	1
recq	A0AAP6JEL8	bac	427	H	1	2.09	1	0.68	0.68	4.62	1
recq	A0AAP2DMN6	bac	467	D	0	11.52	0	0.66	0.69	4.06	0
recq	A0AAV2C807	euk	938	S	0	2.59	0	0.72	0.87	4.16	1
recq	A0AAQ4DYQ8	euk	982	R	0	1.53	0	0.77	0.94	4.04	1
recq	B8KS26	bac	479	R	0	1.39	1	0.74	0.75	3.3	1
recq	A0AAV0BJ93	euk	907	F	1	4.44	0	0.73	0.87	3.77	0
recq	A0ABT8F7N1	bac	518	N	0	6.93	1	0.65	0.66	3.68	0
recq	A0ABT8LCI8	bac	466	K	0	10.9	1	0.75	0.75	2.78	0
recq	A0ABV0J561	bac	475	D	0	7.21	1	0.74	0.75	2.82	0
recq	A0ABT3HCH6	bac	480	G	0	1.79	1	0.76	0.78	3.94	1
recq	B9XSD9	bac	470	R	0	3.14	1	0.74	0.73	4.56	1
recq	A0ABT7M0L7	bac	443	Q	0	6.91	0	0.71	0.7	3.35	0
recq	A0AAN8RQG0	euk	439	N	0	1.47	1	0.67	0.78	5.03	1
recq	A0AAV5QDT4	euk	1347	I	0	1.23	0	0.72	0.94	5.25	1
recq	A0AAN9TU79	euk	1140	D	0	0.59	0	0.79	0.91	4.07	1
recq	V3ZEN8	euk	549	M	0	1.87	0	0.62	0.64	4.53	1
recq	A0AAV8UF56	euk	992	K	0	0.98	1	0.71	0.86	3.84	1
recq	A0ABX5M3P8	bac	425	S	0	2.38	1	0.79	0.77	2.89	1
recq	A0ABT9V3T8	bac	482	Y	1	1.92	0	0.62	0.63	5.55	1
recq	A0ABV8X8B9	bac	460	K	0	12.51	1	0.67	0.7	4.62	0
recq	A0AAV6M911	euk	909	N	0	14.8	1	0.76	0.92	3.66	0
recq	A0AAP0GDA3	euk	941	K	0	13.19	0	0.83	0.97	3.08	0
recq	A0AAP0IAM5	euk	924	K	0	12.07	1	0.8	0.94	4.28	0
recq	A0AAV4VJT9	euk	1029	L	0	4.86	0	0.69	0.86	6.47	0
recq	A0AAN8ZUE7	euk	910	Q	0	1.42	0	0.76	0.91	3.79	1
recq	A1ZJ89	bac	514	V	0	14.36	1	0.66	0.68	3.57	0
recq	A0ACD1DUN2	bac	546	K	0	4.19	0	0.79	0.86	3.51	0
recq	A7HXG7	bac	492	Q	0	4.4	1	0.67	0.7	4.27	0
recq	A1AN54	bac	511	T	0	17.92	0	0.68	0.68	3.81	0
recq	B3ETE7	bac	513	Y	1	20.46	1	0.68	0.68	3.42	0
recq	A0ABT2N143	bac	439	N	0	10.1	1	0.7	0.72	3.23	0
recq	A0ABW1T039	bac	448	K	0	3.99	1	0.73	0.74	3.11	1
recq	A0ABT3L5H8	bac	444	K	0	11.05	0	0.64	0.65	4.83	0
recq	A0AAV8SUD4	euk	914	K	0	6.64	0	0.81	0.94	3.87	0
recq	A0AAV6UWY5	euk	655	I	0	1.39	0	0.64	0.74	7.36	1
recq	W1NSM6	euk	952	Q	0	11.47	1	0.81	0.96	3.03	0
recq	A8MFY8	bac	483	Y	1	5.72	1	0.68	0.71	3.3	0
recq	A6FYZ2	bac	544	R	0	4.82	0	0.7	0.74	2.15	0
recq	A5G9H1	bac	436	H	1	1.93	0	0.63	0.64	3.2	1
recq	A6DR32	bac	651	Y	1	2.82	1	0.78	0.77	3.11	1
recq	W1QC66	euk	988	K	0	12.3	1	0.84	0.98	2.83	0
recq	A0AAV5KDJ8	euk	901	K	0	10.25	1	0.81	0.97	3.4	0
recq	A9B0G6	bac	712	D	0	9.52	1	0.74	0.74	3.24	0
recq	A0AAV3PUI2	euk	955	K	0	10.49	0	0.76	0.9	3.63	0
recq	A0AAQ3QJ22	euk	938	K	0	13.4	0	0.82	0.96	3.05	0
recq	A0AAU9J4R6	euk	689	E	0	2.1	1	0.86	0.98	2.65	1
recq	A0AAV1D7I1	euk	930	K	0	11.84	0	0.82	0.98	3.21	0
recq	A0AAN9BW79	euk	672	G	0	0.8	0	0.63	0.78	8.89	1
recq	B2UMH2	bac	570	R	0	5.67	0	0.65	0.67	4.25	0
recq	A0ABU2WLQ6	bac	528	R	0	5.68	1	0.74	0.75	3.09	0
recq	A0AAV2QN01	euk	555	S	0	3.07	1	0.69	0.84	5.08	1
recq	A0AAP0S2M2	euk	758	K	0	15.17	1	0.82	0.97	2.64	0
recq	A0A1U9NH39	bac	459	R	0	5.09	1	0.77	0.76	3.25	0
recq	A0A2H5QE02	euk	888	K	0	12.1	1	0.82	0.95	3.25	0
recq	A0A1T4XFA2	bac	439	Q	0	3.5	0	0.72	0.73	4.25	1
recq	A0A250WYM3	euk	501	K	0	1.48	0	0.66	0.75	5.66	1
recq	A0A2R6Q6I3	euk	1001	S	0	15.03	1	0.8	0.95	3.23	0
recq	A0A1R3SVW1	bac	446	D	0	22.71	1	0.7	0.71	3.19	0
recq	A0A2J6QFJ3	euk	1391	R	0	4.26	1	0.68	0.9	8.56	0
recq	A0A2I3HQW0	euk	1021	R	0	1.44	1	0.75	0.85	4.58	1
recq	A0A2K6C0M9	euk	993	R	0	2.39	1	0.62	0.74	10.92	1
recq	A0A2K6EEU1	euk	1099	N	0	3.26	0	0.75	0.96	4.59	1
recq	A0A1R4HFK0	bac	427	G	0	0.93	0	0.64	0.65	4.66	1
recq	A0A1T5J490	bac	461	D	0	1.66	0	0.64	0.65	4.75	1
recq	A0A1U7HHK2	bac	442	K	0	10.76	1	0.68	0.68	4.34	0
recq	A0A2P8A0H5	euk	1191	F	1	11.68	0	0.69	0.88	8.36	0
recq	A0A2K5FA03	euk	1165	Q	0	2.01	0	0.77	0.96	6.63	1
recq	A0A2G2W8Q4	euk	970	K	0	11.28	1	0.78	0.93	3.18	0
recq	A0A1M5WI02	bac	529	E	0	11.7	1	0.64	0.66	4.59	0
recq	A0A1Y2K045	bac	475	R	0	1.1	1	0.67	0.7	3.35	1
recq	A0A2P6FGX6	euk	1331	S	0	0.99	1	0.68	0.91	7.75	1
recq	A0A1Y0I7P6	bac	439	K	0	3.27	1	0.8	0.81	3.95	1
recq	A0A1Y1CHA2	bac	514	D	0	19.75	1	0.67	0.67	3.65	0
recq	A0A1Y1WU27	euk	613	Q	0	12.58	1	0.8	0.88	3.4	0
recq	A0A1M6RBA8	bac	446	Q	0	12.46	1	0.78	0.79	2.93	0
recq	A0A1N7MP06	bac	438	E	0	4.06	0	0.65	0.67	3.62	0
recq	A0A1M5Y074	bac	508	R	0	2.6	1	0.7	0.71	3.28	1
pif1	A0A1L7VNC0	ascomycota	398	R	1	7.46	1	0.8	0.97	2.72	0
pif1	A0A9W9WZB3	ascomycota	361	K	1	4.36	1	0.82	0.98	2.67	0
pif1	A0A9W9HYZ6	ascomycota	327	K	1	4.38	1	0.74	0.9	3.51	0
pif1	A0A8H6Z6T2	basidiomycota	226	K	1	4.06	1	0.75	0.87	2.94	0
pif1	A0AA35J0E4	ascomycota	320	S	0	3.78	1	0.7	0.85	3.64	1
pif1	A0A8H6YXU7	basidiomycota	210	G	0	15.31	1	0.75	0.81	2.99	0
pif1	A0A8X7SWK2	basidiomycota	262	K	1	7.45	0	0.78	0.93	2.8	0
pif1	A0A9W9TVT2	ascomycota	298	K	1	5.79	1	0.81	0.96	2.64	0
pif1	A0A9W9NF67	ascomycota	328	K	1	5.78	1	0.74	0.9	3.17	0
pif1	A0A9W4TRY8	ascomycota	251	K	1	7.78	1	0.79	0.9	2.61	0
pif1	A0A1Q5UPN3	ascomycota	327	K	1	4.94	1	0.72	0.88	3.17	0
pif1	A0A9W9XR84	ascomycota	360	K	1	8.53	1	0.77	0.93	3.11	0
pif1	A0A9W9KDN3	ascomycota	370	K	1	4.67	1	0.74	0.91	3.29	0
pif1	A0AA35IR82	ascomycota	324	R	1	3.18	1	0.78	0.94	2.66	1
pif1	A0A9W9JQ30	ascomycota	360	K	1	6.84	1	0.78	0.94	3.13	0
pif1	A0A8X7NC76	basidiomycota	267	K	1	2.87	1	0.83	0.96	2.64	1
pif1	A0A9P3G3Y6	basidiomycota	251	G	0	9.83	1	0.74	0.78	3.43	0
pif1	A0A9P3G2I0	basidiomycota	217	G	0	15.09	1	0.82	0.87	2.16	0
pif1	A0A9W9M2N2	ascomycota	314	K	1	4.91	1	0.78	0.93	3.05	0
pif1	A0A9W9XDN3	ascomycota	257	K	1	18.74	1	0.74	0.89	3.24	0
pif1	A0A1T3CVP8	ascomycota	426	R	1	5.56	1	0.75	0.94	3.58	0
pif1	A0A9W9RW94	ascomycota	350	K	1	5.45	1	0.75	0.92	3.37	0
pif1	A0A9N8MAE1	basidiomycota	262	K	1	8.87	1	0.8	0.94	2.68	0
pif1	A0A9W9PWX5	ascomycota	328	K	1	8.38	1	0.75	0.91	3.24	0
pif1	A0A1U7LSY4	ascomycota	103	K	1	7.38	0	0.68	0.67	4.11	0
pif1	A0A1L7WWW9	ascomycota	491	R	1	5.42	1	0.78	0.97	3.09	0
pif1	A0A1Q8RAQ6	ascomycota	410	R	1	3.87	0	0.77	0.95	3.33	1
pif1	A0A8H7DCL8	basidiomycota	108	N	0	7.87	1	0.74	0.82	2.9	0
pif1	A0A1L9RR32	ascomycota	277	K	1	3.44	1	0.82	0.94	2.69	1
pif1	A0A8H7CZF7	basidiomycota	241	K	1	4.43	1	0.75	0.87	3.43	0
pif1	A0A9W8UIP0	ascomycota	409	R	1	4.0	1	0.81	0.98	2.84	0
pif1	A0A1V6QBT2	ascomycota	312	K	1	4.24	1	0.77	0.92	3.48	0
pif1	A0A9W9FVK9	ascomycota	321	K	1	5.7	1	0.76	0.91	3.37	0
pif1	A0A9W9PGZ8	ascomycota	322	K	1	2.85	1	0.75	0.9	3.14	1
pif1	A0A1Q2YI20	ascomycota	314	R	1	4.96	1	0.71	0.86	3.05	0
pif1	A0AA35JJF7	ascomycota	318	S	0	5.34	1	0.76	0.9	2.47	0
pif1	A0A9W8NAJ3	ascomycota	230	Q	0	7.67	1	0.72	0.87	3.09	0
pif1	A0A9W8N7W2	ascomycota	315	R	1	3.98	1	0.71	0.88	3.7	1
pif1	A0AA38VV67	ascomycota	404	R	1	5.13	1	0.81	1.0	2.58	0
pif1	A0A9W9V6L1	ascomycota	327	K	1	5.48	1	0.72	0.89	3.63	0
pif1	A0A1V6PDM4	ascomycota	368	K	1	4.22	1	0.78	0.94	2.93	0
pif1	A0AA35M823	ascomycota	388	R	1	2.51	1	0.8	0.97	3.28	1
pif1	A0A9X0BA58	ascomycota	377	K	1	6.71	1	0.76	0.94	3.19	0
pif1	A0A9W9RAK9	ascomycota	359	K	1	4.34	1	0.8	0.95	2.86	0
pif1	A0A9W9E386	ascomycota	400	R	1	7.36	1	0.75	0.93	3.12	0
pif1	A0A9W9KB48	ascomycota	327	R	1	2.94	1	0.74	0.91	2.94	1
pif1	A0A9W7SU85	ascomycota	425	R	1	4.11	1	0.79	0.95	3.57	0
pif1	A0AA38R6I5	ascomycota	408	R	1	4.66	1	0.79	0.97	3.4	0
pif1	A0A9P3G4R7	basidiomycota	225	G	0	7.75	1	0.81	0.92	1.83	0
pif1	A0AA35NL61	ascomycota	324	R	1	2.01	1	0.8	0.95	2.39	1
recq	A0AAE3IH70	bac	477	V	0	2.16	1	0.8	0.79	3.53	1
pif1	A0AAD4IFY3	ascomycota	385	R	1	6.41	1	0.72	0.89	3.47	0
pif1	H2AVD6	ascomycota	298	R	1	2.36	1	0.8	0.92	2.86	1
pif1	A0AA39QRC0	ascomycota	443	R	1	2.89	1	0.73	0.88	3.57	1
pif1	A0AAD9T215	ascomycota	497	R	1	6.67	0	0.78	0.98	3.72	0
pif1	A0AAD6BVQ3	ascomycota	327	K	1	7.27	1	0.73	0.9	3.28	0
pif1	A0AAD6H8K2	ascomycota	316	K	1	4.78	1	0.78	0.93	3.08	0
pif1	A0AAD9AKZ3	ascomycota	463	R	1	1.98	0	0.82	1.01	3.04	1
pif1	H0GLS5	ascomycota	324	R	1	4.9	1	0.79	0.94	2.55	0
pif1	A0AAD5BBM1	ascomycota	465	R	1	4.72	1	0.78	0.95	3.25	0
pif1	G8BQC5	ascomycota	439	R	1	6.58	1	0.74	0.88	3.08	0
pif1	A0AAD6MU90	ascomycota	355	K	1	7.18	1	0.77	0.94	2.81	0
pif1	A0AAD9I3P7	ascomycota	115	K	1	6.72	1	0.85	0.9	2.71	0
pif1	A0AAD5BCG9	ascomycota	243	K	1	7.53	1	0.81	0.91	2.01	0
pif1	A0AAD6GIB4	ascomycota	369	K	1	5.08	1	0.84	0.99	2.55	0
pif1	A0AAD6IDC6	ascomycota	354	K	1	5.09	1	0.81	0.98	2.9	0
pif1	G8ZST6	ascomycota	417	R	1	3.33	1	0.82	0.93	1.96	1
pif1	A0AAD5RWL4	ascomycota	472	R	1	2.77	1	0.84	1.02	2.82	1
pif1	G8BSI5	ascomycota	344	K	1	8.39	1	0.73	0.88	3.16	0
pif1	A0AAD9SP23	ascomycota	165	T	0	6.0	1	0.83	0.89	1.58	0
pif1	A0AA39L6U6	ascomycota	435	R	1	5.43	1	0.79	0.98	2.85	0
pif1	A0AA40CH22	ascomycota	443	R	1	2.36	1	0.77	0.95	3.06	1
recq	A0AAD4QM18	euk	909	A	0	1.52	0	0.71	0.86	3.29	1
recq	A0AAD5VI52	euk	906	A	0	7.75	1	0.86	0.97	2.57	0
recq	A0AA91EGB6	bac	446	R	0	1.21	1	0.73	0.74	3.26	1
recq	A0AAD5RUU5	euk	1297	N	0	1.01	1	0.73	0.95	8.25	1
recq	A0AAD2CAG5	euk	972	F	1	2.96	1	0.88	1.04	2.55	1
recq	A0AAD7R0B0	euk	1030	Y	1	2.27	1	0.86	1.02	2.4	1
recq	A0AAD6TDJ9	euk	932	K	0	16.04	1	0.83	0.97	2.38	0
recq	A0AA96JX60	bac	534	R	0	1.0	1	0.71	0.76	4.57	1
recq	A0AAD3DKM2	euk	901	K	0	10.84	1	0.84	0.99	2.56	0
recq	A0AAD4NC42	euk	702	Y	1	4.18	0	0.79	0.91	4.37	0
pif1	C4R0P2	ascomycota	320	R	1	0.64	1	0.79	0.92	2.71	1
pif1	G8BBJ1	ascomycota	242	K	1	7.38	1	0.81	0.91	2.48	0
pif1	C1GI25	ascomycota	365	R	1	3.84	1	0.78	0.95	3.13	1
pif1	A0ABR4DQT9	ascomycota	448	R	1	6.17	1	0.8	0.99	2.95	0
pif1	A0AAD6E3Q9	ascomycota	298	K	1	6.15	1	0.78	0.92	2.94	0
pif1	C5E0W3	ascomycota	242	K	1	9.24	1	0.84	0.93	2.31	0
pif1	C5DS62	ascomycota	332	R	1	3.9	1	0.7	0.87	3.77	1
pif1	G8BK92	ascomycota	369	R	1	4.01	1	0.78	0.94	2.69	0
pif1	E9DY51	ascomycota	494	R	1	6.23	1	0.77	0.98	2.74	0
pif1	G8ZVF0	ascomycota	263	K	1	3.65	1	0.84	0.93	2.19	1
pif1	E9ETX6	ascomycota	390	R	1	5.48	1	0.78	0.95	3.21	0
pif1	C1GVB7	ascomycota	365	R	1	6.92	1	0.78	0.95	3.38	0
pif1	C5DFL7	ascomycota	379	R	1	2.38	1	0.72	0.89	3.55	1
pif1	C5DM92	ascomycota	286	R	1	3.23	1	0.82	0.94	2.14	1
pif1	D4B4E8	ascomycota	347	R	1	4.82	1	0.76	0.93	3.52	0
pif1	C4Y757	ascomycota	221	R	1	5.37	1	0.8	0.9	2.21	0
pif1	F0XHJ8	ascomycota	422	R	1	3.8	1	0.83	0.99	3.5	1
pif1	C5FMN5	ascomycota	348	R	1	4.12	1	0.76	0.92	3.0	0
pif1	F2S1K4	ascomycota	343	R	1	3.3	1	0.77	0.92	3.5	1
pif1	C4YMF4	ascomycota	455	R	1	4.0	0	0.78	0.98	3.58	1
pif1	G0V6X7	ascomycota	359	N	0	6.19	1	0.8	0.95	2.67	0
pif1	E3S321	ascomycota	383	R	1	7.21	1	0.76	0.93	3.42	0
pif1	D4DAK6	ascomycota	347	R	1	2.06	1	0.75	0.91	3.49	1
pif1	G0V5V7	ascomycota	366	R	1	2.18	1	0.78	0.93	2.61	1
pif1	F2T115	ascomycota	347	R	1	2.09	1	0.75	0.91	3.49	1
pif1	F7VS34	ascomycota	509	R	1	3.36	1	0.77	0.96	3.02	1
pif1	G8JWH4	ascomycota	321	K	1	3.71	1	0.75	0.89	3.02	1
pif1	A0ABR4DNY3	ascomycota	436	R	1	5.67	1	0.77	0.95	2.66	0
pif1	A0ABR4MDG3	ascomycota	360	R	1	5.7	1	0.75	0.91	3.39	0
pif1	G1WZ06	ascomycota	522	R	1	6.22	1	0.85	1.04	3.05	0
pif1	G0W9L4	ascomycota	355	R	1	5.71	1	0.83	0.96	2.31	0
pif1	F2QT11	ascomycota	317	R	1	2.36	1	0.81	0.93	2.49	1
pif1	G8YJN4	ascomycota	266	K	1	5.62	1	0.76	0.87	3.19	0
pif1	F2PR25	ascomycota	382	R	1	9.72	1	0.8	0.95	2.86	0
pif1	A0ABR4F3V5	ascomycota	165	T	0	5.57	1	0.82	0.89	1.78	0
pif1	G0WAI2	ascomycota	364	R	1	3.74	1	0.77	0.93	2.51	1
pif1	G3JM88	ascomycota	413	R	1	5.53	1	0.78	0.95	2.81	0
pif1	G4N540	ascomycota	444	R	1	4.64	1	0.77	0.97	2.81	0
pif1	C5MAG5	ascomycota	400	R	1	3.71	1	0.76	0.94	3.7	1
pif1	G0S6L7	ascomycota	391	R	1	8.03	1	0.75	0.93	2.58	0
pif1	C4JUZ0	ascomycota	236	R	1	5.02	1	0.72	0.87	3.67	0
pif1	H0GH54	ascomycota	320	S	0	2.44	1	0.73	0.87	2.57	1
pif1	E3Q2W0	ascomycota	405	R	1	3.62	1	0.75	0.94	3.52	1
pif1	G8Y8Q1	ascomycota	310	R	1	4.98	1	0.74	0.86	3.55	0
pif1	E4V3W1	ascomycota	347	R	1	6.79	1	0.8	0.96	2.84	0
pif1	C4YNB1	ascomycota	191	K	1	9.85	1	0.78	0.86	2.13	0
pif1	C4R014	ascomycota	334	K	1	6.45	1	0.78	0.91	2.57	0
pif1	C5M8S6	ascomycota	208	K	1	6.09	1	0.83	0.92	2.82	0
pif1	G8JMQ5	ascomycota	366	R	1	4.53	1	0.85	0.98	2.65	0
recq	A0AAV5B1F1	bac	468	V	0	10.61	1	0.73	0.74	3.2	0
recq	A0AAU0UN36	bac	461	E	0	1.96	1	0.74	0.74	4.0	1
recq	A0AAU9E3U3	bac	468	M	0	0.9	1	0.71	0.73	3.38	1
recq	A0ABN2I1I5	bac	440	A	0	0.62	1	0.75	0.78	3.4	1
recq	A0ABN2C8H1	bac	485	R	0	2.09	1	0.73	0.77	3.49	1
recq	A0ABD4T3X6	bac	532	L	0	6.52	1	0.78	0.78	2.9	0
recq	A0AAW9R4I3	bac	444	R	0	1.17	1	0.79	0.8	3.13	1
recq	A0AAU9CAC9	bac	424	K	0	6.06	1	0.85	0.84	2.23	0
recq	A0AAW4W2Y6	bac	451	K	0	4.08	1	0.73	0.73	3.91	0
recq	A0AAW9DKT4	bac	526	R	0	5.46	1	0.82	0.83	2.51	0
recq	A0AAW6TT43	bac	482	N	0	5.34	0	0.69	0.71	4.3	0
recq	A0AAU9D4R6	bac	463	V	0	2.4	1	0.65	0.69	5.25	1
recq	A0AAV5N591	bac	446	R	0	1.42	1	0.79	0.79	2.63	1
recq	A0ABM8FN31	bac	509	V	0	7.15	1	0.68	0.69	3.77	0
recq	A0ABT1NAS2	bac	433	R	0	3.43	1	0.7	0.74	3.42	1
recq	A0AAU0MZL6	bac	459	K	0	2.64	1	0.67	0.71	3.78	1
pif1	A0A8H7QRS8	mucoromycota	382	F	0	6.82	1	0.82	0.97	2.43	0
pif1	A0A9N8ZA40	mucoromycota	310	K	1	2.95	1	0.83	0.97	1.88	1
pif1	P38766	ascomycota	320	S	0	2.68	1	0.72	0.87	2.92	1
pif1	A0A1C7NKC8	mucoromycota	379	N	0	5.83	1	0.75	0.91	3.54	0
pif1	A0A2Z6Q637	mucoromycota	298	K	1	8.27	1	0.84	0.96	1.69	0
pif1	A0A0A8L254	ascomycota	296	R	1	2.53	1	0.78	0.92	3.05	1
pif1	A0A0D1ZHZ9	ascomycota	394	R	1	3.6	1	0.76	0.92	2.83	1
pif1	A0A095CAP8	basidiomycota	289	M	0	4.23	1	0.79	0.92	1.68	0
pif1	A0A0B7NVF9	mucoromycota	306	N	0	5.37	1	0.76	0.9	2.66	0
pif1	A0A0A8L495	ascomycota	293	R	1	4.48	1	0.8	0.93	2.62	0
pif1	A0A0F7RVL5	basidiomycota	370	K	1	6.14	1	0.88	1.02	1.75	0
pif1	A0A0C7N9H1	ascomycota	262	R	1	4.22	1	0.83	0.94	1.77	0
pif1	A0A0D6ENE9	basidiomycota	324	K	1	7.73	1	0.85	0.99	2.75	0
pif1	A0A8H4A8B1	mucoromycota	273	D	0	6.85	1	0.74	0.87	3.15	0
pif1	A0A074S981	basidiomycota	264	K	1	4.87	1	0.83	0.94	2.93	0
pif1	A0A0D7BMU1	basidiomycota	220	K	1	13.02	1	0.72	0.84	3.02	0
pif1	P07271	ascomycota	324	R	1	1.98	1	0.75	0.9	2.94	1
pif1	A0A0K6FND2	basidiomycota	646	R	1	2.34	1	0.8	0.82	2.31	1
pif1	A0A0B7FZH9	basidiomycota	252	K	1	6.13	1	0.85	0.96	2.85	0
pif1	A0A0B7N3L9	mucoromycota	381	F	0	6.3	1	0.78	0.94	2.81	0
pif1	A0A0D1DZD7	basidiomycota	343	K	1	7.62	1	0.79	0.94	3.12	0
pif1	A0A8H7RPV3	mucoromycota	303	K	1	4.27	1	0.83	0.96	2.61	0
pif1	A0A8H7S720	mucoromycota	426	S	0	3.6	1	0.72	0.9	3.0	1
pif1	A0ABQ8ESF1	chytridiomycota	442	R	1	11.81	1	0.93	1.04	1.85	0
pif1	A0A086SVX6	ascomycota	380	R	1	7.3	0	0.75	0.92	2.98	0
pif1	A0A084APH7	ascomycota	382	R	1	5.62	1	0.81	0.97	3.05	0
pif1	A0A090CWN8	ascomycota	408	R	1	3.1	1	0.8	0.97	3.33	1
pif1	A0A0A2KQC3	ascomycota	318	K	1	4.07	1	0.84	0.98	2.49	0
pif1	A0A9N8Z8P5	mucoromycota	277	N	0	9.76	1	0.76	0.93	3.04	0
pif1	A0A0D7ANQ6	basidiomycota	92	K	1	7.36	1	0.86	0.87	1.92	0
pif1	A0A0B1PEI0	ascomycota	449	R	1	6.83	1	0.8	0.98	3.04	0
pif1	A0A1C7NS85	mucoromycota	196	M	0	7.85	1	0.91	0.98	1.83	0
pif1	A0A9N8ZJ08	mucoromycota	389	R	1	6.37	1	0.74	0.87	2.67	0
pif1	A0A0B2X4N9	ascomycota	381	K	1	10.7	1	0.77	0.95	2.32	0
pif1	A0A0A1TS53	ascomycota	452	R	1	4.13	1	0.84	1.01	2.78	0
pif1	A0A0C7N4Y2	ascomycota	352	R	1	2.14	1	0.74	0.91	2.8	1
pif1	A0A0B4FVA9	ascomycota	433	R	1	4.44	1	0.78	0.97	3.3	0
pif1	A0A0C4EG66	ascomycota	472	R	1	9.13	1	0.71	0.91	3.8	0
pif1	A0A0C9MZV3	mucoromycota	394	F	0	10.65	1	0.83	0.97	2.18	0
pif1	A0A098E1Q1	ascomycota	449	R	1	2.23	1	0.75	0.94	3.39	1
pif1	A0A0B7G341	basidiomycota	221	G	0	5.78	1	0.7	0.79	3.06	0
pif1	A0A168NJR9	mucoromycota	315	W	0	3.05	1	0.81	0.94	2.81	1
pif1	A0A084QU30	ascomycota	383	R	1	7.58	1	0.78	0.95	3.03	0
pif1	A0A8H7V8V8	mucoromycota	1635	Y	0	10.83	0	0.58	0.66	6.16	0
pif1	A0A074S1G0	basidiomycota	337	K	1	4.25	1	0.76	0.9	2.34	0
pif1	A0A0C3AWH9	basidiomycota	146	H	0	4.45	1	0.71	0.81	4.0	0
pif1	A0A507FMG7	chytridiomycota	335	S	0	7.08	1	0.88	1.01	2.28	0
pif1	A0A8H7Q426	mucoromycota	359	S	0	6.04	1	0.82	0.99	2.46	0
pif1	A0A0D0VFI3	basidiomycota	289	M	0	4.88	1	0.74	0.88	1.93	0
pif1	A0A8H7Q1B8	mucoromycota	179	A	0	8.11	1	0.7	0.8	2.99	0
pif1	A0A9P3UJ47	basidiomycota	187	G	0	12.64	1	0.72	0.78	3.3	0
pif1	A0A1V6U1M2	ascomycota	361	K	1	6.54	1	0.79	0.96	3.21	0
pif1	A0A1V6V0V5	ascomycota	313	K	1	11.44	1	0.76	0.92	3.18	0
pif1	A0A1W2TKN4	ascomycota	397	R	1	6.6	1	0.78	0.95	2.93	0
pif1	A0AAD7TYJ6	basidiomycota	247	K	1	5.84	1	0.8	0.93	3.19	0
pif1	A0AAJ4XLQ0	basidiomycota	343	K	1	5.9	1	0.83	0.97	2.2	0
pif1	A0A1X7R554	ascomycota	355	K	1	4.75	1	0.85	0.98	2.54	0
pif1	A0A9P3US95	basidiomycota	256	K	1	5.19	1	0.78	0.91	2.99	0
pif1	A0A2A9PT09	ascomycota	414	R	1	4.38	0	0.76	0.95	2.7	0
pif1	A0A225ACG2	ascomycota	335	K	1	6.71	1	0.78	0.92	2.94	0
pif1	A0AA38HDX6	basidiomycota	271	K	1	6.26	1	0.78	0.9	4.46	0
pif1	A0A1X7QZ68	ascomycota	386	R	1	7.79	1	0.74	0.91	2.65	0
pif1	A0A2G7FQB8	ascomycota	325	K	1	7.06	1	0.76	0.91	2.71	0
pif1	A0A1V6U152	ascomycota	365	K	1	8.84	1	0.76	0.92	3.06	0
pif1	A0A1V6Z3Y5	ascomycota	361	K	1	6.85	1	0.78	0.95	3.11	0
pif1	A0A1Z5T0V7	ascomycota	496	K	1	6.21	1	0.73	0.93	3.3	0
pif1	A0A2C5XF89	ascomycota	399	R	1	5.06	1	0.77	0.95	3.59	0
pif1	A0AAW0BFE3	basidiomycota	412	K	1	6.38	1	0.69	0.74	4.25	0
pif1	A0A9P3G9Z6	basidiomycota	249	K	1	7.41	1	0.74	0.88	2.83	0
pif1	A0A2B7WVK7	ascomycota	332	R	1	5.62	1	0.78	0.94	3.26	0
pif1	A0A9P8AFI1	basidiomycota	214	R	1	6.49	1	0.77	0.85	3.02	0
pif1	A0A1Y2M700	ascomycota	397	R	1	3.39	1	0.76	0.93	3.46	1
pif1	A0A9P3G5D9	basidiomycota	189	R	1	3.78	1	0.85	0.89	3.03	1
pif1	A0A1W5D893	ascomycota	440	R	1	1.61	0	0.75	0.94	3.58	1
pif1	A0A9Q3CGN2	basidiomycota	328	K	1	4.69	1	0.88	1.02	2.42	0
pif1	A0AAD2HQZ9	basidiomycota	125	K	1	6.17	1	0.78	0.84	2.69	0
pif1	A0AAD3TY69	basidiomycota	285	R	1	4.42	1	0.79	0.92	2.93	0
pif1	A0A2B7X4F7	ascomycota	348	R	1	3.99	1	0.75	0.93	3.52	1
pif1	A0A9Q5HZ83	basidiomycota	239	K	1	6.02	1	0.8	0.91	1.78	0
pif1	A0A2C5WV42	ascomycota	413	R	1	1.66	1	0.79	0.95	2.95	1
pif1	A0A2C5Z3Z6	ascomycota	442	R	1	6.41	1	0.79	0.99	3.01	0
pif1	A0A2H2ZNG2	ascomycota	441	R	1	9.61	1	0.81	1.0	3.33	0
pif1	A0A9P3UKB6	basidiomycota	240	Y	0	14.76	1	0.73	0.82	2.57	0
pif1	A0AAF0Y8C4	basidiomycota	299	M	0	3.9	1	0.8	0.93	2.22	1
pif1	A0A1X7RKD9	ascomycota	418	R	1	11.75	1	0.82	1.0	2.57	0
pif1	A0A9W8ML86	basidiomycota	657	K	1	6.28	1	0.75	0.79	3.31	0
pif1	A0A1V6RZK0	ascomycota	360	K	1	5.01	1	0.81	0.97	2.92	0
pif1	A0A9P3GEL8	basidiomycota	146	T	0	6.2	1	0.79	0.86	2.1	0
pif1	A0AA48QVP0	basidiomycota	304	R	1	2.62	1	0.79	0.93	2.11	1
pif1	A0AAD7TST6	basidiomycota	156	T	0	6.16	1	0.81	0.9	2.82	0
pif1	A0A2D3UXI5	ascomycota	419	K	1	8.65	1	0.82	0.98	3.19	0
pif1	A0A218YVE5	ascomycota	446	R	1	8.89	1	0.88	1.04	2.08	0
pif1	A0AAD7TZE9	basidiomycota	239	G	0	16.08	1	0.84	0.9	2.83	0
pif1	A0A1Z5T4Y1	ascomycota	495	K	1	5.87	1	0.78	0.97	3.4	0
pif1	A0AAD5YMS7	basidiomycota	223	G	0	18.43	1	0.72	0.85	2.81	0
pif1	A0A292Q3K7	ascomycota	457	K	1	5.62	1	0.82	1.0	3.15	0
pif1	A0A9P8AFL8	basidiomycota	126	R	1	5.39	1	0.78	0.86	2.56	0
pif1	A0A1V6RMZ5	ascomycota	316	K	1	5.56	1	0.75	0.9	3.35	0
pif1	A0A9Q3DCC3	basidiomycota	384	R	1	1.59	1	0.84	0.88	3.07	1
pif1	A0AAD5VW10	basidiomycota	222	K	1	5.12	1	0.78	0.88	2.49	0
pif1	A0A9W4RWK1	ascomycota	472	R	1	6.44	1	0.79	0.98	3.21	0
pif1	A0A9W4UE87	ascomycota	459	R	1	3.63	1	0.81	0.99	3.31	1
pif1	A0A9N8P4J7	ascomycota	456	R	1	4.84	0	0.78	0.97	3.06	0
pif1	A0A9P6VJM9	ascomycota	445	R	1	4.82	1	0.82	0.99	3.08	0
pif1	A0A9P7HAM0	ascomycota	396	R	1	3.64	1	0.77	0.94	3.52	1
pif1	A0A9P7UDJ2	ascomycota	443	R	1	4.5	1	0.77	0.95	3.11	0
pif1	A0A9P7IRT1	ascomycota	424	R	1	7.16	1	0.81	0.98	2.95	0
pif1	A0A9P8P3R0	ascomycota	262	S	0	6.49	1	0.75	0.86	3.08	0
pif1	A0A9W4TSQ7	ascomycota	592	K	1	2.7	1	0.73	0.95	3.3	1
pif1	A0A9N9W2U8	ascomycota	426	R	1	3.31	1	0.85	1.02	3.09	1
pif1	A0A9P5H1A3	ascomycota	437	R	1	8.13	1	0.77	0.97	3.73	0
pif1	A0A9P8T4U6	ascomycota	263	S	0	5.13	1	0.74	0.86	2.85	0
pif1	A0A9P4YU51	ascomycota	450	R	1	4.39	1	0.79	0.96	2.41	0
pif1	A0A9Q8QLM5	ascomycota	439	R	1	4.74	1	0.79	0.98	2.96	0
pif1	A0A9P5F6D8	ascomycota	420	R	1	2.11	1	0.82	1.01	3.21	1
pif1	A0A9P5IFU8	ascomycota	475	K	1	5.13	1	0.79	0.98	3.01	0
pif1	A0A9W9HNM9	ascomycota	357	K	1	4.77	1	0.74	0.91	2.97	0
pif1	A0A9Q8SIE6	ascomycota	486	R	1	5.21	1	0.84	1.02	3.27	0
pif1	A0A9P8Q2R3	ascomycota	642	R	1	8.11	1	0.78	1.0	2.68	0
pif1	A0A9P3CP80	ascomycota	508	K	1	7.41	1	0.77	0.98	3.12	0
pif1	A0A9P8M8W8	ascomycota	390	R	1	7.51	1	0.78	0.95	3.98	0
pif1	A0A9Q9EGB7	ascomycota	427	R	1	4.33	1	0.81	1.0	2.74	0
pif1	A0A9P8TS07	ascomycota	440	R	1	7.9	1	0.78	0.97	3.5	0
pif1	A0A9Q0AR35	ascomycota	425	R	1	5.54	1	0.78	0.97	3.08	0
pif1	A0A9P8KRB0	ascomycota	428	R	1	3.37	1	0.81	0.99	3.06	1
pif1	A0A9P6I5L3	ascomycota	418	R	1	3.3	1	0.8	0.98	3.02	1
pif1	A0A9P0QRK9	ascomycota	334	A	0	4.95	1	0.81	0.95	2.83	0
pif1	A0A9P8PN42	ascomycota	399	R	1	4.58	1	0.75	0.94	2.88	0
pif1	A0A9P8Q4R9	ascomycota	285	N	0	5.92	1	0.82	0.94	2.03	0
pif1	A0A9W9GHH5	ascomycota	363	K	1	5.6	1	0.77	0.94	3.23	0
pif1	A0A9P5HJJ0	ascomycota	494	K	1	9.27	1	0.79	0.76	2.96	0
pif1	A0A9N9YLT0	ascomycota	388	R	1	2.64	1	0.81	0.98	3.3	1
pif1	A0A9P4X3G5	ascomycota	430	R	1	7.73	1	0.78	0.96	3.2	0
pif1	A0A9N8P9K6	ascomycota	492	R	1	4.64	0	0.77	0.94	3.65	0
pif1	A0A9W6SUB1	ascomycota	568	R	1	4.93	1	0.74	0.89	2.87	0
pif1	A0A9W7DE56	ascomycota	353	R	1	6.22	1	0.72	0.86	3.08	0
pif1	A0A9P9XX88	ascomycota	372	R	1	3.94	1	0.79	0.97	2.69	1
pif1	A0A9P8PWM7	ascomycota	341	R	1	5.89	1	0.7	0.79	3.59	0
pif1	A0A8J8WMJ2	ascomycota	327	K	1	5.09	1	0.77	0.93	2.96	0
pif1	A0A8J5QH60	ascomycota	303	R	1	6.38	1	0.8	0.91	2.77	0
pif1	A0A9P8NYE8	ascomycota	349	R	1	5.82	1	0.79	0.87	2.09	0
pif1	A0A9P8F6U8	ascomycota	481	R	1	6.98	1	0.75	0.94	3.1	0
pif1	A0A9P8TBX6	ascomycota	278	K	1	3.56	1	0.79	0.91	2.78	1
pif1	A0A8J2T8D0	ascomycota	243	G	0	7.19	1	0.86	0.95	2.82	0
pif1	A0A9Q8LAV6	ascomycota	498	R	1	6.7	1	0.77	0.98	2.28	0
pif1	A0A9P9XSS9	ascomycota	397	R	1	3.93	1	0.8	0.97	3.39	1
pif1	A0A9P5AP51	ascomycota	395	R	1	4.41	1	0.82	0.99	2.92	0
pif1	A0A9P0QU44	ascomycota	300	K	1	7.53	1	0.85	0.96	2.87	0
pif1	A0A9P8SF62	ascomycota	362	R	1	5.71	1	0.76	0.95	2.95	0
pif1	A0A8H8D8N2	ascomycota	242	K	1	7.38	1	0.86	0.95	1.96	0
recq	A0A1Y1WQ37	euk	481	R	0	15.3	0	0.65	0.77	8.99	0
recq	A0A1T5CYS7	bac	431	Q	0	2.61	1	0.65	0.66	5.73	1
recq	A0A232EYZ7	euk	974	E	0	2.21	1	0.83	0.97	3.73	1
recq	A0A1J1E810	bac	453	S	0	1.3	1	0.7	0.7	3.15	1
recq	A0A2G5DBM6	euk	941	K	0	11.85	1	0.79	0.94	3.52	0
recq	A0A1Y1W227	euk	1060	K	0	6.0	1	0.84	1.01	2.13	0
recq	A0A1Y2I3R0	euk	798	R	0	13.3	1	0.87	1.03	2.94	0
recq	A0A286UV78	euk	1183	K	0	5.14	1	0.86	0.93	2.62	0
recq	A0A1M4XQ64	bac	426	L	0	3.1	1	0.64	0.64	5.38	1
recq	A0A1Y2B2Q1	euk	887	R	0	6.73	1	0.82	0.98	3.21	0
recq	A0A1L9QUZ5	bac	513	R	0	9.17	1	0.76	0.75	2.81	0
recq	A0A1Q2MGQ7	bac	446	D	0	1.38	1	0.76	0.76	3.08	1
recq	A0A267E418	euk	1063	N	0	16.44	1	0.87	1.02	3.18	0
recq	A0A1L3GRT7	bac	462	E	0	5.49	1	0.71	0.72	4.0	0
recq	A0A1Y2F0I3	euk	1045	F	1	2.95	1	0.77	0.95	4.57	1
recq	A0A1X2IEX8	euk	985	V	0	16.16	1	0.82	0.98	2.27	0
recq	A0A1M5SR35	bac	466	K	0	11.61	0	0.67	0.67	4.99	0
recq	A0A1M4Y951	bac	440	R	0	1.88	0	0.62	0.61	7.03	1
recq	A0A261Y0B2	euk	1172	K	0	12.81	1	0.7	0.83	4.98	0
recq	A0A232LY13	euk	1184	N	0	15.98	1	0.83	0.99	2.93	0
recq	A0A1Y1S853	euk	809	K	0	14.1	1	0.84	0.97	2.51	0
recq	A0A1Y1U888	euk	941	K	0	14.96	1	0.79	0.95	4.39	0
recq	A0A1Y1IA94	euk	465	K	0	1.35	0	0.65	0.75	8.14	1
recq	A0A1Y1ZP50	euk	1339	V	0	1.33	1	0.67	0.89	9.21	1
recq	A0A9P4V313	euk	1316	M	0	1.72	1	0.66	0.88	8.89	1
recq	A0A8D5G8Q3	bac	436	V	0	8.61	1	0.82	0.82	2.45	0
recq	A0A8J8MMX0	bac	441	K	0	2.78	1	0.7	0.7	3.88	1
recq	A0A8G2F464	bac	508	F	1	10.88	1	0.72	0.76	4.8	0
recq	A0A8J7CAF4	bac	465	D	0	11.62	1	0.76	0.76	2.89	0
recq	A0A9P4S589	euk	512	F	1	1.49	1	0.77	0.83	2.38	1
recq	A0A8J2VM20	bac	483	A	0	0.56	0	0.66	0.68	4.23	1
recq	A0A8J7PYK5	bac	465	T	0	3.2	1	0.78	0.78	2.2	1
recq	A0A9N9C4D3	euk	935	K	0	2.44	1	0.76	0.8	3.46	1
recq	A0A8J2V6S6	bac	458	E	0	4.78	1	0.77	0.8	2.63	0
recq	A0A9P4LUW4	euk	489	L	0	6.91	1	0.84	0.88	2.81	0
recq	A0A8J7ABZ7	bac	454	K	0	13.93	1	0.7	0.7	4.94	0
recq	A0A8J2ZED7	bac	440	D	0	3.35	1	0.75	0.77	3.47	1
recq	A0A9P4IEH5	euk	573	F	1	1.93	1	0.78	0.9	2.92	1
recq	A0A9P4J4N6	euk	519	F	1	5.66	1	0.81	0.82	2.17	0
recq	A0A8J7B7I7	bac	488	R	0	6.09	1	0.69	0.68	4.31	0
recq	A0A8J6QEZ7	bac	520	R	0	13.98	1	0.8	0.79	2.56	0
recq	A0A9L0S401	euk	1158	S	0	2.84	1	0.78	0.99	5.36	1
recq	A0A915U1I5	bac	434	Y	1	1.34	1	0.63	0.65	4.34	1
recq	A0A8J3CPH0	bac	442	R	0	1.66	1	0.83	0.85	2.19	1
recq	A0A9P4Q3A6	euk	1161	Q	0	0.38	0	0.69	0.88	7.24	1
recq	A0A9P4NXV9	euk	1237	F	1	1.42	0	0.73	0.94	5.09	1
recq	A0A9N7NRP4	euk	907	K	0	9.96	1	0.81	0.94	3.52	0
recq	A0A9P4JKY7	euk	1007	Q	0	1.49	1	0.76	0.94	3.92	1
recq	A0A9P0FH81	euk	487	G	0	2.72	0	0.72	0.79	3.36	1
recq	A0A9E7GAA4	euk	963	K	0	9.33	0	0.85	0.99	3.07	0
recq	A0A9J2Q3A3	euk	838	Y	1	2.84	1	0.77	0.93	3.92	1
recq	A0A9J7E9U5	euk	1083	R	0	2.65	0	0.81	0.95	4.1	1
recq	A0A8S8XEK1	bac	514	V	0	2.7	1	0.76	0.77	3.2	1
recq	A0A8J3IRD1	bac	446	K	0	6.99	1	0.63	0.65	6.66	0
recq	A0A7J7LA00	euk	952	A	0	9.08	1	0.85	0.99	2.88	0
recq	A0A6J2XHB5	euk	987	F	1	3.34	0	0.83	0.94	2.83	1
recq	A0A6G1K3N5	euk	1308	R	0	18.79	0	0.69	0.91	7.23	0
recq	A0A6A6WSM6	euk	1280	K	0	9.19	1	0.74	0.95	6.62	0
recq	A0A6P8CZS6	euk	927	K	0	12.34	1	0.76	0.9	3.63	0
recq	A0A6G1H3K3	euk	612	R	0	16.37	0	0.79	0.94	2.6	0
recq	A0A6A6JQK6	euk	1377	F	1	4.95	0	0.7	0.9	7.71	0
recq	A0A7J7CHG9	euk	908	K	0	10.43	0	0.76	0.91	4.5	0
recq	A0A6A6R986	euk	1307	K	0	2.46	1	0.7	0.91	6.26	1
recq	A0A6A6WDA4	euk	1328	F	1	2.34	1	0.74	0.95	5.24	1
recq	A0A6A6TGQ4	euk	1363	G	0	13.4	1	0.79	0.98	4.98	0
recq	A0A6G1G006	euk	517	K	0	6.38	1	0.8	0.89	3.23	0
recq	A0A7C8I9U5	euk	1322	N	0	0.98	0	0.68	0.9	8.07	1
recq	A0A7L2AGV0	euk	1013	T	0	2.96	1	0.78	0.97	4.85	1
recq	A0A6A7C4F0	euk	1015	R	0	17.73	1	0.71	0.87	5.05	0
recq	A0A6G0X0I9	euk	1003	M	0	3.7	1	0.69	0.81	6.07	1
recq	A0A6A6AG63	euk	1292	Q	0	2.12	1	0.69	0.9	7.47	1
recq	A0A4Q9VYY3	bac	497	R	0	6.03	1	0.81	0.82	2.42	0
recq	A0A4V2PSQ1	bac	508	V	0	14.89	1	0.77	0.77	2.96	0
recq	A0A4R2PFB7	bac	495	F	1	7.24	1	0.8	0.8	2.96	0
recq	A0A4R3LPU2	bac	503	H	1	6.76	1	0.82	0.84	2.91	0
recq	A0A699ZZC3	euk	410	S	0	3.08	1	0.73	0.85	4.94	1
recq	A0A6A6DDD4	euk	1356	F	1	5.8	1	0.75	0.95	4.59	0
recq	A0A6A5T7E4	euk	1394	P	0	16.92	0	0.73	0.94	7.07	0
recq	A0A4R1RC46	bac	442	K	0	4.32	1	0.77	0.77	3.62	0
recq	A0A4R6XG62	bac	464	R	0	6.23	1	0.71	0.7	4.33	0
recq	A0A6A1WM88	euk	476	R	0	1.73	0	0.67	0.74	4.67	1
recq	A0A6A5ZQ49	euk	1318	F	1	1.95	0	0.72	0.92	5.59	1
recq	A0A4R1MZM1	bac	440	N	0	3.77	1	0.65	0.67	3.62	1
recq	A0A518EUA6	bac	546	A	0	5.76	1	0.71	0.77	4.1	0
recq	A0A4R3JWX5	bac	445	K	0	3.0	1	0.75	0.77	3.38	1
recq	A0A6A5WPR3	euk	1345	F	1	3.54	0	0.71	0.92	6.11	1
recq	A0A6A6HH51	euk	1297	F	1	3.0	0	0.72	0.92	4.06	1
recq	A0A6A6BKP3	euk	540	T	0	2.28	1	0.8	0.91	2.63	1
pif1	A0A084GDF4	ascomycota	1508	R	1	4.16	1	0.73	0.89	4.23	0
pif1	A0A423X8J6	ascomycota	335	R	1	5.72	1	0.78	0.94	3.21	0
pif1	A0A015KD19	mucoromycota	148	K	1	3.57	1	0.83	0.86	2.25	1
pif1	Q9UUA2	ascomycota	400	K	1	12.13	1	0.74	0.91	3.21	0
pif1	A0A261Y8L7	mucoromycota	674	S	0	10.7	1	0.69	0.73	3.8	0
pif1	J4G0H3	basidiomycota	237	K	1	4.42	1	0.74	0.86	2.13	0
pif1	A0A420HI51	ascomycota	465	R	1	4.84	1	0.78	0.97	3.12	0
pif1	A0A423XFI1	ascomycota	350	R	1	2.6	1	0.86	1.02	1.71	1
pif1	A0A420HWK8	ascomycota	492	R	1	6.01	1	0.83	1.01	2.97	0
pif1	E7A0V7	basidiomycota	363	K	1	2.9	1	0.86	1.0	2.97	1
pif1	A0A010SLY8	ascomycota	484	R	1	5.16	1	0.8	1.0	2.61	0
pif1	G4TC19	basidiomycota	149	K	1	3.5	1	0.76	0.84	2.35	1
pif1	A0A448YPH1	ascomycota	229	K	1	9.86	1	0.73	0.83	2.58	0
pif1	A0A3E2GT96	ascomycota	481	R	1	4.08	1	0.83	1.01	2.59	0
pif1	G4TCR9	basidiomycota	271	K	1	4.5	1	0.8	0.94	2.84	0
pif1	J4H1T8	basidiomycota	203	G	0	8.18	1	0.72	0.78	2.69	0
pif1	A0A060SCN9	basidiomycota	156	T	0	4.68	1	0.79	0.88	2.08	0
pif1	A0A0A2KKZ8	ascomycota	318	K	1	5.06	1	0.85	0.99	2.32	0
pif1	A0A060SM94	basidiomycota	244	K	1	6.79	1	0.78	0.91	2.87	0
pif1	A0A0B7G372	basidiomycota	341	R	1	7.69	1	0.71	0.85	3.29	0
pif1	J9VZB8	basidiomycota	289	L	0	3.83	1	0.75	0.89	2.22	1
pif1	A0A3D8QMU0	ascomycota	332	K	1	3.17	1	0.78	0.93	2.92	1
pif1	A0A067Q5M5	basidiomycota	268	K	1	8.42	1	0.88	0.99	2.41	0
pif1	K1WDM8	basidiomycota	264	K	1	5.22	1	0.83	0.94	2.95	0
pif1	A0A423WMC8	ascomycota	199	K	1	1.82	1	0.84	0.93	2.08	1
pif1	A0A3D8T9P5	ascomycota	492	K	1	4.71	1	0.81	0.98	2.64	0
pif1	A0A448YGA8	ascomycota	372	R	1	4.87	1	0.75	0.86	3.16	0
pif1	A0A401KJ13	ascomycota	331	K	1	5.43	1	0.75	0.9	3.39	0
pif1	Q9H611	human	290	R	1	8.68	1	0.81	0.87	3.12	0
pif1	I2G1B8	basidiomycota	354	K	1	6.34	1	0.8	0.96	2.95	0
pif1	M7X6D4	basidiomycota	291	K	1	8.17	1	0.81	0.94	3.13	0
pif1	A0A484FKH5	ascomycota	684	R	1	2.47	1	0.84	0.97	3.33	1
pif1	J9W1Z3	basidiomycota	304	S	0	3.43	1	0.74	0.85	3.29	1
pif1	A0A507E7A0	chytridiomycota	339	G	0	8.21	1	0.83	0.98	2.56	0
pif1	A0A066XBE3	ascomycota	410	R	1	5.57	1	0.78	0.97	2.76	0
pif1	R9AGB8	basidiomycota	233	R	1	6.08	1	0.83	0.92	2.38	0
pif1	A0A420Y4N6	ascomycota	457	R	1	4.67	1	0.77	0.96	2.95	0
pif1	A0A022Y865	ascomycota	347	R	1	7.32	1	0.76	0.92	3.29	0
pif1	A0A3N4JMV7	ascomycota	305	K	1	6.21	1	0.79	0.93	2.7	0
pif1	Q5KCW7	basidiomycota	304	A	0	7.16	1	0.78	0.87	2.52	0
pif1	A0A015N2M8	mucoromycota	306	K	1	8.99	1	0.8	0.92	2.52	0
pif1	A0A423XK23	ascomycota	161	T	0	6.61	1	0.82	0.89	1.95	0
pif1	G7DW84	basidiomycota	329	R	1	6.47	1	0.84	0.99	2.82	0
pif1	A0A437A639	ascomycota	470	R	1	8.19	1	0.77	0.95	2.95	0
pif1	Q5KKJ1	basidiomycota	289	M	0	4.5	1	0.77	0.9	2.05	0
pif1	J4I8G7	basidiomycota	153	T	0	5.98	1	0.8	0.89	2.23	0
pif1	G7DW85	basidiomycota	332	R	1	6.27	1	0.87	1.02	2.61	0
pif1	A0A0L0HTH8	chytridiomycota	315	A	0	6.43	1	0.88	1.01	2.18	0
pif1	A0A081CCF7	basidiomycota	431	K	1	4.4	1	0.78	0.96	3.3	0
pif1	R7RYN2	basidiomycota	248	K	1	11.03	1	0.77	0.9	2.05	0
recq	A0A2T5IB84	bac	434	Q	0	2.88	0	0.7	0.71	3.32	1
recq	A0A2P7QFF5	bac	477	D	0	4.42	1	0.67	0.71	3.59	0
recq	A0A2T0QEH6	bac	458	K	0	2.61	1	0.77	0.78	4.16	1
recq	A0A2L2XFV9	bac	527	A	0	2.73	1	0.68	0.7	3.98	1
recq	A0A2P2E9Q6	bac	471	K	0	10.42	1	0.84	0.83	3.0	0
recq	A0A2S8SS64	bac	571	K	0	1.78	1	0.67	0.7	3.71	1
recq	A0A2S6N4S9	bac	460	K	0	5.34	1	0.8	0.82	3.74	0
recq	A0A2S6I9X4	bac	435	K	0	1.75	1	0.73	0.74	3.61	1
recq	A0A2S8B147	bac	460	K	0	1.99	1	0.75	0.77	4.23	1
recq	A0A2S7U294	bac	435	I	0	11.56	1	0.68	0.7	5.31	0
recq	A0A2T0K7F4	bac	486	Q	0	6.96	1	0.69	0.82	6.61	0
recq	A0A2N3IHP7	bac	516	P	0	11.42	1	0.69	0.7	2.85	0
recq	A0A2K9P3A5	bac	451	N	0	3.04	1	0.7	0.71	3.79	1
recq	A0A2N6K3U4	bac	516	L	0	7.42	1	0.79	0.77	2.71	0
recq	A0A2T1HPP3	bac	469	Q	0	2.49	1	0.72	0.74	3.53	1
recq	A0A2T4TXS8	bac	461	R	0	9.09	1	0.68	0.71	3.02	0
recq	A0A2S0P709	bac	432	N	0	7.06	1	0.77	0.77	3.02	0
recq	A0A2P7N1Z4	bac	521	R	0	7.32	1	0.69	0.72	3.69	0
recq	A0A2T4I8M9	bac	475	E	0	7.62	1	0.74	0.76	3.81	0
recq	A0A2K9NPR6	bac	438	K	0	2.58	1	0.76	0.76	2.87	1
recq	A0A7U2FAB0	euk	1339	K	0	1.3	0	0.67	0.89	8.39	1
recq	A0A7N5JDP2	euk	1006	R	0	1.08	0	0.64	0.77	7.08	1
recq	A0A7N8XRY0	euk	773	N	0	1.03	1	0.74	0.87	3.63	1
recq	A0A6P8XT68	euk	557	K	0	3.01	0	0.66	0.76	8.87	1
recq	A0A834LAL0	euk	910	K	0	12.48	1	0.7	0.86	2.86	0
recq	A0A819Z500	euk	771	E	0	1.21	1	0.72	0.84	6.25	1
recq	A0A835Z5K7	euk	528	R	0	2.35	0	0.61	0.69	6.76	1
recq	A0A6P5IRM5	euk	1204	Q	0	1.2	0	0.76	0.97	5.19	1
recq	A0A851UT55	euk	902	Q	0	3.21	1	0.78	0.95	4.62	1
recq	A0A8B7N5G8	euk	568	W	1	1.03	0	0.8	0.95	2.34	1
recq	A0A7M4E150	euk	1162	M	0	2.22	0	0.72	0.94	6.6	1
pif1	A0A0D2AM31	ascomycota	733	R	1	5.27	1	0.81	1.01	2.91	0
pif1	A0A0K6G7K7	basidiomycota	261	K	1	8.42	1	0.78	0.91	2.65	0
pif1	A0A0H2RNB9	basidiomycota	90	R	1	5.35	1	0.8	0.83	1.89	0
pif1	A0A0K6G754	basidiomycota	719	Q	0	7.24	1	0.7	0.73	3.01	0
pif1	A0A9N9HM59	mucoromycota	214	D	0	8.65	1	0.8	0.89	2.37	0
pif1	A0A9N9DSD6	mucoromycota	240	R	1	3.73	1	0.83	0.92	2.68	1
pif1	A0A0H2S6Y4	basidiomycota	95	G	0	5.38	1	0.82	0.88	1.61	0
pif1	A0A0P1BIQ6	basidiomycota	303	R	1	4.18	1	0.87	0.99	2.64	0
pif1	A0A0K3C6U0	basidiomycota	304	K	1	9.3	1	0.84	0.97	1.86	0
pif1	A0A9P3HKJ7	mucoromycota	725	S	0	11.09	1	0.78	0.98	3.68	0
pif1	A0A0K6G747	basidiomycota	330	K	1	8.17	1	0.74	0.89	3.34	0
pif1	A0A9P3HK44	mucoromycota	579	S	0	6.08	1	0.86	1.02	3.49	0
pif1	A0A9P7BV71	mucoromycota	372	Y	0	10.56	1	0.78	0.93	3.2	0
pif1	A0A0K6GA87	basidiomycota	146	D	0	6.18	1	0.81	0.85	2.84	0
pif1	A0A0D8JVN0	ascomycota	307	R	1	4.36	1	0.77	0.93	2.66	0
pif1	A0A0E9NJD1	ascomycota	515	K	1	5.55	1	0.77	0.95	2.84	0
pif1	A0A9N9IT00	mucoromycota	216	D	0	6.96	1	0.77	0.88	2.31	0
pif1	A0A0L6V131	basidiomycota	296	K	1	8.53	1	0.89	1.02	2.5	0
pif1	A0A177TH00	basidiomycota	265	K	1	5.02	1	0.81	0.94	3.36	0
pif1	A0A9P3HK37	mucoromycota	700	F	0	4.66	1	0.83	1.04	3.8	0
pif1	A0A9P6YYP4	mucoromycota	371	Y	0	10.41	1	0.75	0.91	2.92	0
pif1	A0A0L0V172	basidiomycota	214	R	1	4.16	1	0.9	1.01	1.76	0
pif1	A0A9P3HAH0	mucoromycota	244	A	0	8.82	1	0.77	1.0	4.19	0
pif1	A0A0D2HCP1	ascomycota	348	R	1	14.22	1	0.75	0.91	2.69	0
pif1	A0A177V7P0	basidiomycota	262	K	1	8.68	1	0.8	0.94	3.24	0
pif1	A0A0D2J3X0	ascomycota	343	R	1	3.45	1	0.76	0.92	2.67	1
pif1	A0A180GTA2	basidiomycota	286	R	1	9.84	1	0.86	0.99	2.42	0
pif1	A0A0D9NSG7	ascomycota	390	R	1	8.03	1	0.75	0.94	3.54	0
pif1	A0A9P3HF53	mucoromycota	519	K	1	10.3	1	0.77	0.98	3.09	0
pif1	A0A0D2IYR0	ascomycota	338	R	1	4.98	1	0.79	0.94	2.37	0
pif1	A0A0D2H657	ascomycota	341	R	1	4.56	1	0.76	0.92	2.96	0
pif1	A0A0D2CU01	ascomycota	368	R	1	8.1	1	0.75	0.91	2.59	0
pif1	A0A0F4GSW0	ascomycota	471	R	1	7.95	1	0.78	0.98	3.0	0
recq	A0A317ZM88	bac	442	L	0	6.32	0	0.66	0.67	4.43	0
recq	A0A368N7F3	bac	453	E	0	2.9	0	0.73	0.74	2.71	1
recq	A0A366FPF1	bac	468	R	0	3.14	1	0.69	0.7	4.1	1
recq	A0A367XG13	bac	455	K	0	2.09	1	0.75	0.76	2.91	1
recq	A0A330LU72	bac	444	R	0	1.57	1	0.66	0.68	3.03	1
recq	A0A326U8P6	bac	430	S	0	18.12	1	0.74	0.73	2.98	0
recq	A0A345UNQ0	bac	438	K	0	3.94	1	0.64	0.65	4.86	1
recq	A0A328C4V4	bac	539	H	1	2.07	0	0.69	0.7	3.39	1
recq	A0A317T5X7	bac	458	K	0	2.6	1	0.74	0.76	3.25	1
recq	A0A366HCH9	bac	594	E	0	10.59	0	0.65	0.7	5.8	0
pif1	H2AZM3	ascomycota	309	R	1	7.7	1	0.8	0.93	2.31	0
pif1	J5JW44	ascomycota	405	R	1	2.04	1	0.77	0.95	3.19	1
pif1	J6EEG6	ascomycota	318	S	0	4.99	1	0.77	0.9	2.63	0
pif1	J3NIB7	ascomycota	372	R	1	7.06	1	0.73	0.9	3.04	0
pif1	H8WVI4	ascomycota	242	K	1	2.17	1	0.84	0.94	2.69	1
pif1	J7S460	ascomycota	316	R	1	4.48	1	0.79	0.93	3.35	0
pif1	B9WKK1	ascomycota	187	K	1	10.7	1	0.8	0.88	1.9	0
pif1	H6BKX2	ascomycota	354	R	1	7.88	1	0.77	0.93	2.53	0
pif1	I2H165	ascomycota	310	K	1	11.49	1	0.82	0.94	2.45	0
pif1	H8XAL7	ascomycota	505	R	1	4.29	1	0.74	0.93	3.28	0
recq	H6SJH5	bac	575	A	0	16.27	0	0.71	0.77	3.87	0
recq	H6LKN8	bac	464	R	0	2.39	0	0.63	0.66	6.65	1
recq	H5TEM7	bac	444	N	0	6.72	1	0.63	0.63	5.32	0
recq	H0EB31	bac	608	Y	1	6.14	1	0.77	0.79	2.2	0
recq	H9UK99	bac	463	S	0	7.03	1	0.66	0.71	4.08	0
recq	K0B373	bac	438	N	0	2.41	0	0.68	0.67	7.2	1
recq	K1MF24	bac	428	Q	0	14.05	1	0.7	0.69	3.69	0
recq	K2K1Q1	bac	445	H	1	7.57	1	0.83	0.82	2.01	0
recq	I3CBK8	bac	485	H	1	2.98	0	0.64	0.66	4.45	1
recq	I4AQK9	bac	514	K	0	19.0	1	0.68	0.69	3.3	0
recq	I0IE31	bac	556	V	0	4.82	0	0.7	0.72	3.3	0
recq	K9W4C4	bac	465	E	0	7.06	1	0.74	0.75	3.25	0
recq	L8N4U5	bac	504	R	0	2.47	1	0.65	0.69	5.64	1
recq	H1DGQ4	bac	527	N	0	14.24	1	0.68	0.69	3.38	0
recq	K0YJX6	bac	607	K	0	6.78	1	0.76	0.82	3.54	0
pif1	A0A2V1AIT0	ascomycota	255	K	1	7.22	0	0.68	0.66	5.64	0
pif1	A0ABR1QZN4	ascomycota	129	K	1	7.91	1	0.84	0.89	1.97	0
pif1	A0ABP1DQU6	basidiomycota	83	T	0	4.57	1	0.79	0.86	1.86	0
pif1	A0ABR0HK82	ascomycota	473	R	1	3.31	1	0.77	0.96	3.15	1
pif1	A0ABQ7RSC4	ascomycota	341	R	1	3.81	1	0.73	0.81	3.2	1
pif1	A0ABQ7IPQ8	ascomycota	476	K	1	11.22	0	0.77	0.97	3.05	0
pif1	A0ABR1RLE4	ascomycota	400	R	1	6.19	1	0.75	0.94	2.98	0
pif1	A0ABR0SAG8	ascomycota	415	R	1	6.38	1	0.8	0.98	3.21	0
pif1	A0ABQ9SFB4	ascomycota	397	R	1	7.36	1	0.79	0.97	3.29	0
pif1	A0ABP1DT00	basidiomycota	145	T	0	2.3	1	0.8	0.88	2.29	1
pif1	A0ABQ7S1B0	ascomycota	262	S	0	7.59	1	0.75	0.87	3.23	0
pif1	A0ABR2V6U6	ascomycota	453	R	1	8.05	1	0.79	0.98	2.69	0
pif1	A0ABP1DQJ8	basidiomycota	145	T	0	4.47	1	0.82	0.89	2.67	0
pif1	A0ABR5B432	basidiomycota	304	A	0	6.89	1	0.8	0.89	2.15	0
pif1	A0ABR1PTT1	ascomycota	462	R	1	7.72	1	0.77	0.97	3.33	0
pif1	A0ABQ9PW01	ascomycota	397	R	1	3.82	1	0.75	0.94	2.86	1
pif1	A0ABR3P4W3	ascomycota	448	R	1	6.73	1	0.77	0.96	3.18	0
pif1	A0A2S4L8F3	ascomycota	390	R	1	5.26	1	0.82	0.99	2.89	0
pif1	A0ABR2HLJ4	ascomycota	455	R	1	6.33	1	0.82	1.01	2.94	0
pif1	A0ABR1UF14	ascomycota	452	R	1	3.8	1	0.78	0.97	3.15	1
pif1	A0ABQ7RA53	ascomycota	262	S	0	6.91	1	0.79	0.9	2.66	0
pif1	A0A2S4Q1N6	ascomycota	475	R	1	6.51	1	0.75	0.94	3.37	0
pif1	A0A2U3EBL3	ascomycota	530	R	1	5.19	1	0.78	1.01	3.33	0
pif1	A0ABQ1A1P2	ascomycota	329	R	1	3.21	1	0.76	0.92	2.95	1
pif1	A0ABR0H0U4	ascomycota	473	R	1	5.98	1	0.79	0.98	3.36	0
pif1	A0ABR3Y3X8	ascomycota	394	R	1	4.42	1	0.79	0.93	2.78	0
pif1	A0ABP0ZI86	ascomycota	270	S	0	8.33	1	0.84	0.95	1.89	0
pif1	A0A2S6CBW7	ascomycota	508	K	1	7.38	1	0.79	0.99	3.26	0
pif1	A0A2T4GQX9	ascomycota	433	R	1	5.67	1	0.77	0.95	3.09	0
pif1	A0ABR1RWV5	ascomycota	461	R	1	7.38	1	0.79	0.97	3.15	0
pif1	A0ABR2XV60	ascomycota	451	R	1	3.92	1	0.78	0.96	2.55	1
pif1	A0A2T0FMF4	ascomycota	268	Y	0	7.36	1	0.86	0.99	2.14	0
pif1	A0ABR0G3Y6	ascomycota	473	R	1	5.43	1	0.79	0.98	3.12	0
pif1	A0A2P7YYZ7	ascomycota	255	K	1	1.98	1	0.75	0.77	3.33	1
pif1	A0A2P7Z3W1	ascomycota	432	R	1	5.37	1	0.8	0.97	2.7	0
pif1	A0ABQ0M0T4	basidiomycota	1388	K	1	5.36	0	0.73	0.9	3.8	0
pif1	A0ABR1X8H1	ascomycota	129	K	1	6.66	1	0.84	0.89	1.62	0
pif1	A0ABR0F5M0	ascomycota	473	R	1	2.03	1	0.8	0.98	2.94	1
pif1	A0ABR1VZW9	ascomycota	380	R	1	6.98	0	0.73	0.92	2.92	0
pif1	A0ABP1E5U8	basidiomycota	231	K	1	6.87	1	0.88	0.99	2.01	0
pif1	A0ABQ8N742	ascomycota	444	R	1	3.76	1	0.78	0.96	2.95	1
pif1	A0ABQ0L4N8	basidiomycota	1539	K	1	6.94	0	0.64	0.65	5.14	0
pif1	A0ABR3VRV6	ascomycota	401	R	1	5.18	1	0.73	0.91	3.78	0
pif1	A0ABQ8WGQ7	ascomycota	318	K	1	2.64	1	0.8	0.94	2.86	1
pif1	A0A2V1AQV1	ascomycota	261	R	1	4.5	1	0.73	0.77	3.68	0
pif1	A0ABR3DMS4	ascomycota	504	R	1	2.33	0	0.76	0.96	3.09	1
pif1	A0ABR0TKY5	ascomycota	514	R	1	7.87	1	0.84	1.02	1.67	0
pif1	A0AAX4HF17	ascomycota	262	R	1	6.3	1	0.73	0.84	2.32	0
pif1	A0ABR1X8Q2	ascomycota	370	R	1	0.88	1	0.77	0.95	3.19	1
pif1	A0ABR4D136	ascomycota	534	R	1	5.03	1	0.79	0.99	3.21	0
pif1	A0AAV5RS12	ascomycota	183	K	1	3.14	1	0.77	0.94	2.68	1
pif1	A0ABP0EFL8	ascomycota	429	R	1	8.15	1	0.77	0.93	2.44	0
pif1	A0AAX4HXM9	ascomycota	454	R	1	0.36	1	0.79	0.97	2.98	1
pif1	A0AAX4HB97	ascomycota	391	R	1	5.03	1	0.82	0.97	2.22	0
pif1	A0AAI9TIH2	ascomycota	289	K	1	3.45	1	0.77	0.91	2.94	1
pif1	A0AAV5QDJ4	ascomycota	266	K	1	6.05	1	0.75	0.87	2.91	0
pif1	A0ABQ7RB90	ascomycota	345	R	1	5.85	1	0.7	0.8	3.13	0
pif1	A0ABN8WPA3	ascomycota	324	R	1	2.06	1	0.76	0.91	2.61	1
pif1	A0AB34G0U3	ascomycota	1071	R	1	5.51	1	0.75	0.97	4.32	0
pif1	A0AAV9X1R8	ascomycota	557	R	1	5.67	1	0.83	1.03	3.45	0
pif1	A0AAI9UII0	ascomycota	397	R	1	8.06	1	0.78	0.97	3.15	0
pif1	A0AAV5S599	ascomycota	353	K	1	6.95	1	0.83	0.97	2.29	0
pif1	A0AAV9UWK0	ascomycota	565	R	1	3.54	1	0.8	1.01	2.9	1
pif1	A0ABP0EH01	ascomycota	291	K	1	4.86	1	0.78	0.9	2.64	0
pif1	A0ABN8VEY2	ascomycota	324	R	1	7.93	1	0.78	0.93	2.58	0
pif1	A0AAV5RQD8	ascomycota	359	R	1	6.82	1	0.79	0.94	2.39	0
pif1	A0ABP2EZZ6	ascomycota	348	R	1	2.1	1	0.78	0.94	2.74	1
pif1	A0AAV5RMN1	ascomycota	253	K	1	1.84	1	0.82	0.92	2.18	1
pif1	A0AAI9XWQ1	ascomycota	397	R	1	8.8	1	0.79	0.97	3.16	0
pif1	A0AAI8YTU8	ascomycota	446	R	1	7.1	1	0.81	1.0	3.17	0
pif1	A0AAN6NX75	ascomycota	504	R	1	1.98	1	0.77	0.97	2.67	1
pif1	A0ABQ0CIR6	ascomycota	406	R	1	6.18	1	0.82	0.99	2.38	0
pif1	A0AAN6BNB4	ascomycota	329	R	1	2.25	1	0.75	0.91	3.22	1
pif1	A0AB34KML8	ascomycota	477	R	1	3.64	1	0.78	0.98	2.84	1
pif1	A0ABP0ZHK7	ascomycota	445	R	1	2.51	1	0.78	0.97	3.87	1
pif1	A0AAN7BLM5	ascomycota	419	R	1	4.92	1	0.8	0.97	2.55	0
pif1	A0AAI9SW46	ascomycota	500	K	1	8.54	1	0.78	0.95	3.17	0
pif1	A0AAV5QX45	ascomycota	372	R	1	3.17	1	0.78	0.93	3.28	1
pif1	A0ABN8WKL1	ascomycota	328	T	0	3.42	1	0.74	0.88	3.21	1
pif1	A0ABQ0GRH5	ascomycota	404	R	1	5.86	1	0.76	0.93	3.11	0
pif1	A0AAE8M1S2	ascomycota	396	R	1	6.44	1	0.77	0.94	3.31	0
pif1	A0AAD9Y213	ascomycota	453	R	1	4.2	1	0.8	0.99	2.99	0
pif1	A0AAE9W8S9	ascomycota	387	K	1	11.06	1	0.77	0.94	3.16	0
pif1	A0AAV9HLS5	ascomycota	432	R	1	5.47	1	0.83	1.0	2.58	0
pif1	A0AAD9W185	ascomycota	451	R	1	2.82	1	0.77	0.94	2.99	1
pif1	A0AAN6PR26	ascomycota	397	R	1	4.1	1	0.8	0.98	2.24	0
pif1	A0AAE8SVQ8	ascomycota	422	R	1	6.72	1	0.77	0.96	3.24	0
pif1	A0AAI8YJ59	ascomycota	445	K	1	7.44	1	0.76	0.97	3.07	0
pif1	A0AAV9UWD6	ascomycota	394	R	1	5.34	1	0.79	0.96	2.5	0
pif1	A0AAW0R3B8	ascomycota	454	R	1	6.29	1	0.71	0.92	3.85	0
pif1	A0ABN8VSG3	ascomycota	328	S	0	5.24	1	0.83	0.95	2.76	0
pif1	A0AAV5R7D5	ascomycota	281	K	1	6.4	1	0.87	0.97	2.14	0
pif1	A0AAE1J0Y1	ascomycota	432	R	1	5.98	0	0.79	0.97	3.36	0
pif1	A0AAV9SU16	ascomycota	409	R	1	0.76	1	0.79	0.97	2.91	1
pif1	A0AAJ0E579	ascomycota	397	R	1	5.6	1	0.78	0.97	3.24	0
pif1	A0ABQ9RPP9	ascomycota	397	R	1	2.27	1	0.76	0.94	2.87	1
pif1	A0AAN5Z088	ascomycota	450	R	1	6.92	1	0.76	0.95	3.32	0
pif1	A0AAQ3M7G8	ascomycota	440	R	1	7.78	1	0.76	0.96	2.98	0
pif1	A0AAI9SXC1	ascomycota	236	K	1	6.9	1	0.83	0.92	2.27	0
pif1	A0AAV5QKF6	ascomycota	484	R	1	10.78	1	0.76	0.95	2.91	0
pif1	A0A370TV91	ascomycota	450	R	1	2.25	0	0.82	0.99	2.6	1
pif1	A0A2T0FEC6	ascomycota	200	K	1	13.32	1	0.79	0.87	3.69	0
pif1	A0A367YJV1	ascomycota	214	R	1	7.03	1	0.78	0.87	2.48	0
pif1	A0ABR3BXI1	basidiomycota	289	M	0	6.63	1	0.74	0.88	1.94	0
pif1	A0A3A2ZL16	ascomycota	333	R	1	4.28	1	0.75	0.9	3.39	0
pif1	A0ACC1T620	basidiomycota	154	T	0	6.13	1	0.73	0.8	2.72	0
pif1	A0A2U9QZ99	ascomycota	362	R	1	6.99	1	0.76	0.89	3.01	0
pif1	A8N8Y7	basidiomycota	249	R	1	4.85	1	0.8	0.92	2.08	0
pif1	A0ABP1E5U3	basidiomycota	231	K	1	5.41	1	0.77	0.89	3.16	0
pif1	D6RJX6	basidiomycota	186	G	0	13.56	1	0.8	0.86	2.91	0
pif1	E6RE98	basidiomycota	304	A	0	7.25	1	0.82	0.92	1.68	0
pif1	A0ABY7D8X9	basidiomycota	286	R	1	9.6	1	0.84	0.98	2.5	0
pif1	A0A376BAK2	ascomycota	311	R	1	9.6	1	0.73	0.88	3.33	0
pif1	A0A364L1Q7	ascomycota	383	K	1	6.1	1	0.75	0.93	3.29	0
pif1	A0A2U9RAS2	ascomycota	272	K	1	5.49	1	0.87	0.97	2.02	0
pif1	A0A395SH18	ascomycota	393	R	1	1.92	1	0.78	0.95	2.72	1
pif1	A0ABZ2B030	basidiomycota	304	A	0	4.5	1	0.8	0.89	2.59	0
pif1	E3LA34	basidiomycota	294	R	1	9.99	1	0.88	1.01	2.79	0
pif1	A0ACB7J0F3	basidiomycota	1392	K	1	11.56	0	0.59	0.64	4.26	0
pif1	A0ABQ0KXJ8	basidiomycota	188	K	1	7.47	1	0.68	0.74	3.64	0
pif1	A0ABR5C231	basidiomycota	289	M	0	6.54	1	0.76	0.89	1.96	0
pif1	A0A395J7K7	ascomycota	296	K	1	5.32	1	0.62	0.7	4.54	0
pif1	A0A395SEG8	ascomycota	398	R	1	4.83	1	0.77	0.96	3.3	0
pif1	A8PUE9	basidiomycota	174	R	1	2.21	1	0.83	0.91	2.78	1
pif1	A0A376BA80	ascomycota	337	N	0	7.19	1	0.75	0.89	3.06	0
pif1	A0A366QY50	ascomycota	396	R	1	2.15	1	0.75	0.93	2.72	1
pif1	A0A3D8SQV1	ascomycota	441	K	1	7.36	1	0.76	0.94	3.21	0
pif1	A0A367YAA9	ascomycota	214	K	1	4.53	1	0.72	0.82	3.04	0
pif1	A0A2V1A9H7	ascomycota	297	R	1	2.31	1	0.84	0.98	1.87	1
pif1	A0A367YKM2	ascomycota	341	R	1	4.92	1	0.76	0.91	2.72	0
pif1	A0A2W1ERC3	ascomycota	389	R	1	9.87	1	0.76	0.92	2.5	0
pif1	A0ACC1QDJ0	basidiomycota	240	G	0	14.49	1	0.72	0.81	2.51	0
pif1	A0ABR5BG99	basidiomycota	289	M	0	4.07	1	0.77	0.9	2.01	0
pif1	A0ABZ2AN38	basidiomycota	289	M	0	2.81	1	0.77	0.9	1.95	1
pif1	A0A367YDY7	ascomycota	341	R	1	7.62	1	0.74	0.89	2.75	0
pif1	A0A395NCI1	ascomycota	426	R	1	4.62	1	0.82	0.99	3.08	0
pif1	A0A395MU31	ascomycota	395	R	1	3.63	1	0.83	0.98	2.76	1
pif1	A0A384JQ16	ascomycota	477	K	1	6.57	1	0.77	0.97	3.12	0
pif1	A0ABR3BM64	basidiomycota	304	A	0	4.74	1	0.74	0.85	2.91	0
pif1	A0ACC1P622	basidiomycota	231	K	1	9.62	1	0.72	0.82	2.76	0
pif1	A0ACB7IKH0	basidiomycota	149	K	1	5.17	1	0.84	0.92	2.85	0
pif1	A0A367L4D8	ascomycota	418	R	1	7.12	0	0.72	0.9	4.02	0
pif1	A0ABP1E5X9	basidiomycota	187	K	1	6.23	1	0.72	0.83	2.96	0
pif1	A8N288	basidiomycota	213	D	0	14.68	1	0.71	0.8	3.1	0
pif1	A0ABZ1DBQ0	basidiomycota	325	K	1	5.92	0	0.78	0.92	2.11	0
pif1	E6R3E7	basidiomycota	289	M	0	6.83	1	0.76	0.89	2.01	0
pif1	A0ABR3JDG0	basidiomycota	234	K	1	7.67	1	0.78	0.91	2.73	0
pif1	A0A2V1ALF0	ascomycota	320	R	1	2.9	1	0.79	0.93	2.02	1
pif1	A0ABR5BLN6	basidiomycota	304	A	0	8.25	1	0.84	0.92	1.6	0
pif1	A0ACC1T3Q8	basidiomycota	865	K	1	6.37	1	0.71	0.79	3.09	0
recq	G0WFT3	euk	1130	K	0	11.58	1	0.84	1.01	2.57	0
recq	E4XCN9	euk	976	Y	1	2.82	1	0.65	0.83	5.29	1
recq	F4PT39	euk	554	S	0	0.59	1	0.74	0.87	4.65	1
recq	F1RX70	euk	1025	F	1	4.47	0	0.64	0.78	8.96	0
recq	E3KU02	euk	959	F	1	2.77	1	0.76	0.92	3.11	1
recq	F6Z6H7	euk	730	K	0	2.54	0	0.68	0.81	7.82	1
recq	F4R3Q5	euk	449	T	0	13.15	1	0.84	0.85	2.25	0
recq	E5A4D8	euk	1286	K	0	1.13	0	0.66	0.88	8.78	1
recq	A0ACC1CUN0	euk	1053	R	0	0.76	1	0.77	0.94	4.65	1
recq	A0ACD0P8K2	euk	997	A	0	2.76	1	0.75	0.92	3.81	1
recq	F7CIS0	euk	1071	R	0	0.87	0	0.61	0.76	13.13	1
recq	G1PQL6	euk	1104	N	0	2.8	1	0.79	0.99	4.74	1
recq	C1MJ02	euk	575	N	0	2.79	1	0.73	0.78	3.87	1
recq	F6RXI0	euk	1202	I	0	2.32	1	0.76	0.97	4.31	1
recq	D8QR38	euk	433	S	0	3.1	1	0.76	0.81	3.11	1
recq	B3RTQ9	euk	647	R	0	1.55	1	0.67	0.69	4.26	1
recq	B7FSW6	euk	450	T	0	13.19	1	0.85	0.85	2.06	0
recq	G7E9W7	euk	1016	A	0	19.78	1	0.79	0.92	3.88	0
recq	K9WB97	bac	516	K	0	6.77	0	0.71	0.72	3.94	0
recq	K9UPW5	bac	484	R	0	11.39	0	0.68	0.67	4.27	0
recq	K9TME6	bac	439	K	0	16.21	1	0.69	0.69	4.72	0
recq	K9YMT5	bac	440	K	0	8.36	1	0.66	0.66	3.97	0
recq	K9XW22	bac	440	K	0	8.12	1	0.68	0.67	3.45	0
recq	M1ZBX2	bac	461	P	0	3.05	0	0.67	0.68	5.83	1
recq	K9U8N6	bac	517	S	0	11.15	1	0.71	0.71	4.15	0
recq	G1T6H2	euk	1112	T	0	2.73	0	0.8	1.0	3.18	1
recq	G3SU95	euk	999	Y	1	2.51	0	0.67	0.79	5.92	1
recq	H0UZQ5	euk	974	R	0	4.48	0	0.7	0.82	5.98	0
recq	H0EDI4	euk	510	L	0	3.14	1	0.64	0.77	6.54	1
recq	M5RUY2	bac	727	R	0	2.66	0	0.64	0.73	7.31	1
recq	L0F6J6	bac	441	K	0	4.42	1	0.67	0.71	3.56	0
recq	G3W1C2	euk	1199	Q	0	1.82	0	0.78	0.99	5.11	1
recq	K6VN58	bac	487	R	0	0.87	0	0.76	0.79	3.65	1
recq	M7P128	bac	512	S	0	6.42	0	0.65	0.67	3.98	0
pif1	K9GB17	ascomycota	318	K	1	3.5	1	0.8	0.94	2.7	1
pif1	Q6CWC6	ascomycota	346	R	1	5.31	1	0.76	0.93	3.18	0
pif1	Q4WVU7	ascomycota	373	R	1	3.25	1	0.78	0.94	3.11	1
pif1	Q6FKI9	ascomycota	346	R	1	7.53	1	0.77	0.91	2.58	0
pif1	L8FZR6	ascomycota	521	R	1	6.24	1	0.83	1.03	2.55	0
pif1	M7P7M8	ascomycota	392	K	1	8.6	0	0.71	0.9	2.84	0
pif1	K0KM86	ascomycota	510	K	1	7.51	1	0.82	1.01	3.1	0
pif1	Q7RXT1	ascomycota	504	R	1	11.56	0	0.72	0.94	2.9	0
pif1	Q6CEU3	ascomycota	622	R	1	10.28	1	0.75	0.97	4.38	0
pif1	N1J746	ascomycota	444	K	1	5.14	0	0.79	0.98	3.31	0
recq	A0A563VM65	bac	442	S	0	5.0	0	0.65	0.65	4.35	0
recq	A0A5B9VXF0	bac	683	F	1	2.1	1	0.69	0.74	4.67	1
recq	A0A5C5ZET5	bac	483	K	0	11.88	1	0.86	0.85	2.71	0
recq	A0A4R8CKJ6	bac	528	D	0	8.79	0	0.71	0.76	4.96	0
recq	A0A6J0BLL1	euk	1203	I	0	1.39	0	0.73	0.92	6.04	1
recq	A0A4R7C9V9	bac	525	E	0	6.3	1	0.69	0.75	4.52	0
recq	A0A4S3K1U9	bac	539	V	0	3.2	1	0.72	0.75	3.64	1
recq	A0A5B8NPQ6	bac	515	K	0	8.18	1	0.75	0.73	3.23	0
recq	A0A5C5Y6I5	bac	687	R	0	1.99	1	0.62	0.68	11.01	1
recq	A0A5C6RPK1	bac	479	K	0	19.83	0	0.62	0.66	5.94	0
recq	A0A562J7T8	bac	464	K	0	13.45	0	0.68	0.69	4.59	0
recq	A0A4R8IE89	bac	426	T	0	0.79	0	0.67	0.68	3.69	1
recq	A0A5B8U1Y7	bac	581	Y	1	4.55	1	0.74	0.77	3.38	0
recq	A0A5B2V3M0	bac	512	R	0	12.8	1	0.65	0.67	4.26	0
recq	A0A518B383	bac	666	R	0	3.09	0	0.63	0.66	6.09	1
recq	A0A4R3Y1M1	bac	498	F	1	10.21	1	0.69	0.71	3.8	0
recq	A0A550JFE8	bac	510	V	0	15.93	1	0.79	0.8	2.98	0
pif1	A0A1E5R2E4	ascomycota	363	R	1	1.9	1	0.85	0.97	2.67	1
pif1	A0A5N5QIV7	basidiomycota	338	N	0	7.88	1	0.7	0.79	5.14	0
pif1	A0A1G4JAR2	ascomycota	280	R	1	2.93	0	0.81	0.92	1.88	1
pif1	A0A5M3MBB2	basidiomycota	154	F	0	5.09	1	0.8	0.94	2.26	0
pif1	A0A8H3TUW7	basidiomycota	268	R	1	8.14	1	0.77	0.92	2.26	0
pif1	A0A8H5CYE4	basidiomycota	867	K	1	10.61	1	0.71	0.75	4.07	0
pif1	A0A1G4J9Z3	ascomycota	287	R	1	7.26	1	0.79	0.91	2.15	0
pif1	A0A5M6C3F7	basidiomycota	312	K	1	3.84	1	0.78	0.92	2.17	1
pif1	A0A1E5R8N0	ascomycota	352	K	1	3.82	1	0.8	0.94	2.44	1
pif1	A0A8H3U0A2	basidiomycota	310	R	1	5.39	1	0.83	0.97	1.84	0
pif1	A0A1E5RH49	ascomycota	440	R	1	3.92	1	0.77	0.95	3.82	1
pif1	A0A1E3B484	ascomycota	314	R	1	1.04	1	0.83	0.97	2.67	1
pif1	A0A1G4K4H6	ascomycota	374	R	1	4.02	1	0.76	0.92	3.4	0
pif1	A0A5C3FLB2	basidiomycota	330	K	1	5.18	1	0.79	0.93	3.41	0
pif1	A0A1E5RYU5	ascomycota	355	K	1	4.3	1	0.83	0.97	2.19	0
pif1	A0A1F8AAX5	ascomycota	325	K	1	6.36	1	0.79	0.94	3.08	0
pif1	A0A1G4B3T3	ascomycota	443	R	1	3.36	1	0.77	0.97	3.36	1
pif1	A0A5N5QIE1	basidiomycota	917	R	1	7.77	1	0.58	0.68	6.74	0
pif1	A0A5N5QSQ7	basidiomycota	257	R	1	6.64	1	0.82	0.97	3.03	0
pif1	A0A1G4JJ13	ascomycota	371	R	1	2.98	1	0.77	0.92	2.7	1
pif1	A0A1F5LX58	ascomycota	313	K	1	5.07	1	0.77	0.92	3.25	0
pif1	A0A1G4JCZ1	ascomycota	268	R	1	3.5	1	0.85	0.95	2.1	1
pif1	A0A1E1LUZ6	ascomycota	457	R	1	7.97	1	0.8	0.97	3.0	0
pif1	A0A1E1KSW3	ascomycota	457	R	1	4.69	1	0.83	1.01	2.63	0
recq	A0A5C1E8J0	bac	476	K	0	1.97	1	0.77	0.8	2.47	1
recq	A0A7K6VJN7	euk	795	Q	0	1.88	0	0.78	0.92	3.66	1
recq	A0A502EKH7	bac	503	K	0	2.16	1	0.67	0.65	4.81	1
recq	A0A7L2WPT7	euk	210	V	0	3.36	1	0.7	0.81	2.74	1
recq	A0A833REZ9	euk	947	S	0	13.52	1	0.86	0.99	2.78	0
recq	A0A7R9BQD9	euk	2015	K	0	1.46	0	0.58	0.6	7.74	1
recq	A0A4S2AJV8	bac	517	D	0	12.27	1	0.69	0.69	3.24	0
recq	A0A5B8XTA7	bac	558	Q	0	2.07	1	0.65	0.67	3.4	1
recq	A0A6J3MBH3	euk	574	K	0	9.84	1	0.8	0.87	2.51	0
recq	A0A7N0TXR1	euk	897	K	0	10.52	0	0.84	0.97	2.72	0
recq	A0A834KUU0	euk	795	L	0	1.63	1	0.77	0.92	4.08	1
recq	A0A543IV80	bac	457	R	0	4.24	0	0.66	0.74	6.02	0
recq	A0A813XLQ1	euk	894	K	0	8.8	0	0.84	0.94	3.29	0
recq	A0A4U8YT89	bac	465	R	0	9.6	1	0.78	0.78	3.29	0
recq	A0A554XIF8	bac	487	D	0	3.31	1	0.83	0.85	2.92	1
recq	A0A5C6VAD8	bac	517	D	0	14.07	1	0.66	0.67	3.9	0
recq	A0A8B7G8R0	euk	1117	D	0	2.07	0	0.77	0.97	5.55	1
recq	A0A7D9I1Q7	euk	723	N	0	1.4	1	0.69	0.72	3.52	1
recq	A0A560FQL6	bac	528	K	0	1.26	1	0.68	0.75	4.14	1
recq	A0A512NKP6	bac	466	R	0	8.95	1	0.79	0.79	3.17	0
recq	A0A7M5XM92	euk	1008	H	1	1.13	0	0.77	0.97	5.24	1
recq	A0A7J7E9R1	euk	694	L	0	1.44	1	0.65	0.79	6.21	1
recq	A0A6P5GWP8	euk	929	K	0	13.62	1	0.83	0.97	2.78	0
recq	A0AA40BC58	euk	554	F	1	6.87	1	0.72	0.85	3.51	0
recq	A0AA40EUX4	euk	506	N	0	4.29	1	0.79	0.8	2.21	0
recq	A0AA39R885	euk	1252	T	0	1.68	1	0.71	0.92	3.77	1
recq	A0AA39MY53	euk	878	R	0	7.33	1	0.82	0.95	2.89	0
recq	A0AA35S753	euk	896	C	0	1.94	1	0.72	0.86	4.48	1
recq	A0AA38VQQ6	euk	1053	S	0	11.37	1	0.82	0.97	3.56	0
recq	A0AA36A4E6	euk	949	K	0	10.69	1	0.81	0.94	3.29	0
recq	A0AA38ZEG8	euk	935	K	0	9.67	0	0.85	0.99	3.15	0
recq	A0A9X6NCU9	euk	863	R	0	12.78	1	0.77	0.94	3.17	0
recq	A0AA37TN91	bac	472	H	1	7.23	1	0.82	0.82	2.79	0
recq	A0AA38FQT4	euk	432	R	0	3.43	1	0.79	0.84	2.04	1
recq	A0AA36GR36	euk	635	R	0	2.8	0	0.62	0.7	7.46	1
recq	A0AA39EZB5	euk	935	T	0	3.59	1	0.8	0.91	4.09	1
recq	A0AA36BX62	euk	693	F	1	3.53	0	0.67	0.77	6.73	1
pif1	A0A2C5Z163	ascomycota	370	R	1	3.93	0	0.77	0.95	2.68	1
pif1	A0AAD2HTN7	basidiomycota	218	W	0	10.72	1	0.71	0.8	2.71	0
pif1	A0A2H0ZLB1	ascomycota	361	R	1	11.34	1	0.8	0.94	2.66	0
pif1	A0A2P5IG66	ascomycota	398	R	1	3.91	1	0.79	0.97	2.72	1
recq	A0A160T2S6	bac	698	E	0	8.82	1	0.69	0.69	4.34	0
recq	A0A0N5CRQ2	euk	734	R	0	2.79	0	0.74	0.86	3.53	1
pif1	A0A2B7ZAZ8	ascomycota	348	R	1	7.05	1	0.74	0.92	3.71	0
recq	A0A191ZG12	bac	519	R	0	7.55	1	0.77	0.77	3.17	0
recq	A0A139WEI1	euk	1045	F	1	2.92	1	0.77	0.9	3.51	1
pif1	A0ABP1CNA1	basidiomycota	171	A	0	5.79	1	0.86	0.94	2.06	0
pif1	A0AAJ8KXR9	basidiomycota	231	R	1	8.38	1	0.78	0.84	2.75	0
pif1	A0A2K3Q965	ascomycota	431	R	1	6.55	0	0.75	0.93	3.77	0
pif1	A0AAD5UZ43	basidiomycota	154	T	0	3.46	1	0.81	0.9	2.39	1
pif1	A0A2L2TT35	ascomycota	449	R	1	5.89	1	0.8	0.98	2.56	0
recq	A0A139AWE5	euk	540	S	0	2.35	1	0.66	0.71	5.96	1
recq	A0A151WVC8	euk	1026	I	0	1.87	1	0.76	0.92	4.21	1
recq	A0A193LGI2	bac	439	K	0	2.46	1	0.78	0.78	2.57	1
recq	A0A152A3C8	euk	935	K	0	4.11	1	0.72	0.88	4.34	0
pif1	A0A2P7YPG7	ascomycota	297	R	1	1.0	1	0.83	0.97	2.28	1
pif1	A0A2K1QRC5	ascomycota	432	R	1	4.69	1	0.8	0.96	2.81	0
pif1	A0ABP1CKG6	basidiomycota	171	A	0	4.6	1	0.78	0.86	2.49	0
pif1	A0A2K0WHU4	ascomycota	398	R	1	8.25	1	0.8	0.95	2.74	0
pif1	A0AAX4K6B3	basidiomycota	326	K	1	13.08	1	0.79	0.93	1.66	0
pif1	A0A2P4ZPZ5	ascomycota	418	R	1	6.84	1	0.83	1.01	2.89	0
recq	A0A165B2T3	bac	462	R	0	2.48	0	0.79	0.81	2.11	1
pif1	A0AAD5W3A8	basidiomycota	203	Y	0	13.01	1	0.84	0.86	2.97	0
pif1	A0AAJ8M2S8	basidiomycota	225	T	0	7.64	1	0.83	0.91	3.13	0
recq	A0A0V1GUM1	euk	848	K	0	3.36	1	0.73	0.86	4.88	1
pif1	A0AAW0YJW9	basidiomycota	308	K	1	2.61	1	0.79	0.93	2.08	1
pif1	A0A2N3NCB3	ascomycota	435	R	1	3.43	0	0.71	0.89	4.73	1
recq	A0A1B1S8G6	bac	517	E	0	10.2	1	0.66	0.66	3.71	0
pif1	A0AAD5VEU9	basidiomycota	225	S	0	5.97	1	0.77	0.88	2.9	0
pif1	A0A2P5HGU5	ascomycota	168	T	0	7.34	1	0.83	0.91	2.08	0
recq	A0A137PHZ7	euk	703	R	0	12.56	1	0.86	0.97	2.12	0
pif1	A0ABP1CNE3	basidiomycota	102	A	0	2.24	1	0.73	0.79	3.55	1
recq	A0A194AH66	bac	490	Y	1	1.85	0	0.62	0.64	5.13	1
recq	A0A167VJU6	euk	1398	R	0	0.9	1	0.67	0.9	8.69	1
recq	A0A0M8MUD0	euk	572	M	0	1.74	1	0.69	0.83	5.53	1
recq	A0A0M8ZT91	euk	1016	V	0	3.48	1	0.72	0.92	6.42	1
pif1	A0AAW0E6V9	basidiomycota	141	K	1	4.11	1	0.84	0.92	3.14	0
pif1	A0AAX4K8N5	basidiomycota	233	K	1	9.12	1	0.85	0.91	1.35	0
recq	A0A160MXF8	bac	461	I	0	1.42	1	0.77	0.8	3.51	1
pif1	A0A232LWR6	ascomycota	357	K	1	6.32	0	0.79	0.95	2.63	0
pif1	A0AAW0YQW8	basidiomycota	245	R	1	7.66	1	0.79	0.86	3.48	0
recq	A0A0M0JR43	euk	555	N	0	2.19	1	0.77	0.82	2.78	1
recq	A0A165D7V9	euk	913	H	1	8.53	1	0.8	0.93	2.71	0
pif1	A0A2P6FGS0	ascomycota	542	R	1	3.01	1	0.79	0.99	2.83	1
pif1	A0AAX4KL96	basidiomycota	338	K	1	2.32	1	0.79	0.94	1.99	1
recq	A0A1A6C1R1	bac	434	N	0	0.9	0	0.65	0.66	4.91	1
pif1	A0ABP1CKG3	basidiomycota	209	G	0	10.95	1	0.74	0.79	2.67	0
pif1	A0A1J9QQT4	ascomycota	234	K	1	14.18	1	0.75	0.86	2.92	0
pif1	A0A8H6X7X8	basidiomycota	231	K	1	6.3	1	0.87	0.97	2.31	0
pif1	A0A8H5LZH5	basidiomycota	189	G	0	8.01	1	0.72	0.81	3.34	0
pif1	A0A1G4KDP5	ascomycota	312	R	1	1.57	1	0.72	0.89	3.09	1
pif1	A0A1J9QLP1	ascomycota	260	K	1	8.59	1	0.86	0.97	2.8	0
pif1	A0A8H5HQ47	basidiomycota	245	K	1	7.63	1	0.8	0.91	2.12	0
pif1	A0A1L7TYF3	ascomycota	398	R	1	4.36	1	0.82	0.98	2.62	0
pif1	A0A1J9QG29	ascomycota	349	R	1	3.9	0	0.76	0.94	3.58	1
pif1	A0A8H6WYH6	basidiomycota	165	K	1	8.14	1	0.79	0.9	2.1	0
pif1	A0A8H5HYM6	basidiomycota	140	T	0	2.05	1	0.77	0.86	2.63	1
pif1	A0A8H5M0W8	basidiomycota	208	G	0	11.16	1	0.75	0.81	3.35	0
pif1	A0A1G4KQ33	ascomycota	289	K	1	5.07	1	0.83	0.94	2.57	0
pif1	A0A1L0BTK2	ascomycota	261	R	1	6.5	1	0.73	0.84	3.13	0
pif1	A0A8H6WB99	basidiomycota	236	R	1	10.32	1	0.76	0.89	2.08	0
pif1	A0A1J9S2U9	ascomycota	438	R	1	4.58	1	0.75	0.94	2.79	0
pif1	A0A8H5FIS4	basidiomycota	241	K	1	6.19	1	0.79	0.9	2.48	0
pif1	A0A8H5M8P6	basidiomycota	206	G	0	11.13	1	0.68	0.76	3.94	0
pif1	A0A1G4KMC5	ascomycota	268	R	1	4.1	1	0.81	0.92	1.93	0
pif1	A0A1G4M6R4	ascomycota	292	R	1	3.17	1	0.79	0.92	2.03	1
pif1	A0A8H5HHS9	basidiomycota	693	K	1	7.08	1	0.82	0.84	3.16	0
pif1	A0A8H5H1J4	basidiomycota	219	L	0	10.66	1	0.64	0.72	4.26	0
pif1	A0A1G4M6E1	ascomycota	432	R	1	3.31	1	0.76	0.94	3.14	1
pif1	A0A1G4KK60	ascomycota	364	R	1	4.3	0	0.77	0.9	3.51	0
pif1	A0A1L0BLG4	ascomycota	247	K	1	2.14	1	0.77	0.87	2.46	1
pif1	A0A1L0D0Q5	ascomycota	352	K	1	3.53	1	0.78	0.92	2.65	1
pif1	A0A8H5GCJ7	basidiomycota	234	K	1	5.35	1	0.77	0.89	2.94	0
pif1	A0A8H6T2J5	basidiomycota	235	K	1	11.75	1	0.82	0.94	2.34	0
pif1	A0A8H5FHN3	basidiomycota	262	R	1	10.7	1	0.83	0.92	2.13	0
recq	A0ABM4DAV0	euk	1153	I	0	0.76	1	0.73	0.92	4.5	1
pif1	K0KZ61	ascomycota	352	K	1	6.89	0	0.73	0.87	2.53	0
pif1	S0E8T2	ascomycota	398	R	1	7.36	1	0.81	0.97	2.62	0
pif1	Q6BNW6	ascomycota	278	K	1	4.09	1	0.81	0.92	1.88	0
pif1	Q756M1	ascomycota	281	K	1	3.86	1	0.74	0.85	2.95	1
pif1	R8BS17	ascomycota	414	R	1	4.72	1	0.78	0.95	2.98	0
pif1	R4XBB5	ascomycota	371	R	1	3.85	1	0.8	0.97	2.73	1
pif1	L2G0F7	ascomycota	420	R	1	2.99	1	0.8	0.98	3.18	1
pif1	K1WPA9	ascomycota	456	R	1	3.23	1	0.86	1.03	2.8	1
pif1	M3IP21	ascomycota	297	R	1	1.9	1	0.79	0.92	3.2	1
pif1	Q756Y6	ascomycota	285	R	1	3.29	1	0.81	0.91	1.94	1
recq	A0A844G7C6	bac	648	M	0	3.93	1	0.74	0.75	4.34	1
recq	A0A9D3PTE6	euk	951	N	0	2.2	0	0.77	0.94	4.03	1
recq	A0A8X8D8T5	euk	1073	K	0	11.6	1	0.81	0.95	3.87	0
recq	A0A7X1AYQ1	bac	574	R	0	13.56	0	0.71	0.73	5.74	0
recq	A0A841HMR6	bac	490	R	0	9.59	1	0.7	0.73	3.65	0
recq	A0A8A7KAE8	bac	484	Y	1	3.81	0	0.63	0.64	5.08	1
recq	A0A842HBX8	bac	541	R	0	2.28	1	0.69	0.71	5.49	1
recq	A0A848J3B6	bac	517	E	0	9.96	1	0.66	0.67	3.48	0
recq	A0A915J7I5	euk	974	Q	0	1.22	1	0.8	0.86	3.72	1
recq	A0A8X8WKU3	euk	960	K	0	11.27	0	0.76	0.89	4.54	0
recq	A0A5M3MCW5	euk	621	I	0	14.03	1	0.73	0.83	3.43	0
recq	A0A5P1E652	euk	910	Q	0	11.65	0	0.78	0.92	4.11	0
recq	A0A5J4Z112	euk	1025	Q	0	6.39	1	0.76	0.92	4.41	0
recq	A0A5B6UBR8	euk	1044	K	0	12.96	1	0.84	0.97	3.48	0
recq	A0A673CQX9	euk	827	R	0	4.56	1	0.76	0.89	4.34	0
recq	A0A672I2W6	euk	992	G	0	12.55	1	0.77	0.94	3.25	0
recq	A0A4S4CXT3	euk	945	R	0	12.82	1	0.71	0.87	4.25	0
recq	A0A5B8MNC0	euk	921	T	0	9.7	0	0.82	0.94	2.74	0
recq	A0A642VE83	euk	989	P	0	7.44	1	0.81	0.99	4.13	0
recq	A0A672U2Y7	euk	759	D	0	0.87	0	0.8	0.94	3.76	1
recq	A0A4V1IWM7	euk	524	S	0	8.01	1	0.82	0.82	2.33	0
recq	A0A663FBV1	euk	1005	S	0	4.94	1	0.65	0.78	7.33	0
recq	A0A4X2K8Y0	euk	1204	Q	0	1.5	0	0.79	0.99	5.09	1
recq	A0A4Q9LSC1	euk	768	R	0	9.39	1	0.79	0.94	2.31	0
recq	A0A671DWG5	euk	961	R	0	0.81	0	0.66	0.8	7.92	1
recq	A0A5C3E2X8	euk	851	Q	0	13.1	1	0.86	1.01	2.52	0
recq	A0A5J5B1J0	euk	964	Y	1	2.77	1	0.74	0.89	4.94	1
recq	A0A4Y7JSJ2	euk	946	K	0	14.56	1	0.83	0.97	3.36	0
recq	A0A5N5P7T3	euk	1033	Q	0	2.04	1	0.74	0.92	4.47	1
recq	A0A670K7V6	euk	880	W	1	23.22	0	0.55	0.62	10.35	0
recq	A0A165H8A8	euk	964	F	1	1.38	1	0.8	0.95	3.77	1
recq	A0A1D9MF25	bac	488	H	1	14.57	0	0.65	0.66	7.6	0
recq	A0A1C7NRG6	euk	803	A	0	1.37	0	0.69	0.8	4.27	1
recq	A0A1B7LKK4	bac	574	E	0	9.75	1	0.82	0.84	2.83	0
recq	A0A1H2VWM2	bac	513	H	1	8.16	1	0.77	0.78	3.62	0
recq	A0A1D8GHK1	bac	438	K	0	2.53	1	0.66	0.67	5.72	1
recq	A0A1J4JIF8	euk	860	K	0	11.75	1	0.78	0.9	3.79	0
recq	A0A1G8XS71	bac	512	T	0	14.12	1	0.65	0.66	3.8	0
recq	A0A1I7WC35	euk	1386	Q	0	5.9	0	0.5	0.58	15.04	0
recq	A0A1G7B3J0	bac	531	D	0	12.89	1	0.68	0.68	3.09	0
recq	A0A1G9MVS0	bac	557	E	0	17.43	1	0.64	0.66	6.17	0
recq	A0A183T2Q8	euk	513	R	0	12.33	1	0.82	0.83	2.59	0
recq	A0A165I4A3	euk	1421	K	0	2.13	1	0.79	0.98	4.52	1
recq	A0A1G6D544	bac	695	K	0	6.84	1	0.68	0.7	5.69	0
recq	A0A1E4TE35	euk	450	V	0	13.21	1	0.84	0.84	2.14	0
recq	A0A1B1YWJ2	bac	482	H	1	2.13	1	0.7	0.72	3.02	1
recq	A0A1D2VH39	euk	1231	D	0	10.62	0	0.86	1.02	2.94	0
recq	A0A1B0CAN7	euk	1647	I	0	3.24	0	0.68	0.77	8.06	1
recq	A0A1G6UFB1	bac	432	T	0	8.24	1	0.78	0.8	2.69	0
recq	A0A1I7ST65	euk	676	K	0	0.76	1	0.74	0.85	3.83	1
recq	A0A1G5QNZ4	bac	510	R	0	2.05	1	0.71	0.72	4.02	1
recq	A0A1H6U6J9	bac	437	S	0	2.74	1	0.73	0.75	3.38	1
recq	A0A1H1LQ87	bac	474	R	0	10.47	0	0.62	0.66	7.5	0
recq	A0A1E5Q5E1	bac	478	H	1	9.43	1	0.76	0.77	2.44	0
recq	A0A1E3NYV0	euk	555	K	0	7.67	1	0.8	0.85	2.45	0
recq	A0A176W8T9	euk	416	S	0	1.72	1	0.66	0.71	5.58	1
recq	A0A167PY74	euk	522	F	1	3.42	1	0.72	0.8	3.48	1
recq	A0A1E5G2T0	bac	431	H	1	3.84	1	0.65	0.66	5.88	1
recq	A0A1B4XJF1	bac	441	D	0	1.7	1	0.73	0.75	3.09	1
recq	A0A1H9GVG2	bac	472	R	0	1.17	1	0.72	0.71	3.35	1
recq	A0A1A0HF03	euk	848	K	0	14.51	0	0.76	0.88	3.74	0
recq	A0A1E2UKR5	bac	450	R	0	0.61	0	0.65	0.67	4.43	1
recq	A0A167WVR7	euk	1256	F	1	2.46	0	0.69	0.88	7.78	1
recq	A0A1H4F9C9	bac	510	H	1	4.85	1	0.79	0.8	2.44	0
recq	A0A1E4U130	euk	1228	S	0	2.15	1	0.77	0.95	5.52	1
recq	A0A1E3GTK6	bac	428	G	0	1.1	0	0.64	0.65	5.16	1
recq	A0A1D7TL41	bac	460	A	0	2.73	1	0.73	0.73	3.73	1
recq	A0A175W148	euk	1338	E	0	0.25	0	0.71	0.93	8.14	1
recq	A0A1G6PNU2	bac	516	E	0	14.66	1	0.7	0.7	2.39	0
recq	A0A1C1CCS2	euk	1268	H	1	10.09	1	0.79	0.98	4.57	0
recq	A0A1D1V4H7	euk	856	I	0	1.9	1	0.76	0.94	3.59	1
recq	A0A1H9HQT8	bac	500	E	0	9.69	1	0.82	0.83	2.57	0
recq	A0A197JT88	euk	949	R	0	11.84	1	0.77	0.95	3.46	0
recq	A0A1H3VLN1	bac	473	Q	0	7.24	1	0.71	0.72	3.41	0
recq	A0A1G5S623	bac	508	E	0	1.76	1	0.68	0.71	4.61	1
recq	A0A1E3PG93	euk	544	A	0	2.2	0	0.68	0.75	3.1	1
recq	A0A1H8PP60	bac	461	N	0	1.46	0	0.63	0.67	5.69	1
recq	A0A1G9DR13	bac	399	D	0	20.05	1	0.8	0.81	2.19	0
recq	A0A1E3QZC2	euk	465	T	0	1.84	1	0.77	0.82	2.87	1
recq	A0A183GHT7	euk	422	R	0	3.87	1	0.71	0.74	4.56	1
recq	A0A9D3MB40	euk	571	Y	1	2.97	1	0.77	0.84	3.18	1
recq	A0A9C7PWI5	euk	916	K	0	7.87	1	0.87	0.98	1.84	0
recq	A0A839HLP5	bac	537	R	0	2.49	0	0.66	0.73	4.99	1
recq	A0A922IAR2	euk	963	K	0	13.21	0	0.73	0.9	3.58	0
recq	A0A846MQ08	bac	515	S	0	17.9	1	0.68	0.68	2.89	0
recq	A0A846HEN6	bac	465	D	0	11.36	0	0.65	0.66	4.41	0
recq	A0A915MDK3	euk	580	F	1	26.59	0	0.69	0.66	5.93	0
recq	A0A841PK73	bac	459	S	0	4.79	1	0.76	0.77	3.65	0
recq	A0A7X1EAN2	bac	518	N	0	9.48	1	0.75	0.75	2.99	0
recq	A0A846MY21	bac	485	A	0	8.36	1	0.71	0.71	3.11	0
recq	A0A847SA81	bac	437	K	0	1.4	0	0.64	0.64	6.29	1
recq	A0A7W6GDY6	bac	439	R	0	1.47	1	0.75	0.77	3.33	1
recq	A0A914R3D0	euk	712	K	0	0.59	1	0.81	0.92	3.29	1
pif1	W6QMY6	ascomycota	361	K	1	5.37	1	0.76	0.94	3.3	0
recq	A0A7W9C6R0	bac	499	G	0	6.08	1	0.68	0.69	4.13	0
recq	A0A839UQB2	bac	444	F	1	1.88	0	0.65	0.65	5.12	1
recq	A0A7W9SLX4	bac	615	K	0	8.29	1	0.74	0.77	3.15	0
pif1	S8BV51	ascomycota	387	R	1	4.84	1	0.85	1.01	2.37	0
pif1	W1QFA7	ascomycota	262	S	0	6.61	1	0.75	0.87	3.22	0
recq	A0A7W6G9G0	bac	506	R	0	5.94	1	0.84	0.87	2.5	0
pif1	W6MM08	ascomycota	289	S	0	9.02	1	0.79	0.91	2.41	0
pif1	W7HWQ6	ascomycota	273	R	1	6.05	1	0.85	0.98	2.93	0
recq	A0A8T1QFC6	euk	674	V	0	4.77	1	0.73	0.85	3.86	0
recq	A0A8S9YMN4	euk	905	K	0	1.56	1	0.76	0.92	4.13	1
pif1	V5FX47	ascomycota	427	K	1	6.49	1	0.78	0.94	3.21	0
recq	A0A8S0XXR2	euk	826	K	0	10.61	1	0.77	0.87	3.85	0
pif1	W6MNR6	ascomycota	303	R	1	2.14	1	0.8	0.91	2.18	1
pif1	S7ZUF7	ascomycota	328	K	1	6.44	1	0.76	0.92	3.34	0
recq	A0A8S1IRD0	euk	825	R	0	5.26	1	0.8	0.93	3.7	0
pif1	W1QEW7	ascomycota	341	R	1	3.44	1	0.75	0.85	2.97	1
pif1	A0ABR4PIR0	ascomycota	169	R	1	8.8	1	0.8	0.89	2.59	0
pif1	A0ABX6F0Q7	ascomycota	290	R	1	4.92	1	0.73	0.86	2.51	0
pif1	A0ABR4P0R8	ascomycota	279	R	1	2.81	1	0.82	0.93	2.2	1
pif1	A0ABR4NXG5	ascomycota	424	R	1	3.51	1	0.76	0.92	3.5	1
pif1	A0ABX6EXJ8	ascomycota	327	R	1	4.8	1	0.76	0.92	3.7	0
pif1	A0ACB6V835	ascomycota	327	R	1	3.0	1	0.81	0.95	3.08	1
pif1	A0ABX8I2X5	ascomycota	255	K	1	14.09	0	0.69	0.67	5.04	0
pif1	A0ABY6SM04	ascomycota	408	R	1	1.61	0	0.83	1.0	2.81	1
pif1	A0ACB5SA82	ascomycota	306	R	1	8.98	1	0.76	0.91	2.55	0
pif1	A0ACC1RAE9	ascomycota	454	R	1	6.43	1	0.8	0.96	2.9	0
pif1	A0ACC3YGM8	ascomycota	460	R	1	1.27	1	0.81	0.97	2.86	1
pif1	A0ACA9YCX0	ascomycota	307	A	0	10.13	1	0.82	0.94	2.56	0
pif1	A0ACB6V604	ascomycota	178	R	1	2.64	1	0.79	0.95	2.99	1
pif1	A0ACD3Z1H8	ascomycota	434	R	1	3.34	1	0.84	1.02	3.07	1
pif1	A0ACC1RL04	ascomycota	377	R	1	4.31	1	0.78	0.95	2.69	0
pif1	A0ACC2HQW4	ascomycota	386	R	1	5.19	1	0.75	0.92	3.17	0
pif1	A0ACC3TRB3	ascomycota	429	R	1	3.16	0	0.78	0.97	3.39	1
pif1	A1CBS2	ascomycota	332	R	1	5.61	1	0.77	0.92	3.08	0
recq	N1VW30	bac	483	K	0	5.0	1	0.71	0.75	3.73	0
recq	P40724	bac	490	S	0	6.47	1	0.79	0.78	2.52	0
recq	Q2SQJ7	bac	433	N	0	0.52	1	0.7	0.71	3.87	1
recq	Q2VZB7	bac	490	H	1	3.21	1	0.7	0.73	3.39	1
recq	Q89XR5	bac	490	M	0	0.73	1	0.66	0.73	5.42	1
recq	Q7NHA8	bac	527	R	0	10.29	1	0.68	0.69	5.11	0
recq	Q1YQ86	bac	426	V	0	2.03	1	0.74	0.77	3.66	1
recq	O34748	bac	483	F	1	2.36	1	0.71	0.72	3.12	1
recq	U5D866	bac	464	N	0	14.36	0	0.73	0.77	5.91	0
recq	Q0EW04	bac	485	V	0	8.13	1	0.72	0.71	3.45	0
recq	Q9CL21	bac	446	H	1	1.32	1	0.83	0.85	2.09	1
recq	Q0AQ55	bac	473	K	0	3.63	1	0.82	0.83	2.87	1
recq	S0FV63	bac	456	S	0	3.61	1	0.7	0.69	3.28	1
recq	Q2LQI6	bac	459	E	0	3.56	0	0.7	0.74	3.34	1
recq	Q186Q8	bac	438	N	0	2.26	0	0.72	0.71	4.26	1
recq	Q2NQG3	bac	445	A	0	3.2	1	0.85	0.84	2.03	1
recq	C4ZJ76	bac	520	R	0	12.36	0	0.67	0.72	8.18	0
recq	A0AAX4KSA1	euk	937	W	1	0.63	1	0.73	0.91	5.08	1
recq	E4TL45	bac	440	Q	0	13.0	1	0.68	0.68	3.31	0
recq	C6XQJ7	bac	460	K	0	1.12	1	0.77	0.79	3.61	1
recq	A0AB34JGC5	euk	600	H	1	5.86	1	0.82	0.94	2.89	0
recq	A0AAW1R2V0	euk	616	T	0	1.75	1	0.69	0.79	3.99	1
recq	C8VVA7	bac	545	R	0	5.17	0	0.65	0.66	5.62	0
recq	A0AAW1S6N8	euk	961	Y	1	4.11	0	0.82	0.97	3.17	0
recq	E4T5K5	bac	516	D	0	10.07	0	0.64	0.65	4.31	0
recq	A0AAV9GM06	euk	428	R	0	1.13	1	0.73	0.85	4.07	1
recq	A0AAW2DUI3	euk	930	K	0	12.59	1	0.81	0.95	3.57	0
recq	C2MC37	bac	513	D	0	21.81	1	0.72	0.74	2.97	0
recq	D7CR13	bac	440	R	0	0.44	1	0.78	0.78	2.98	1
recq	D1AI20	bac	436	K	0	2.86	1	0.7	0.72	3.45	1
recq	C7Q0K4	bac	451	K	0	2.0	1	0.7	0.77	4.26	1
recq	A0AAW1KIL4	euk	914	F	1	2.22	1	0.76	0.93	3.78	1
recq	A0AAY4BZ82	euk	989	V	0	3.12	0	0.8	0.97	3.69	1
recq	C0GGZ5	bac	433	E	0	2.62	1	0.64	0.66	3.59	1
recq	A0ABD1YL12	euk	1031	K	0	12.77	0	0.77	0.88	3.51	0
recq	A0ABD2D5A1	euk	1010	F	1	7.18	1	0.64	0.75	8.12	0
recq	D0LUH4	bac	560	M	0	3.19	1	0.67	0.7	4.8	1
recq	A0ABD1KV69	euk	411	K	0	2.0	1	0.71	0.82	3.68	1
recq	A0AB34KVL3	euk	437	F	1	5.85	1	0.77	0.89	3.67	0
recq	A0ABD2MII3	euk	504	A	0	1.26	0	0.58	0.66	8.83	1
recq	E9CLK2	bac	478	I	0	7.46	1	0.78	0.79	2.63	0
recq	A0AAW2ZNQ3	euk	733	K	0	0.72	1	0.75	0.87	2.83	1
recq	C9LP34	bac	437	K	0	2.44	1	0.65	0.69	4.47	1
recq	A0AAY5ESH4	euk	870	K	0	9.4	1	0.61	0.67	7.35	0
recq	D6U7T3	bac	464	D	0	2.94	1	0.61	0.62	6.51	1
recq	E1WZQ0	bac	531	R	0	6.12	0	0.84	0.86	2.89	0
recq	A0A1Y6B6C5	bac	463	K	0	0.33	1	0.78	0.81	2.56	1
recq	A0A212QQJ6	bac	462	R	0	2.53	1	0.8	0.8	3.9	1
recq	A0A2P5G2G0	euk	924	Q	0	14.18	0	0.72	0.87	6.3	0
recq	A0A222G8Z2	bac	556	Q	0	1.22	1	0.68	0.72	3.09	1
recq	A0A2T2NB03	euk	1327	F	1	3.57	0	0.67	0.89	7.82	1
recq	A0A2G9G3H1	euk	750	K	0	10.63	1	0.85	0.94	2.78	0
recq	A0A2I1HK74	euk	452	K	0	1.9	1	0.85	0.86	1.82	1
recq	A0A1Y1SA27	bac	519	G	0	1.59	1	0.8	0.81	2.71	1
recq	A0A1Z5IB58	bac	479	K	0	3.36	1	0.74	0.77	3.46	1
recq	A0A3D8RJ47	euk	1377	F	1	1.52	1	0.8	1.0	3.68	1
recq	A0A2T2ZT25	euk	1410	I	0	2.0	0	0.8	1.01	4.68	1
recq	A0A239FM01	bac	533	A	0	11.7	1	0.68	0.69	3.03	0
recq	A0A225DBC6	bac	448	T	0	1.96	1	0.63	0.66	6.25	1
recq	A0A235F601	bac	438	N	0	1.72	0	0.68	0.69	3.73	1
recq	A0A316UNJ2	euk	938	F	1	7.52	1	0.82	0.99	3.08	0
recq	A0A2S5B5H4	euk	975	W	1	2.48	1	0.8	0.93	3.28	1
recq	A0A221T3A4	bac	484	Q	0	1.97	0	0.8	0.87	4.05	1
recq	A0A222P3A2	bac	544	V	0	6.74	0	0.74	0.78	2.03	0
recq	A0A1Z3HP71	bac	491	D	0	18.27	0	0.67	0.68	4.77	0
recq	A0A1Z4JK93	bac	498	R	0	1.42	1	0.64	0.67	6.69	1
recq	A0A1Z4V0W8	bac	515	K	0	11.67	1	0.79	0.77	2.85	0
recq	A0A1Y3XTT9	bac	544	Q	0	6.05	1	0.75	0.77	4.26	0
recq	A0A2P6MV93	euk	900	K	0	24.88	0	0.69	0.85	5.16	0
recq	A0A2R6RLK1	euk	915	W	1	2.49	1	0.77	0.92	3.07	1
recq	A0A2R5GB67	euk	908	I	0	14.61	1	0.87	0.99	3.26	0
pif1	A0ABY0HA38	ascomycota	379	R	1	7.96	1	0.72	0.92	2.79	0
pif1	A0ACA9TUV3	ascomycota	388	R	1	3.52	1	0.78	0.96	3.31	1
pif1	A0ACA9Y7U7	ascomycota	303	K	1	3.0	1	0.83	0.93	2.87	1
pif1	A0ACC1N0K5	ascomycota	451	K	1	7.22	1	0.76	0.96	3.2	0
pif1	A0ACC0QR54	ascomycota	434	R	1	2.92	1	0.84	1.01	3.34	1
pif1	A0ABY2H3J9	ascomycota	466	R	1	5.42	1	0.81	1.0	3.24	0
pif1	A0ACC1PT71	ascomycota	700	R	1	2.34	1	0.71	0.73	3.69	1
pif1	A0ABX8I4W3	ascomycota	297	R	1	2.64	0	0.84	0.98	1.91	1
pif1	A0ABY6US88	ascomycota	388	R	1	3.26	1	0.78	0.95	3.2	1
pif1	A0ABZ2WRY7	ascomycota	449	R	1	3.21	1	0.84	1.01	2.9	1
recq	A0ACC2NJ08	euk	1154	D	0	5.79	1	0.79	0.96	4.66	0
recq	A0ACB9ZCH0	euk	1423	I	0	4.76	0	0.65	0.88	9.78	0
recq	A0ACC1Y161	euk	910	M	0	3.82	0	0.75	0.91	3.5	1
recq	G4D3E1	bac	499	P	0	9.53	0	0.68	0.7	4.65	0
recq	G7GWB9	bac	473	K	0	1.08	1	0.74	0.77	3.06	1
recq	G4R7V5	bac	510	H	1	3.47	1	0.72	0.74	3.18	1
recq	F9ZMJ3	bac	444	R	0	2.37	1	0.68	0.71	3.91	1
recq	G8QSD9	bac	496	S	0	1.55	1	0.71	0.73	3.16	1
recq	C4M4V5	euk	900	T	0	17.28	0	0.67	0.76	5.92	0
recq	A0ACC2UP63	euk	813	R	0	13.84	1	0.85	0.98	2.77	0
recq	G8UL57	bac	576	D	0	10.99	1	0.67	0.7	3.6	0
recq	C1GRE2	euk	1187	F	1	2.35	0	0.74	0.92	4.42	1
recq	A0ACC0AL70	euk	933	K	0	13.23	1	0.85	0.97	3.0	0
recq	G0A4G9	bac	466	R	0	0.52	0	0.63	0.67	5.54	1
recq	A0ACC0VET1	euk	1298	V	0	4.67	0	0.64	0.86	9.84	0
recq	G2KSF7	bac	413	K	0	9.42	0	0.69	0.7	4.0	0
recq	A0ACB9NZB5	euk	909	K	0	11.6	1	0.77	0.92	3.6	0
recq	A0A8C5P0Q9	euk	710	R	0	7.04	1	0.83	0.97	2.34	0
recq	A0A8H4RKG8	euk	1396	F	1	3.13	1	0.78	0.97	3.51	1
recq	A0A8R2R8V4	euk	987	F	1	1.3	1	0.75	0.9	6.75	1
recq	A0A8E2E2M0	euk	1363	F	1	2.06	0	0.72	0.93	4.46	1
recq	A0A7D4CVE0	bac	440	K	0	5.65	0	0.69	0.69	3.53	0
recq	A0A8I2YWR0	euk	844	R	0	14.41	1	0.82	0.95	3.15	0
recq	A0A6L9ML60	bac	474	K	0	0.54	0	0.64	0.68	5.23	1
recq	A0A8J6KCJ9	euk	1036	Q	0	3.42	1	0.75	0.94	5.69	1
recq	A0A8H4L5F1	euk	1118	M	0	3.95	1	0.68	0.86	6.74	1
recq	A0A6N8HWU5	bac	460	E	0	9.49	0	0.64	0.66	7.98	0
recq	A0A8D2KV49	euk	690	S	0	1.64	1	0.66	0.67	6.33	1
recq	A0A6H2H5B3	bac	559	K	0	0.52	1	0.66	0.75	4.84	1
recq	A0A6N6RDW4	bac	443	A	0	2.78	1	0.83	0.8	2.18	1
recq	A0A6I6D670	bac	511	K	0	11.25	1	0.73	0.75	3.88	0
recq	A0A7D3XEK6	bac	489	Y	1	8.91	1	0.69	0.68	3.48	0
recq	A0A6H2DLK8	bac	476	G	0	2.35	1	0.76	0.78	3.32	1
recq	A0A8I3NX97	euk	1102	K	0	4.24	0	0.68	0.83	7.1	0
recq	A0A7C9LHL7	bac	439	K	0	1.4	1	0.7	0.72	3.69	1
recq	A0A8H7MMP3	euk	1277	T	0	3.2	0	0.74	0.94	6.62	1
recq	A0A8H4PY53	euk	483	K	0	7.89	1	0.81	0.89	3.05	0
recq	P54132	euk	1167	A	0	2.6	1	0.78	0.98	5.39	1
recq	A0A8H7UJ89	euk	908	R	0	19.47	1	0.77	0.92	3.07	0
recq	A0A022QCX5	euk	950	K	0	13.08	1	0.8	0.94	4.0	0
recq	A0A6C2UIP6	bac	463	R	0	10.67	1	0.69	0.69	4.11	0
recq	A0A6N9NHD2	bac	441	K	0	10.08	1	0.66	0.68	3.51	0
recq	A0A7H0VFX7	bac	447	S	0	2.04	1	0.7	0.69	3.56	1
recq	A0A8H4QQT8	euk	781	S	0	15.52	1	0.86	0.98	2.95	0
recq	A0A7G9SLR6	bac	759	H	1	5.36	1	0.71	0.73	3.98	0
recq	A0A6M0RGJ9	bac	519	R	0	10.43	1	0.7	0.72	4.83	0
recq	A0A7G1HSH5	bac	516	E	0	12.02	1	0.69	0.7	3.02	0
recq	A0A6I6DPC7	bac	482	Y	1	1.89	0	0.63	0.66	5.89	1
recq	A0A7D5ZFT6	bac	466	E	0	4.19	1	0.82	0.83	2.51	0
recq	A0A7G9W8R1	bac	464	K	0	5.61	1	0.65	0.66	5.23	0
recq	A0A6P1M8Q4	bac	482	Y	1	5.32	1	0.65	0.65	4.97	0
recq	A0A8D0G5B4	euk	855	N	0	2.89	1	0.77	0.92	4.24	1
recq	A0A6L5YAS1	bac	444	K	0	2.13	1	0.7	0.71	3.46	1
recq	A0A6P2C2H8	bac	487	R	0	1.27	1	0.72	0.77	4.59	1
recq	A0A8C6L9U3	euk	812	S	0	9.21	1	0.81	0.91	3.82	0
recq	A0A7G9GXP2	bac	434	Q	0	3.49	1	0.63	0.65	7.83	1
recq	A0A8H4IQB8	euk	1309	R	0	2.74	0	0.68	0.84	11.68	1
recq	A0A8J4BF25	euk	907	Q	0	10.55	1	0.84	1.01	3.22	0
recq	A0A8J5HCX7	euk	925	K	0	10.38	0	0.84	0.98	2.95	0
recq	A0A6N8FYU1	bac	516	P	0	9.86	0	0.75	0.75	3.02	0
recq	A0A8C9D9Z6	euk	1301	M	0	1.62	0	0.75	0.97	6.0	1
recq	A0A6N6M9K4	bac	434	K	0	2.94	1	0.71	0.7	2.44	1
recq	A0A6I6GEN3	bac	558	E	0	5.92	1	0.67	0.7	3.65	0
recq	A0A8I3W2S6	euk	1038	V	0	5.78	0	0.64	0.77	7.73	0
recq	A0A6L8W9J3	bac	512	R	0	6.06	1	0.82	0.83	2.43	0
recq	A0A8E2ETE9	euk	1311	K	0	1.67	0	0.67	0.89	9.34	1
recq	A0A8H5FCC2	euk	902	K	0	12.38	0	0.82	0.96	4.76	0
recq	A0A370TMI0	euk	1396	F	1	2.91	0	0.75	0.96	4.22	1
recq	A0A368GYQ0	euk	860	V	0	2.73	1	0.72	0.88	4.1	1
recq	A0A2G4YLP4	bac	441	K	0	2.73	1	0.83	0.84	2.61	1
recq	A0A290QFV6	bac	481	N	0	11.37	0	0.72	0.76	3.66	0
recq	A0A369JLT1	euk	867	R	0	1.7	1	0.77	0.9	3.81	1
recq	A0A2A2TC27	bac	516	A	0	12.67	1	0.76	0.74	3.55	0
recq	A0A286U1U6	bac	478	Y	1	0.33	0	0.63	0.65	5.47	1
recq	A0A2Z7AMM9	euk	841	Q	0	16.08	1	0.86	0.97	2.8	0
recq	A0A2H3LBU9	bac	907	Y	1	0.94	1	0.7	0.7	4.23	1
recq	A0A2A5S5G9	bac	430	R	0	1.95	1	0.73	0.74	3.59	1
recq	A0A2K9LLV7	bac	482	Y	1	4.62	1	0.67	0.7	3.64	0
recq	A0A2T9YMA4	euk	900	K	0	5.08	1	0.77	0.94	3.61	0
recq	A0A259U183	bac	542	K	0	9.09	1	0.64	0.68	6.9	0
recq	A0A316YTU9	euk	810	F	1	2.21	1	0.76	0.89	4.47	1
recq	A0A2T7PWK2	euk	856	N	0	1.45	1	0.79	0.92	3.64	1
recq	A0A2D0AXL0	bac	491	I	0	1.05	0	0.67	0.69	3.39	1
recq	A0A285ZTE1	bac	462	A	0	26.9	1	0.68	0.7	3.61	0
recq	A0A2T3BF66	euk	1399	F	1	2.86	0	0.75	0.95	4.18	1
recq	A0A2Y9EUT6	euk	1208	N	0	3.19	1	0.78	0.97	5.88	1
recq	A0A2H6LK08	bac	483	R	0	19.42	0	0.7	0.71	3.58	0
recq	A0A285UIF3	bac	435	K	0	2.84	1	0.65	0.66	4.78	1
recq	A0A285UW07	bac	503	R	0	4.67	1	0.82	0.82	2.3	0
recq	A0A285H271	bac	572	R	0	49.44	0	0.67	0.66	9.92	0
recq	A0A2T7F1P4	euk	954	Y	1	10.4	0	0.82	0.95	3.02	0
recq	A0A251X9U2	bac	445	R	0	0.67	1	0.69	0.72	4.09	1
recq	B8EJJ5	bac	535	P	0	12.43	1	0.76	0.79	2.8	0
recq	A0AAV6WK74	euk	936	K	0	11.14	0	0.83	0.97	2.99	0
recq	B4CWF3	bac	432	N	0	11.69	1	0.74	0.75	4.28	0
recq	A0AAV9E8R4	euk	837	E	0	10.37	1	0.79	0.93	3.04	0
recq	A0AAV8VUM4	euk	526	E	0	0.85	0	0.62	0.73	7.89	1
recq	B9Z938	bac	454	H	1	1.52	1	0.75	0.77	2.41	1
pif1	S3DLT2	ascomycota	499	R	1	5.6	1	0.75	0.95	3.25	0
pif1	W9CKN3	ascomycota	467	K	1	7.77	1	0.86	1.03	3.23	0
recq	A0A9D5CPS9	euk	956	K	0	11.39	1	0.83	0.97	3.61	0
pif1	W3WI34	ascomycota	499	R	1	5.8	1	0.84	1.02	2.29	0
pif1	U4KVV4	ascomycota	478	K	1	7.37	1	0.8	0.98	3.11	0
recq	A0A7W9FLY0	bac	424	R	0	1.47	1	0.74	0.77	4.38	1
pif1	S9PVT1	ascomycota	387	K	1	6.09	1	0.82	0.97	2.59	0
pif1	S9X0K1	ascomycota	387	K	1	6.78	1	0.77	0.93	2.91	0
pif1	U1GI40	ascomycota	306	R	1	5.26	1	0.73	0.88	3.18	0
recq	A0A8T2PQH5	euk	643	F	1	19.43	1	0.54	0.7	10.15	0
recq	A0A4Q4STP6	euk	1373	I	0	2.05	1	0.68	0.9	7.37	1
recq	A0A4Q1BVK0	euk	876	K	0	2.29	1	0.77	0.94	4.39	1
recq	A0A4V6ANN0	euk	996	Q	0	5.25	0	0.78	0.98	2.97	0
recq	A0A507BMM8	euk	1597	K	0	2.49	0	0.68	0.88	8.45	1
recq	A0A507BXQ1	euk	989	K	0	1.21	1	0.76	0.93	3.03	1
recq	A0A507DSX7	euk	1005	E	0	9.3	1	0.89	1.05	1.99	0
recq	A0A4Y9YTD9	euk	951	Y	1	5.2	1	0.9	1.04	2.37	0
recq	A0A4S2MHN7	euk	1304	F	1	2.0	1	0.78	0.98	4.25	1
recq	A0A4V3XHR9	euk	676	N	0	13.11	1	0.82	0.92	2.3	0
recq	A0A507FQA8	euk	966	R	0	4.93	0	0.73	0.89	6.34	0
recq	A0A402D4B0	bac	637	K	0	5.64	1	0.82	0.84	2.95	0
recq	A0A4D7JNS5	bac	517	E	0	12.83	1	0.66	0.67	3.44	0
recq	A0A430AZF0	bac	441	R	0	5.58	0	0.69	0.71	3.66	0
recq	A0A4D7B4R5	bac	438	F	1	0.19	1	0.65	0.69	4.9	1
recq	A0A418YDN0	bac	449	R	0	1.62	1	0.75	0.77	2.72	1
recq	A0A4Q7Z566	bac	478	R	0	3.14	0	0.71	0.73	4.54	1
recq	A0A430FVU8	bac	643	P	0	1.48	0	0.71	0.81	4.38	1
recq	A0A437QXI0	bac	441	V	0	5.05	1	0.74	0.76	3.71	0
recq	A0A402A3C8	bac	448	K	0	3.34	1	0.62	0.64	7.42	1
recq	A0A433N804	bac	465	E	0	14.11	1	0.74	0.72	3.15	0
recq	A0A410QGW7	bac	431	Q	0	2.72	1	0.69	0.69	5.48	1
recq	A0A4P9VWQ5	bac	439	K	0	10.96	1	0.69	0.69	4.7	0
recq	A0A426QGC8	bac	521	S	0	3.51	1	0.71	0.73	3.18	1
recq	A0A401XJL4	bac	513	F	1	25.93	1	0.65	0.65	3.66	0
recq	A0A4Q0Y4Z7	bac	460	N	0	2.82	1	0.67	0.68	4.2	1
recq	A0A4E0RFP9	euk	797	Q	0	3.34	1	0.81	0.91	3.84	1
recq	A0A3N4M1V1	euk	1520	F	1	7.53	0	0.71	0.95	7.91	0
recq	A0A4P9X9H9	euk	475	M	0	1.39	1	0.82	0.84	1.57	1
recq	A0A4D9DGB0	euk	846	K	0	5.82	0	0.61	0.61	10.62	0
recq	A0A3P7PZT4	euk	484	R	0	1.98	1	0.74	0.76	2.61	1
recq	A0A3Q3DXJ1	euk	760	S	0	10.06	1	0.73	0.84	4.06	0
recq	A0A3R7MBR0	euk	454	R	0	0.77	1	0.74	0.9	4.86	1
recq	A0A423W9F8	euk	1268	K	0	16.9	0	0.74	0.94	4.12	0
recq	A0A3P7DL67	euk	719	N	0	1.43	0	0.68	0.74	6.32	1
recq	A0A3P6H7J7	euk	852	W	1	3.14	1	0.82	0.95	3.65	1
recq	A0A443P3B5	euk	863	Q	0	10.17	1	0.69	0.85	6.28	0
recq	A0A401GK72	euk	883	P	0	5.22	1	0.89	1.02	2.12	0
recq	A0A409VKU1	euk	844	H	1	3.07	1	0.84	0.95	3.28	1
recq	A0A401P617	euk	604	N	0	0.99	1	0.75	0.91	3.41	1
recq	A0A3P7M6E0	euk	391	N	0	17.57	1	0.56	0.62	8.43	0
recq	A0A484MLE7	euk	931	K	0	12.79	0	0.82	0.96	2.87	0
recq	A0A3L8S0J4	euk	856	S	0	0.83	0	0.81	0.97	3.11	1
recq	A0A3N4KGA8	euk	1399	T	0	0.67	1	0.71	0.94	7.01	1
recq	A0A409V955	euk	779	Y	1	1.15	1	0.73	0.87	4.66	1
recq	A0A3N4HU45	euk	1278	F	1	2.25	1	0.74	0.97	6.19	1
pif1	A0A0V1Q2Z0	ascomycota	316	R	1	5.56	1	0.74	0.89	3.18	0
pif1	A0A0G4PIW6	ascomycota	359	K	1	2.4	1	0.77	0.94	2.93	1
pif1	A0A238F8L5	basidiomycota	374	K	1	7.67	1	0.8	0.96	3.01	0
pif1	A0A0F4YPA8	ascomycota	284	K	1	6.1	1	0.79	0.93	2.95	0
pif1	A0A1B9GQY0	basidiomycota	250	R	1	10.64	1	0.79	0.86	2.74	0
pif1	A0A0J9X617	ascomycota	327	R	1	2.79	1	0.77	0.92	3.32	1
pif1	A0A1K0G3T0	basidiomycota	355	K	1	6.75	1	0.78	0.93	2.22	0
pif1	A0AAN7D3L5	mucoromycota	395	F	0	9.01	1	0.82	0.98	2.04	0
pif1	A0A1M2VH00	basidiomycota	157	T	0	5.41	1	0.75	0.85	2.34	0
pif1	A0A0G2I193	ascomycota	395	R	1	6.21	1	0.76	0.94	3.45	0
pif1	A0A286UR16	basidiomycota	227	N	0	6.81	1	0.76	0.82	3.15	0
pif1	A0A0F8V674	ascomycota	382	R	1	2.07	1	0.77	0.94	2.8	1
pif1	A0A0N0DEY4	ascomycota	398	R	1	2.83	1	0.79	0.96	3.36	1
pif1	A0A0G4KXU7	ascomycota	428	R	1	5.51	1	0.77	0.96	3.3	0
pif1	A0A0L0NDI1	ascomycota	430	R	1	8.41	1	0.78	0.97	2.64	0
pif1	A0A2G8S4W6	basidiomycota	157	T	0	2.1	1	0.76	0.86	2.91	1
pif1	A0A0P1KKU7	ascomycota	378	R	1	3.33	1	0.75	0.92	2.83	1
pif1	A0A1B9GYC6	basidiomycota	330	K	1	5.74	1	0.78	0.92	1.75	0
pif1	A0A0G2G6N1	ascomycota	328	K	1	3.26	1	0.82	0.97	2.59	1
pif1	A0A1E3I3G1	basidiomycota	278	K	1	14.05	1	0.77	0.9	2.74	0
pif1	A0A1M8AB69	basidiomycota	208	R	1	3.45	1	0.82	0.92	2.93	1
pif1	A0A0F8UK25	ascomycota	336	R	1	7.3	1	0.81	0.94	3.01	0
pif1	A0A0F4ZHF8	ascomycota	304	R	1	3.25	1	0.83	0.96	2.48	1
pif1	A0A0J9XD28	ascomycota	399	R	1	6.89	1	0.81	0.99	3.42	0
pif1	A0A2R6NMH7	basidiomycota	154	T	0	4.15	1	0.81	0.91	2.61	0
pif1	A0A1Y2IYW8	basidiomycota	240	G	0	14.36	1	0.76	0.82	2.44	0
pif1	A0A1E3JFJ4	basidiomycota	280	K	1	5.4	1	0.78	0.9	2.38	0
pif1	A0A0H1B6P3	ascomycota	348	R	1	4.93	1	0.78	0.95	3.48	0
pif1	A0A0F8DHR2	ascomycota	295	R	1	6.3	1	0.78	0.91	2.88	0
pif1	A0A0G4N7A9	ascomycota	428	R	1	5.3	1	0.79	0.98	3.53	0
pif1	A0A1E3HRY9	basidiomycota	272	L	0	6.6	1	0.77	0.89	2.4	0
pif1	A0A0F7ZTC5	ascomycota	429	R	1	3.61	0	0.76	0.94	3.29	1
pif1	A0A0N1NVW2	ascomycota	299	R	1	3.76	1	0.76	0.89	3.18	1
pif1	A0A1B9IG44	basidiomycota	338	K	1	7.34	1	0.79	0.94	2.11	0
pif1	A0A4Q1BV97	basidiomycota	272	M	0	5.66	1	0.8	0.92	1.9	0
pif1	A0A0L1J6G6	ascomycota	327	K	1	6.12	1	0.75	0.91	3.35	0
pif1	A0A1M2VF04	basidiomycota	254	G	0	7.46	1	0.67	0.78	3.21	0
pif1	A0A0W4ZHZ4	ascomycota	378	K	1	8.17	1	0.74	0.91	2.95	0
pif1	A0A2G8RUN7	basidiomycota	242	K	1	4.14	1	0.75	0.87	3.3	0
pif1	A0A1J8Q9H0	basidiomycota	220	G	0	8.33	1	0.69	0.76	2.79	0
pif1	A0A2A9NU72	basidiomycota	99	K	1	6.65	1	0.83	0.86	1.93	0
pif1	A0A1M2VTG0	basidiomycota	294	K	1	5.73	1	0.79	0.89	2.97	0
pif1	A0A1C7MA88	basidiomycota	253	K	1	8.47	1	0.79	0.92	2.11	0
pif1	A0A1B9FTK0	basidiomycota	234	R	1	4.51	1	0.79	0.84	2.76	0
pif1	I1BKX4	mucoromycota	262	Y	0	13.3	1	0.74	0.86	3.29	0
pif1	A0A0U5FW00	ascomycota	380	K	1	6.13	1	0.78	0.97	3.36	0
pif1	A0A0M9VTS8	ascomycota	419	R	1	3.69	1	0.78	0.96	2.21	1
pif1	A0A9W4WTA5	mucoromycota	319	K	1	10.66	1	0.82	0.96	2.01	0
pif1	A0ACA9NG08	mucoromycota	276	R	1	3.24	1	0.87	1.02	2.42	1
pif1	A0A1B9HTQ2	basidiomycota	323	K	1	8.33	1	0.81	0.94	1.74	0
recq	A0AA41YVL1	bac	462	R	0	12.6	1	0.79	0.8	2.45	0
recq	A0AA88XII0	euk	614	S	0	0.49	0	0.6	0.66	8.06	1
recq	A0AA41MXQ7	euk	1083	D	0	3.25	0	0.68	0.82	10.61	1
recq	A0AA41UKV1	bac	442	K	0	1.55	0	0.64	0.67	6.08	1
recq	A0AA89AFV0	euk	890	K	0	2.27	1	0.74	0.88	3.46	1
recq	A0A2W1NQ56	bac	517	A	0	21.04	0	0.67	0.68	3.09	0
recq	A0A2W2CA50	bac	457	K	0	1.86	1	0.72	0.74	3.4	1
recq	A0A316FQ60	bac	452	N	0	1.19	0	0.63	0.66	2.48	1
recq	A0A2V3V4Y2	bac	475	E	0	5.06	1	0.78	0.79	2.6	0
recq	A0A2Z4FJA8	bac	544	G	0	1.38	1	0.71	0.71	3.76	1
recq	A0A2V4EST3	bac	438	R	0	0.59	1	0.76	0.76	2.78	1
recq	A0A2U2AG72	bac	472	S	0	8.18	1	0.77	0.77	3.27	0
recq	A0A317E0A4	bac	482	L	0	2.57	0	0.72	0.74	3.26	1
recq	A0A2W1JHV8	bac	443	N	0	8.38	1	0.69	0.69	4.55	0
recq	A0A2Z2NNV3	bac	486	V	0	3.11	1	0.68	0.7	3.67	1
recq	A0A1J8R9H4	euk	889	N	0	0.84	0	0.75	0.87	3.84	1
recq	A0A1M8A9H4	euk	768	V	0	1.31	1	0.79	0.91	3.15	1
recq	A0A1I1IKW5	bac	516	D	0	26.75	1	0.63	0.64	5.77	0
recq	A0A1M2W362	euk	959	K	0	7.46	1	0.87	1.01	2.61	0
recq	A0A1X0QA46	euk	602	N	0	3.46	1	0.84	0.91	2.04	1
recq	A0A1I5VSU4	bac	568	E	0	19.87	1	0.66	0.7	3.95	0
recq	A0A1I0M9G4	bac	514	S	0	17.89	1	0.68	0.69	2.9	0
recq	A0A1W5CYN6	euk	1394	F	1	3.61	0	0.72	0.94	4.39	1
recq	A0A1I0CSQ0	bac	519	S	0	7.29	1	0.77	0.81	2.24	0
recq	A0A1I6GRU5	bac	482	R	0	1.33	0	0.76	0.81	2.74	1
recq	A0A1I5AKD4	bac	540	E	0	11.09	1	0.72	0.72	3.0	0
recq	A0A1I0HCG4	bac	445	A	0	2.37	1	0.71	0.78	5.73	1
recq	A0A1R2BHR5	euk	664	G	0	1.98	0	0.71	0.86	5.12	1
recq	A0A1I4U1N9	bac	552	R	0	8.27	1	0.67	0.69	7.09	0
recq	A0A1I2D684	bac	523	T	0	18.85	0	0.64	0.66	5.23	0
recq	A0A1W0ABS8	euk	924	V	0	0.98	0	0.67	0.78	4.94	1
recq	A0A1X2HR09	euk	943	S	0	4.71	1	0.78	0.93	2.79	0
recq	A0A1I3QJ50	bac	497	Y	1	0.84	1	0.69	0.7	4.31	1
recq	A0A1S3EUP5	euk	725	T	0	3.16	1	0.78	0.9	4.12	1
recq	A0A1U7TXA0	euk	1162	Q	0	2.14	1	0.81	1.0	4.35	1
recq	A0A1Q3AZM1	euk	927	K	0	9.72	0	0.83	0.97	3.05	0
recq	A0A1R0H802	euk	944	V	0	0.75	1	0.75	0.94	3.61	1
recq	A0A1U8B1H9	euk	947	K	0	11.64	0	0.76	0.92	3.79	0
recq	A0A1I5D7G2	bac	521	H	1	2.05	1	0.82	0.84	2.17	1
recq	A0A1I4ZKX2	bac	476	Q	0	6.75	1	0.76	0.76	3.11	0
recq	A0A1I5Z8U4	bac	594	I	0	3.08	0	0.71	0.72	3.4	1
recq	A0A1I1VUW1	bac	444	R	0	2.16	1	0.74	0.75	2.71	1
recq	A0A1L0CS80	euk	997	V	0	14.64	1	0.87	1.04	2.04	0
recq	A0A1V2L719	euk	952	K	0	3.78	0	0.65	0.85	8.57	1
recq	A0A1I2NUQ3	bac	432	Q	0	2.41	1	0.69	0.7	4.26	1
