START Tue Jul  7 12:22:27 EDT 2026
===== [R3_gtr20] IQTREE Tue Jul  7 12:22:27 EDT 2026 =====
IQ-TREE version 3.1.2 for Linux x86 64-bit built May 17 2026
Developed by Bui Quang Minh, Thomas Wong, Nhan Ly-Trong, Huaiyan Ren
Contributed by Lam-Tung Nguyen, Dominik Schrempf, Chris Bielow,
Olga Chernomor, Michael Woodhams, Diep Thi Hoang, Heiko Schmidt

Host:    YeastComp (AVX512, FMA3, 78 GB RAM)
Command: /home/spencer/miniforge3/envs/pif1recon/bin/iqtree3 -s results/seq_tree/alnAA_3di.fasta -p results/reviewer/part_gtr20.nex -T AUTO -seed 42 -alrt 1000 -pre results/reviewer/R3_gtr20 -redo
Seed:    42 (Using SPRNG - Scalable Parallel Random Number Generator)
Time:    Tue Jul  7 12:22:27 2026
Kernel:  AVX+FMA - auto-detect threads (32 CPU cores detected)

Reading partition model file results/reviewer/part_gtr20.nex ...
Reading alignment file results/seq_tree/alnAA_3di.fasta ... Fasta format detected
Reading fasta file: done in 0.00339794 secs using 89.35% CPU
Alignment most likely contains protein sequences
Constructing alignment: done in 0.00356007 secs
Alignment has 957 sequences with 418 columns, 417 distinct patterns
374 parsimony-informative, 25 singleton sites, 19 constant sites
                                Gap/Ambiguity  Composition  p-value
Analyzing sequences: done in 0.00090909 secs
   1  A0A0C7N4Y2_Lachancea              1.44%    passed     81.05%
   2  A0A0W4ZHZ4_Pneumocystis           0.96%    passed     98.68%
   3  A0A0W4ZNJ0_Pneumocystis           0.48%    passed     98.67%
   4  A0A1G4K4H6_Lachancea              1.44%    passed     96.56%
   5  A0A2P7YPG7_Candidozyma            1.91%    passed     97.66%
   6  A5DHA1_Meyerozyma                 1.91%    passed     97.99%
   7  B6K513_Schizosaccharomyces        0.48%    passed     99.90%
   8  C4R0P2_Komagataella               2.39%    passed     99.57%
   9  G0V5V7_Naumovozyma                1.44%    passed     97.49%
  10  G0WAI2_Naumovozyma                1.44%    passed     96.33%
  11  G8BK92_Candida                    1.91%    passed     99.97%
  12  G8BQC5_Tetrapisispora             1.91%    passed     59.55%
  13  G8JMQ5_Eremothecium               1.91%    passed     96.78%
  14  G8ZST6_Torulaspora                1.44%    passed     99.83%
  15  H2AZM3_Kazachstania               1.44%    passed     97.54%
  16  I2H566_Henningerozyma             2.39%    passed     85.58%
  17  J7S6X7_Huiozyma                   1.44%    passed     95.91%
  18  M7P7M8_Pneumocystis               0.96%    passed     98.19%
  19  P07271_Saccharomyces              1.44%    passed     95.81%
  20  P38766_Saccharomyces              2.39%    passed     75.40%
  21  Q59RQ0_Candida                    1.91%    passed     99.22%
  22  Q6BQK7_Debaryomyces               1.44%    passed     94.75%
  23  Q6FKI9_Nakaseomyces               1.44%    passed     93.65%
  24  Q9UUA2_Schizosaccharomyces        0.48%    passed     82.26%
  25  S9PVT1_Schizosaccharomyces        0.48%    passed     99.90%
  26  S9X0K1_Schizosaccharomyces        0.48%    passed     99.87%
  27  W1QEW7_Ogataea                    2.39%    passed     97.42%
  28  W6MNR6_Kuraishia                  2.39%    passed     67.05%
  29  A0A066XBE3_Colletotrichum         0.00%    passed     99.97%
  30  A0A098E1Q1_Fusarium               0.00%    passed     99.99%
  31  A0A0A8L254_Kluyveromyces          1.91%    passed     97.13%
  32  A0A0A8L495_Kluyveromyces          1.44%    passed     95.07%
  33  A0A0D2HCP1_Cladophialophora       0.48%    passed     99.92%
  34  A0A0D2IYR0_Rhinocladiella         0.48%    passed     99.97%
  35  A0A0E9NJD1_Saitoella              0.96%    passed     96.87%
  36  A0A0F8UK25_Aspergillus            0.48%    passed     98.38%
  37  A0A0G2G6N1_Phaeomoniella          0.96%    passed     99.95%
  38  A0A0G4N7A9_Verticillium           0.00%    passed     99.97%
  39  A0A0G4PIW6_Penicillium            0.00%    passed     99.89%
  40  A0A0X8HVB8_Eremothecium           1.91%    passed     79.22%
  41  A0A135UEW1_Colletotrichum         0.00%    passed     99.88%
  42  A0A162ZNR2_Ascochyta              0.96%    passed    100.00%
  43  A0A166QWJ6_Colletotrichum         0.00%    passed     99.95%
  44  A0A167DT29_Sugiyamaella           6.70%    passed     99.61%
  45  A0A178CX55_Fonsecaea              0.48%    passed     99.62%
  46  A0A178FD44_Trichophyton           0.96%    passed    100.00%
  47  A0A1B2JBB9_Komagataella           2.39%    passed     99.52%
  48  A0A1E3B484_Aspergillus            0.48%    passed    100.00%
  49  A0A1F8AAX5_Aspergillus            0.48%    passed     97.63%
  50  A0A1G4B3T3_Colletotrichum         0.00%    passed     99.97%
  51  A0A1G4J9Z3_Lachancea              1.91%    passed     98.84%
  52  A0A1G4M6R4_Lachancea              1.91%    passed     98.88%
  53  A0A1J9QLP1_Diplodia               2.39%    passed     97.88%
  54  A0A1L7WWW9_Phialocephala          0.00%    passed     99.94%
  55  A0A1V6U152_Penicillium            0.48%    passed    100.00%
  56  A0A1W5D893_Lasallia               0.96%    passed    100.00%
  57  A0A2A9PT09_Ophiocordyceps         0.00%    passed     99.95%
  58  A0A2C5WV42_Ceratocystis           0.00%    passed     99.24%
  59  A0A2C5Z163_Ophiocordyceps         0.00%    passed     99.97%
  60  A0A2G7FQB8_Aspergillus            0.00%    passed     99.98%
  61  A0A2S4L8F3_Tolypocladium          0.00%    passed     99.85%
  62  A0A2S4Q1N6_Erysiphe               0.00%    passed     99.97%
  63  A0A2T0FEC6_Wickerhamiella         5.74%    passed     94.08%
  64  A0A2U9RAS2_Pichia                 4.31%    passed     90.28%
  65  A0A370TV91_Venustampulla          0.00%    passed     99.96%
  66  A0A3D8QMU0_Aspergillus            0.48%    passed     99.86%
  67  A0A401KJ13_Aspergillus            0.48%    passed    100.00%
  68  A0A420Y4N6_Coniochaeta            0.00%    passed     99.78%
  69  A0A423X8J6_Cytospora              0.00%    passed     99.99%
  70  A0A4P6XHN0_Metschnikowia          3.35%    passed     94.09%
  71  A0A4Q4SNS4_Alternaria             0.48%    passed     99.95%
  72  A0A4Q4SW76_Monosporascus          0.00%    passed     99.99%
  73  A0A4R8TC14_Colletotrichum         0.00%    passed     99.89%
  74  A0A4T0X234_Pichia                 3.35%    passed     60.41%
  75  A0A4Z1I1P6_Botryotinia            0.00%    passed     99.76%
  76  A0A5E8BJL0_Magnusiomyces          2.87%    passed     98.59%
  77  A0A5M3Z9B9_Aspergillus            0.00%    passed    100.00%
  78  A0A6H0XK98_Peltaster              0.48%    passed     99.78%
  79  A0A7D8YNF5_Lachnellula            0.00%    passed    100.00%
  80  A0A8E5HVQ8_Ustilaginoidea         0.00%    passed     99.99%
  81  A0A8H3WE31_Colletotrichum         0.00%    passed     99.35%
  82  A0A8H5T131_Fusarium               0.00%    passed     99.97%
  83  A0A8J2T8D0_Zygosaccharomyces      6.70%    passed     97.50%
  84  A0A8J8WMJ2_Penicillium            0.00%    passed    100.00%
  85  A0A8K0LFH0_Elsinoe                0.48%    passed    100.00%
  86  A0A8T9C083_Lachnellula            0.00%    passed    100.00%
  87  A0A9N9L4M2_Hymenoscyphus          0.00%    passed     99.97%
  88  A0A9P5AP51_Fusarium               0.00%    passed     99.99%
  89  A0A9P5F6D8_Colletotrichum         0.00%    passed     99.45%
  90  A0A9P5IFU8_Botrytis               0.00%    passed     99.59%
  91  A0A9P7HAM0_Fusarium               0.00%    passed    100.00%
  92  A0A9P8NYE8_Ogataea                2.39%    passed     97.83%
  93  A0A9P8TS07_Trichoderma            0.00%    passed     99.98%
  94  A0A9Q8LAV6_Fulvia                 0.96%    passed     99.99%
  95  A0A9Q8QLM5_Purpureocillium        0.00%    passed     99.95%
  96  A0A9W9HYZ6_Penicillium            0.00%    passed     99.89%
  97  A0A9W9RW94_Penicillium            0.00%    passed     98.88%
  98  A0AAD9T215_Diplocarpon            0.00%    passed     99.98%
  99  A0AAI9SXC1_Candida                3.83%    passed     99.38%
 100  Q5AXT5_Aspergillus                0.96%    passed     99.99%
 101  A0A010SLY8_Colletotrichum         0.00%    passed     99.96%
 102  A0A0A2KKZ8_Penicillium            0.00%    passed     99.33%
 103  A0A0C7N9H1_Lachancea              2.39%    passed     96.82%
 104  A0A0D2AM31_Verruconis             1.44%    passed     99.94%
 105  A0A0D2CU01_Cladophialophora       0.48%    passed     99.91%
 106  A0A0F4GSW0_Zymoseptoria           0.48%    passed     99.97%
 107  A0A0F7TPW7_Penicillium            0.00%    passed     99.84%
 108  A0A0F8V674_Aspergillus            0.48%    passed     95.96%
 109  A0A0J9X617_Geotrichum             2.87%    passed     97.92%
 110  A0A0J9XD28_Geotrichum             0.00%    passed     99.06%
 111  A0A0L1J6G6_Aspergillus            0.48%    passed     99.62%
 112  A0A0P1KUZ5_Lachancea              0.96%    passed     95.88%
 113  A0A0U1LMZ8_Talaromyces            0.00%    passed     99.75%
 114  A0A0U5FW00_Aspergillus            0.00%    passed    100.00%
 115  A0A179UY81_Blastomyces            0.96%    passed     99.88%
 116  A0A194VFA7_Cytospora              2.39%    passed     99.96%
 117  A0A1E1KHD1_Rhynchosporium         0.48%    passed    100.00%
 118  A0A1E5R2E4_Hanseniaspora         51.20%    failed      0.00%
 119  A0A1E5RH49_Hanseniaspora         50.96%    failed      0.00%
 120  A0A1E5RYU5_Hanseniaspora         51.67%    failed      0.00%
 121  A0A1G4JAR2_Lachancea              0.96%    passed     99.74%
 122  A0A1G4JJ13_Lachancea              1.44%    passed     97.09%
 123  A0A1G4KK60_Lachancea              1.44%    passed     97.25%
 124  A0A1G4M6E1_Lachancea              1.44%    passed     98.85%
 125  A0A1J9QG29_Blastomyces            0.96%    passed     99.84%
 126  A0A1L0D0Q5_Hanseniaspora          1.91%    passed     99.37%
 127  A0A1L7VNC0_Fusarium               0.00%    passed     99.99%
 128  A0A1X7R554_Maudiozyma             1.91%    passed     96.52%
 129  A0A218YVE5_Diplocarpon            0.00%    passed    100.00%
 130  A0A232LWR6_Elaphomyces            0.48%    passed     99.84%
 131  A0A292Q3K7_Tuber                  0.48%    passed     95.04%
 132  A0A2B7WVK7_Helicocarpus           0.48%    passed     99.97%
 133  A0A2D3UXI5_Ramularia              0.48%    passed     98.79%
 134  A0A2K1QRC5_Sphaceloma             0.48%    passed    100.00%
 135  A0A2S6CBW7_Cercospora             0.96%    passed     98.71%
 136  A0A2V1A9H7_Candidozyma            1.91%    passed     98.42%
 137  A0A2V1ALF0_Candidozyma            1.91%    passed     95.93%
 138  A0A2W1ERC3_Pyrenophora            1.44%    passed     99.97%
 139  A0A364L1Q7_Talaromyces            0.00%    passed     99.99%
 140  A0A367L4D8_Ophiocordyceps         0.00%    passed    100.00%
 141  A0A367YDY7_Candida                2.39%    passed     97.52%
 142  A0A384JQ16_Botrytis               0.00%    passed     99.93%
 143  A0A423WMC8_Cytospora              1.44%    passed     99.27%
 144  A0A448YGA8_Brettanomyces          2.39%    passed     97.08%
 145  A0A448YPH1_Brettanomyces          2.39%    passed     94.90%
 146  A0A4Y8D3B0_Botryotinia            0.00%    passed     99.99%
 147  A0A4Z0Z973_Xylaria                0.00%    passed    100.00%
 148  A0A507AHL1_Thyridium              0.00%    passed     99.93%
 149  A0A5Q4C7C0_Colletotrichum         0.00%    passed     99.99%
 150  A0A6A6V6U0_Sporormia              1.44%    passed     99.99%
 151  A0A6V8H3K1_Talaromyces            0.00%    passed     99.78%
 152  A0A7H8QY08_Talaromyces            0.00%    passed     99.90%
 153  A0A8G0PM48_Trichoderma            0.00%    passed     99.88%
 154  A0A8H2ZKI7_Maudiozyma             1.44%    passed     97.33%
 155  A0A8H4ISW3_Botryosphaeria         0.96%    passed     99.98%
 156  A0A8H4KSP0_Fusarium               0.00%    passed     99.97%
 157  A0A8H4L6X0_Fusarium               0.00%    passed    100.00%
 158  A0A8H4XL08_Fusarium               0.00%    passed     99.98%
 159  A0A8H5VWV3_Fusarium               0.00%    passed     99.99%
 160  A0A8H5XTU0_Fusarium               0.00%    passed     99.99%
 161  A0A8H6U8X2_Colletotrichum         0.00%    passed     99.60%
 162  A0A8H6UTP6_Aspergillus            0.00%    passed     99.93%
 163  A0A8H6VE95_Pseudocercospora       0.48%    passed     99.99%
 164  A0A9N8P9K6_Aureobasidium          0.48%    passed     99.98%
 165  A0A9N9LYP1_Hymenoscyphus          0.00%    passed     99.92%
 166  A0A9N9Y4Q8_Clonostachys           0.00%    passed    100.00%
 167  A0A9P0QRK9_Kurtzmaniella          1.44%    passed     84.30%
 168  A0A9P4YU51_Geosmithia             0.00%    passed     99.90%
 169  A0A9P8M8W8_Metarhizium            0.00%    passed    100.00%
 170  A0A9P8SF62_Hirsutella             0.00%    passed     99.99%
 171  A0A9P9XSS9_Colletotrichum         0.00%    passed     99.76%
 172  A0A9W7DE56_Ambrosiozyma           2.39%    passed     99.63%
 173  A0A9W7SU85_Teratosphaeria         0.48%    passed     99.77%
 174  A0A9W8N7W2_Xylaria                0.00%    passed    100.00%
 175  A0A9W9FVK9_Penicillium            0.48%    passed    100.00%
 176  A0A9W9KB48_Penicillium            0.00%    passed     97.62%
 177  A0A9W9TVT2_Penicillium            0.96%    passed     99.95%
 178  A0A9W9WZB3_Penicillium            0.00%    passed     99.93%
 179  A0A9W9XDN3_Penicillium           19.62%    passed     97.33%
 180  A0AA35IR82_Saccharomyces          1.44%    passed     93.92%
 181  A0AAV9SU16_Colletotrichum         0.00%    passed     99.99%
 182  A0AAV9UWD6_Orbilia                1.91%    passed     99.98%
 183  A0AB34KML8_Cladosporium           0.48%    passed     99.95%
 184  A0ABN8WKL1_Saccharomyces          1.44%    passed     84.03%
 185  A0ABQ8N742_Pyricularia            0.00%    passed     99.98%
 186  A0ABQ8WGQ7_Penicillium            0.00%    passed     99.99%
 187  A0ABR2V6U6_Seiridium              0.00%    passed    100.00%
 188  A0ABY6SM04_Podospora              0.96%    passed    100.00%
 189  B3LLJ4_Saccharomyces              1.44%    passed     93.12%
 190  B6Q6C2_Talaromyces                0.00%    passed     99.84%
 191  C5DFL7_Lachancea                  1.44%    passed     98.92%
 192  C5DM92_Lachancea                  0.96%    passed     97.34%
 193  C5MAG5_Candida                    3.35%    passed     99.79%
 194  E4V3W1_Nannizzia                  0.96%    passed    100.00%
 195  E9ETX6_Metarhizium                0.00%    passed    100.00%
 196  G4N540_Pyricularia                0.00%    passed    100.00%
 197  J5JW44_Beauveria                  0.00%    passed    100.00%
 198  M1WCW3_Claviceps                  0.00%    passed     98.03%
 199  Q6CEU3_Yarrowia                  22.49%    passed     96.83%
 200  W9CKN3_Sclerotinia                0.00%    passed     99.88%
 201  A0A022Y865_Trichophyton           0.96%    passed    100.00%
 202  A0A0A1TS53_tx1531966              0.00%    passed     99.17%
 203  A0A0D2H657_Fonsecaea              0.48%    passed     99.95%
 204  A0A0H1B6P3_Blastomyces            0.48%    passed     99.92%
 205  A0A0L0NDI1_Tolypocladium          0.48%    passed    100.00%
 206  A0A0M8P8W8_Penicillium            0.00%    passed     99.97%
 207  A0A0P1KKU7_Lachancea              1.44%    passed     97.11%
 208  A0A135TU94_Colletotrichum         0.00%    passed     99.73%
 209  A0A168CGZ8_Cordyceps              0.00%    passed     99.99%
 210  A0A168ISU5_Akanthomyces           0.00%    passed    100.00%
 211  A0A177FGZ4_Fonsecaea              0.48%    passed     99.83%
 212  A0A1B8AKF1_Fusarium               0.00%    passed    100.00%
 213  A0A1E1KSW3_Rhynchosporium         0.48%    passed    100.00%
 214  A0A1W2TKN4_Rosellinia             0.00%    passed     99.94%
 215  A0A1Z5T4Y1_Hortaea                0.48%    passed     99.71%
 216  A0A2B7X4F7_Blastomyces            0.48%    passed     98.86%
 217  A0A2H0ZLB1_Candidozyma            3.83%    passed     91.00%
 218  A0A2H2ZNG2_Trichoderma            0.00%    passed     99.99%
 219  A0A2N3NCB3_Lomentospora           7.66%    passed     99.91%
 220  A0A2P7Z3W1_Elsinoe                0.48%    passed    100.00%
 221  A0A366QY50_Fusarium               0.00%    passed     99.99%
 222  A0A376BA80_Saccharomycodes        2.87%    passed     97.05%
 223  A0A395SEG8_Fusarium               0.00%    passed     99.99%
 224  A0A3A2ZL16_Aspergillus            0.00%    passed     99.99%
 225  A0A3D8SQV1_Coleophoma             0.00%    passed     99.99%
 226  A0A420HWK8_Erysiphe               0.00%    passed     99.98%
 227  A0A484FKH5_Colletotrichum         0.00%    passed     99.93%
 228  A0A4Q4P3R5_Alternaria             0.48%    passed     99.95%
 229  A0A4Z1FQZ2_Botrytis               0.00%    passed     99.83%
 230  A0A4Z1H1E5_Botrytis               0.00%    passed     99.97%
 231  A0A4Z1I5K8_Botryotinia            0.00%    passed     99.87%
 232  A0A4Z1JM45_Botrytis               0.00%    passed     99.98%
 233  A0A4Z1NVH7_Venturia               0.48%    passed     99.36%
 234  A0A5E8B6K8_Magnusiomyces          3.83%    passed     96.43%
 235  A0A5N6K1H9_Monilinia              0.00%    passed     99.99%
 236  A0A642UJS9_Trichomonascus         0.96%    passed     97.10%
 237  A0A7C8MWI0_Xylaria                0.00%    passed    100.00%
 238  A0A7G3ZIW5_Torulaspora            3.83%    passed     91.86%
 239  A0A7U2QU03_Aspergillus            0.00%    passed     99.68%
 240  A0A8H2ZM85_Sclerotinia            0.00%    passed     99.95%
 241  A0A8H4Q9J7_Ophiocordyceps         0.00%    passed     99.98%
 242  A0A8H4T2Y1_Fusarium               0.00%    passed     99.85%
 243  A0A8H4YPP2_Fusarium               0.00%    passed     99.99%
 244  A0A8H5J614_Fusarium               0.00%    passed     99.96%
 245  A0A8H5UR89_Fusarium               0.00%    passed     99.99%
 246  A0A8H6KXX6_Colletotrichum         0.00%    passed     99.71%
 247  A0A8H8RV52_Lachnellula            0.00%    passed     99.99%
 248  A0A8J2TAJ9_Zygosaccharomyces      1.44%    passed     99.58%
 249  A0A8T9B5J8_Lachnellula            0.00%    passed     99.91%
 250  A0A9P0QU44_Kurtzmaniella          3.35%    passed     94.45%
 251  A0A9P3CP80_Cercospora             0.48%    passed     99.76%
 252  A0A9P6VJM9_Hyphodiscus            0.00%    passed     99.98%
 253  A0A9P8Q4R9_Wickerhamomyces        2.39%    passed     96.49%
 254  A0A9Q8SIE6_Colletotrichum         0.00%    passed     98.72%
 255  A0A9Q9EGB7_Septoria               0.48%    passed     99.68%
 256  A0A9W4UE87_Periconia              1.44%    passed     99.87%
 257  A0AA35J0E4_Saccharomyces          1.44%    passed     63.48%
 258  A0AAD4IFY3_Alternaria             0.48%    passed    100.00%
 259  A0AAD5BBM1_Candida                1.91%    passed     99.99%
 260  A0AAD6GIB4_Penicillium            5.74%    passed     99.58%
 261  A0AAD9AKZ3_Colletotrichum         0.00%    passed     99.38%
 262  A0AAD9Y213_Colletotrichum         0.00%    passed     99.18%
 263  A0AAE9W8S9_Schizosaccharomyces    0.48%    passed     99.75%
 264  A0AAI9TIH2_Penicillium            0.00%    passed     99.99%
 265  A0AAV5QDJ4_Saccharomycopsis       0.96%    passed     99.96%
 266  A0AAV5QKF6_Saccharomycopsis       1.44%    passed     94.36%
 267  A0AAX4HF17_Australozyma           4.31%    passed     98.48%
 268  A0AB34G0U3_Purpureocillium        0.00%    passed    100.00%
 269  A0ABP2EZZ6_Blastomyces            0.96%    passed     99.95%
 270  A0ABQ7RSC4_Ogataea                2.39%    passed     99.70%
 271  A0ABQ9SFB4_Colletotrichum         0.00%    passed     99.97%
 272  A0ABR0HK82_Podospora              0.96%    passed    100.00%
 273  A0ABR0TKY5_Aureobasidium          0.48%    passed     99.92%
 274  A0ABR1PTT1_Apiospora              0.00%    passed    100.00%
 275  A0ABR1RLE4_Apiospora              0.00%    passed     99.99%
 276  A0ABR1VZW9_Apiospora              0.00%    passed     99.99%
 277  A0ABR3DMS4_Neurospora             1.44%    passed     99.99%
 278  A0ABR3Y3X8_Phialemonium           0.00%    passed    100.00%
 279  A0ABR4P0R8_Nakaseomyces           1.91%    passed     87.44%
 280  A0ABX6EXJ8_Kluyveromyces          1.91%    passed     92.11%
 281  A0ABX6F0Q7_Kluyveromyces          1.44%    passed     99.06%
 282  A0ABX8I2X5_Candidozyma            4.31%    passed     97.18%
 283  A0ABX8I4W3_Candidozyma            1.91%    passed     87.24%
 284  A2R3M6_Aspergillus                0.00%    passed     99.98%
 285  C4JUZ0_Uncinocarpus              23.44%    passed     96.59%
 286  D4B4E8_Trichophyton               0.96%    passed    100.00%
 287  D4DAK6_Trichophyton               0.96%    passed    100.00%
 288  F2PR25_Trichophyton               2.39%    passed     99.98%
 289  F2S1K4_Trichophyton               2.39%    passed    100.00%
 290  G0S6L7_Thermochaetoides           0.00%    passed     99.98%
 291  G1WZ06_Orbilia                    1.91%    passed    100.00%
 292  I2H165_Henningerozyma             0.96%    passed     99.34%
 293  K0KM86_Wickerhamomyces            1.91%    passed     99.50%
 294  K3UQF6_Fusarium                   0.00%    passed    100.00%
 295  N1RU73_Fusarium                   0.00%    passed     99.99%
 296  R4XBB5_Taphrina                   2.39%    passed     94.75%
 297  S7ZUF7_Penicillium                0.00%    passed     99.99%
 298  U1GI40_Endocarpon                 0.96%    passed     99.99%
 299  W6MM08_Kuraishia                  5.26%    passed     85.99%
 300  W7HWQ6_Drechslerella              1.91%    passed     99.79%
 301  A0A086SVX6_Hapsidospora           0.00%    passed     99.99%
 302  A0A090CWN8_Podospora              0.96%    passed    100.00%
 303  A0A0A2KQC3_Penicillium            0.00%    passed     99.96%
 304  A0A0D9NSG7_Metarhizium            0.00%    passed    100.00%
 305  A0A0F4YPA8_Rasamsonia             0.00%    passed     99.84%
 306  A0A0F4ZHF8_Thielaviopsis          0.00%    passed     99.92%
 307  A0A0G4KXU7_Verticillium           0.00%    passed    100.00%
 308  A0A0M9VTS8_Escovopsis             0.00%    passed     99.89%
 309  A0A0N0DEY4_Fusarium               0.00%    passed     99.95%
 310  A0A0P7BBB4_Neonectria             0.00%    passed    100.00%
 311  A0A135LFH1_Penicillium            0.00%    passed     99.92%
 312  A0A139HGG1_Pseudocercospora       0.48%    passed     99.98%
 313  A0A139IDY3_Pseudocercospora       0.48%    passed     99.99%
 314  A0A151GWK7_Drechmeria             0.00%    passed     99.97%
 315  A0A166NVT2_Colletotrichum         0.00%    passed     99.98%
 316  A0A166U4T1_Moelleriella           0.00%    passed    100.00%
 317  A0A168C8M9_Ascosphaera            0.00%    passed     99.88%
 318  A0A1C1C9U7_Cladophialophora       0.48%    passed     99.03%
 319  A0A1E5R8N0_Hanseniaspora          2.39%    passed     98.56%
 320  A0A1G4KDP5_Lachancea              1.44%    passed     65.39%
 321  A0A1G4KMC5_Lachancea              0.96%    passed     99.88%
 322  A0A1J9QQT4_Diplodia               0.96%    passed     99.65%
 323  A0A1J9S2U9_Diplodia               0.96%    passed     99.64%
 324  A0A1L0BTK2_Sungouiella            4.31%    passed     99.67%
 325  A0A1Q2YI20_Pichia                 3.83%    passed     98.63%
 326  A0A1Q8RAQ6_Colletotrichum         0.00%    passed     99.87%
 327  A0A1T3CVP8_Trichoderma            0.00%    passed     99.72%
 328  A0A1V6QBT2_Penicillium            0.48%    passed     99.98%
 329  A0A1V6RMZ5_Penicillium            0.00%    passed     99.83%
 330  A0A1V6RZK0_Penicillium            0.00%    passed     99.95%
 331  A0A1V6V0V5_Penicillium            1.44%    passed     98.89%
 332  A0A1V6Z3Y5_Penicillium            0.00%    passed     99.94%
 333  A0A1X7RKD9_Zymoseptoria           0.48%    passed    100.00%
 334  A0A1Y2M700_Epicoccum              0.96%    passed     99.99%
 335  A0A2C5XF89_Ophiocordyceps         0.00%    passed     99.83%
 336  A0A2K0WHU4_Fusarium               0.00%    passed     99.97%
 337  A0A2K3Q965_Tolypocladium          0.00%    passed     99.99%
 338  A0A2P6FGS0_Pseudogymnoascus       0.48%    passed     98.88%
 339  A0A2T4GQX9_Fusarium               0.00%    passed     99.99%
 340  A0A2U3EBL3_Purpureocillium        0.00%    passed    100.00%
 341  A0A2V1AQV1_Candidozyma            4.31%    passed     99.88%
 342  A0A367YAA9_Candida                5.26%    passed     95.09%
 343  A0A367YJV1_Candida                5.26%    passed     92.33%
 344  A0A367YKM2_Candida                2.39%    passed     99.56%
 345  A0A395NCI1_Trichoderma            0.00%    passed     99.99%
 346  A0A423XFI1_Cytospora              0.00%    passed    100.00%
 347  A0A423XK23_Cytospora              0.96%    passed     97.89%
 348  A0A9W8UIP0_Akanthomyces           0.00%    passed    100.00%
 349  A0A9W9RAK9_Penicillium            0.00%    passed     99.87%
 350  A0A9W9XR84_Penicillium            0.00%    passed     99.99%
 351  A0AA35NL61_Saccharomyces          1.44%    passed     91.77%
 352  A0AA38VV67_Coniochaeta            0.00%    passed     99.94%
 353  A0AA39L6U6_Sarocladium            0.00%    passed    100.00%
 354  A0AAD5RWL4_Zalerion               0.00%    passed     99.85%
 355  A0AAD6H8K2_Penicillium            0.00%    passed     99.99%
 356  A0AAD6MU90_Penicillium            0.00%    passed     99.96%
 357  A0AAD9I3P7_Phyllachora            0.00%    passed     99.99%
 358  A0AAE8SVQ8_Cephalotrichum         0.00%    passed     99.95%
 359  A0AAI8YJ59_Anthostomella          0.00%    passed     99.95%
 360  A0AAI9XWQ1_Colletotrichum         0.00%    passed     99.10%
 361  A0AAQ3M7G8_Acrodontium            0.48%    passed     99.94%
 362  A0AAV5R7D5_Pichia                 1.44%    passed     10.84%
 363  A0AAV9X1R8_Orbilia                1.91%    passed     99.70%
 364  A0AAX4HXM9_Colletotrichum         0.00%    passed     99.99%
 365  A0ABN8VSG3_Saccharomyces          1.44%    passed     76.49%
 366  A0ABP0EFL8_Kurtzmaniella          1.44%    passed     99.58%
 367  A0ABQ7IPQ8_Botrytis               0.00%    passed     99.89%
 368  A0ABQ9RPP9_Colletotrichum         0.00%    passed     99.99%
 369  A0ABR0F5M0_Podospora              0.96%    passed    100.00%
 370  A0ABR0G3Y6_Podospora              0.96%    passed    100.00%
 371  A0ABR0SAG8_Cladobotryum           0.00%    passed    100.00%
 372  A0ABR1RWV5_Apiospora              0.00%    passed    100.00%
 373  A0ABR3P4W3_Neodothiora            0.96%    passed     99.58%
 374  A0ABR4D136_Oculimacula            0.48%    passed     99.98%
 375  A0ABR4F3V5_Diaporthe              0.96%    passed     98.82%
 376  A0ABR4MDG3_Ceratocystis           0.00%    passed    100.00%
 377  A0ABR4NXG5_Nakaseomyces           1.44%    passed     98.21%
 378  A0ABY0HA38_Monosporascus          0.00%    passed    100.00%
 379  A0ABY6US88_Clonostachys           0.00%    passed     99.88%
 380  A7EDF0_Sclerotinia                0.00%    passed     99.97%
 381  A7TJ00_Vanderwaltozyma            2.39%    passed     68.33%
 382  B3LSF2_Saccharomyces              2.39%    passed     65.02%
 383  B8LYE9_Talaromyces                0.00%    passed     99.60%
 384  B9WMD7_Candida                    1.91%    passed     93.88%
 385  C1GI25_Paracoccidioides           0.48%    passed     99.74%
 386  C5E0W3_Zygosaccharomyces          5.74%    passed     98.97%
 387  E9DY51_Metarhizium                0.00%    passed     99.98%
 388  F0XHJ8_Leptographium              1.44%    passed     99.02%
 389  F2T115_Trichophyton               0.96%    passed    100.00%
 390  G0W9L4_Naumovozyma                1.91%    passed     83.30%
 391  G3JM88_Cordyceps                 31.58%    passed     47.16%
 392  G8JWH4_Eremothecium               1.91%    passed     99.91%
 393  G8ZVF0_Torulaspora                0.96%    passed     99.75%
 394  H6BKX2_Exophiala                  0.48%    passed    100.00%
 395  J7S460_Huiozyma                   0.96%    passed     87.66%
 396  K1WPA9_Drepanopeziza              0.00%    passed    100.00%
 397  L2G0F7_Colletotrichum             0.00%    passed     99.72%
 398  Q4WVU7_Aspergillus                0.00%    passed     99.99%
 399  Q6FPW0_Nakaseomyces               1.44%    passed     46.78%
 400  Q756Y6_Eremothecium               1.91%    passed     99.34%
 401  A0A084APH7_Stachybotrys           0.00%    passed     99.97%
 402  A0A084GDF4_Scedosporium           0.00%    passed     99.87%
 403  A0A084QU30_Stachybotrys           0.00%    passed     99.99%
 404  A0A0B1PEI0_Erysiphe               0.00%    passed     99.93%
 405  A0A0B2X4N9_Metarhizium            0.00%    passed     99.98%
 406  A0A0C4EG66_Magnaporthiopsis       0.00%    passed     99.71%
 407  A0A0D1ZHZ9_Exophiala              0.48%    passed    100.00%
 408  A0A0D2J3X0_Fonsecaea              0.48%    passed     99.93%
 409  A0A0D8JVN0_Coccidioides           0.48%    passed     99.58%
 410  A0A0F7ZTC5_Hirsutella             0.00%    passed     99.97%
 411  A0A0F8DHR2_Ceratocystis           0.00%    passed     99.57%
 412  A0A0G2I193_Diaporthe              0.00%    passed    100.00%
 413  A0A0N1NVW2_Cyphellophora          0.48%    passed    100.00%
 414  A0A101MLQ9_Penicillium            0.00%    passed     99.99%
 415  A0A109UW77_Eremothecium           1.91%    passed     99.76%
 416  A0A135SIN3_Colletotrichum         0.00%    passed    100.00%
 417  A0A161HKE9_Sugiyamaella           0.96%    passed     98.23%
 418  A0A167F3J3_Metarhizium            0.00%    passed     99.89%
 419  A0A167H2R5_Beauveria              0.00%    passed    100.00%
 420  A0A167TDW9_Niveomyces             0.00%    passed    100.00%
 421  A0A175VPZ7_Madurella              0.00%    passed     99.95%
 422  A0A178ZSD6_Fonsecaea              0.48%    passed     99.99%
 423  A0A179FR29_Pochonia               0.00%    passed     99.98%
 424  A0A4P6XSZ4_Metschnikowia          1.44%    passed     99.21%
 425  A0A4R8QEN4_Colletotrichum         0.00%    passed     99.09%
 426  A0A4S8RIP6_Botrytis               0.00%    passed     99.96%
 427  A0A4V3HXL6_Colletotrichum         0.00%    passed     99.70%
 428  A0A4V3UMW7_Aspergillus            4.78%    passed     97.97%
 429  A0A4Z1EL52_Botrytis               0.00%    passed     99.62%
 430  A0A4Z1L1J9_Botrytis               0.00%    passed     99.83%
 431  A0A5M9JJ09_Monilinia             17.22%    passed     51.02%
 432  A0A5N5DHG1_Lasiodiplodia          0.48%    passed     99.09%
 433  A0A7D5Z7W4_Metarhizium            0.00%    passed     99.95%
 434  A0A7H9AW24_Zygotorulaspora        2.39%    passed     96.10%
 435  A0A7H9B3W0_Zygotorulaspora        1.44%    passed     97.35%
 436  A0A8H4NYZ8_Fusarium               0.00%    passed     99.99%
 437  A0A8H4PTP3_Ophiocordyceps         0.00%    passed    100.00%
 438  A0A8H4T3M7_Fusarium               0.00%    passed     99.94%
 439  A0A8H5N1Z6_Fusarium               0.00%    passed     99.96%
 440  A0A8H5UMM3_Fusarium               0.00%    passed     99.90%
 441  A0A8H5V583_Fusarium               0.00%    passed     99.94%
 442  A0A8H5X4H1_Fusarium               0.00%    passed     99.99%
 443  A0A8H8D9N3_Candida                1.91%    passed     99.79%
 444  A0A8H8QV95_Lachnellula            0.00%    passed     98.06%
 445  A0A8H8RJD5_Lachnellula            0.00%    passed    100.00%
 446  A0A9N9YLT0_Clonostachys           0.00%    passed     99.90%
 447  A0A9P4X3G5_Trichoderma            0.00%    passed     99.91%
 448  A0A9P7IRT1_Fusarium               0.00%    passed     99.97%
 449  A0A9W9HNM9_Penicillium            0.00%    passed     99.93%
 450  A0A9W9JQ30_Penicillium            0.00%    passed     99.97%
 451  A0A9W9M2N2_Penicillium            0.00%    passed     99.88%
 452  A0A9W9PWX5_Penicillium            0.00%    passed     99.86%
 453  A0A9W9V6L1_Penicillium            0.00%    passed     99.99%
 454  A0A9X0BA58_Penicillium            0.48%    passed    100.00%
 455  A0AAD6E3Q9_Penicillium            0.96%    passed    100.00%
 456  A0AAD6IDC6_Penicillium            0.48%    passed     99.99%
 457  A0AAE1J0Y1_Trichoderma            0.00%    passed     99.78%
 458  A0AAE8M1S2_Fusarium               0.00%    passed     99.96%
 459  A0AAI9UII0_Colletotrichum         0.00%    passed     98.84%
 460  A0AAJ0E579_Colletotrichum         0.00%    passed     99.26%
 461  A0AAN5Z088_Fusarium               0.00%    passed     99.97%
 462  A0AAN6NX75_Pseudoneurospora       0.00%    passed    100.00%
 463  A0AAN7BLM5_Podospora              0.96%    passed    100.00%
 464  A0AAV5QX45_Pichia                 3.83%    passed     96.07%
 465  A0AAV5RMN1_Starmerella            1.44%    passed     99.85%
 466  A0AAV9HLS5_Cladorrhinum           0.96%    passed    100.00%
 467  A0AAV9UWK0_Orbilia                2.39%    passed     99.59%
 468  A0AAW0R3B8_Apiospora             12.44%    passed     55.14%
 469  A0AAX4HB97_Australozyma           1.44%    passed     99.18%
 470  A0ABN8VEY2_Saccharomyces          1.44%    passed     98.56%
 471  A0ABN8WPA3_Saccharomyces          1.44%    passed     98.65%
 472  A0ABP0EH01_Kurtzmaniella          3.83%    passed     62.14%
 473  A0ABP0ZHK7_Lodderomyces           1.91%    passed     99.65%
 474  A0ABQ0GRH5_Madurella              0.00%    passed    100.00%
 475  A0ABQ7RB90_Ogataea                2.39%    passed     99.65%
 476  A0ABQ9PW01_Colletotrichum         0.00%    passed     99.99%
 477  A0ABR1UF14_Apiospora              0.00%    passed     99.99%
 478  A0ABR4DNY3_Remersonia             0.00%    passed    100.00%
 479  A0ABR4PIR0_Phlyctema              0.00%    passed     99.99%
 480  A0ABZ2WRY7_Fusarium               0.00%    passed    100.00%
 481  A1DDJ4_Aspergillus                0.00%    passed    100.00%
 482  A7TMC2_Vanderwaltozyma            4.31%    passed     87.55%
 483  C0NFA5_Histoplasma                0.96%    passed     99.66%
 484  C5FMN5_Microsporum                0.96%    passed    100.00%
 485  C5M8S6_Candida                    5.26%    passed     53.68%
 486  E3S321_Pyrenophora                1.44%    passed     99.93%
 487  F2QT11_Komagataella               2.39%    passed     98.97%
 488  G0V6X7_Naumovozyma                1.91%    passed     93.17%
 489  G8Y8Q1_Millerozyma                1.91%    passed     97.56%
 490  H0GH54_Saccharomyces              2.39%    passed     75.90%
 491  H0GLS5_Saccharomyces              1.44%    passed     99.14%
 492  H2AVD6_Kazachstania               2.39%    passed     98.02%
 493  J8PMR0_Saccharomyces              1.44%    passed     57.80%
 494  L8FZR6_Pseudogymnoascus           0.48%    passed     99.96%
 495  M3IP21_Candida                    1.44%    passed     98.49%
 496  Q6CWC6_Kluyveromyces              1.91%    passed     99.46%
 497  R8BS17_Phaeoacremonium            0.00%    passed     99.97%
 498  S8BV51_Dactylellina               1.91%    passed     98.83%
 499  U4KVV4_Pyronema                   0.48%    passed     99.41%
 500  V5FX47_Paecilomyces               0.48%    passed     99.82%
 501  A0A179IKE1_Akanthomyces           0.00%    passed    100.00%
 502  A0A1B7YNX9_Colletotrichum         0.00%    passed     99.99%
 503  A0A1E1LUZ6_Rhynchosporium         0.48%    passed    100.00%
 504  A0A1F5LX58_Penicillium            0.48%    passed    100.00%
 505  A0A1G4JCZ1_Lachancea              2.39%    passed     99.72%
 506  A0A1L7TYF3_Fusarium               0.00%    passed     99.99%
 507  A0A1L9RR32_Aspergillus            0.48%    passed     99.96%
 508  A0A1Q5UPN3_Penicillium            0.00%    passed     99.99%
 509  A0A1V6PDM4_Penicillium            0.00%    passed     99.87%
 510  A0A1V6U1M2_Penicillium            0.00%    passed     99.91%
 511  A0A1X7QZ68_Maudiozyma             1.44%    passed     97.16%
 512  A0A1Z5T0V7_Hortaea                0.00%    passed     99.54%
 513  A0A225ACG2_Talaromyces            0.00%    passed     99.57%
 514  A0A2B7ZAZ8_Emergomyces            0.96%    passed     99.17%
 515  A0A2C5Z3Z6_Ophiocordyceps         0.00%    passed     99.99%
 516  A0A2L2TT35_Fusarium               0.00%    passed     99.99%
 517  A0A2P4ZPZ5_Trichoderma            0.00%    passed     99.97%
 518  A0A2P5IG66_Diaporthe              0.00%    passed     99.99%
 519  A0A2P7YYZ7_Candidozyma            4.31%    passed     91.29%
 520  A0A395MU31_Fusarium               0.00%    passed     99.94%
 521  A0A395SH18_Fusarium               0.00%    passed     99.97%
 522  A0A3D8T9P5_Coleophoma             0.00%    passed     99.99%
 523  A0A420HI51_Golovinomyces          0.00%    passed     99.99%
 524  A0A437A639_Arthrobotrys           1.91%    passed    100.00%
 525  A0A4T0X4S6_Pichia                 1.91%    passed     90.27%
 526  A0A4U6XDE4_Colletotrichum         0.00%    passed    100.00%
 527  A0A545VF71_Cordyceps              0.00%    passed    100.00%
 528  A0A553I2H5_Xylaria                0.00%    passed    100.00%
 529  A0A642UC18_Diutina                2.39%    passed     96.11%
 530  A0A6P8AS74_Pyricularia            0.00%    passed     99.99%
 531  A0A7D9D0S1_Brettanomyces          3.35%    passed     83.14%
 532  A0A7D9H4X7_Brettanomyces          2.39%    passed     98.99%
 533  A0A7G3ZFX8_Torulaspora            1.44%    passed     99.99%
 534  A0A7H9HQ67_Torulaspora            1.44%    passed     99.87%
 535  A0A8A3PQR8_Monilinia              0.00%    passed     99.76%
 536  A0A8E2ECP4_Lepidopterella         0.96%    passed     99.91%
 537  A0A8H2VG31_Maudiozyma             0.96%    passed     94.60%
 538  A0A8H4M5R7_Aspergillus            0.00%    passed     99.99%
 539  A0A8H4RP39_Cudoniella             0.00%    passed    100.00%
 540  A0A8H5K2L9_Fusarium               0.00%    passed     99.95%
 541  A0A8H5V246_Fusarium               0.00%    passed     99.98%
 542  A0A8H6DJK2_Fusarium               0.00%    passed     99.99%
 543  A0A8H6EMB0_Botrytis               0.00%    passed     99.99%
 544  A0A8H6MX16_Colletotrichum         0.00%    passed     99.41%
 545  A0A8H6P867_Aspergillus            0.00%    passed     99.99%
 546  A0A8H7B4D1_Alternaria             0.48%    passed     99.89%
 547  A0A8H7MC09_Ascochyta              0.96%    passed    100.00%
 548  A0A8J2N2S3_Alternaria             0.48%    passed    100.00%
 549  A0A9N8P4J7_Aureobasidium          6.70%    passed     98.31%
 550  A0A9N8PPA1_Aureobasidium          4.78%    passed     73.57%
 551  A0A9P5H1A3_Cylindrodendrum        0.00%    passed     99.99%
 552  A0A9P6I5L3_Colletotrichum         0.00%    passed     99.85%
 553  A0A9P7UDJ2_Colletotrichum         0.00%    passed     99.09%
 554  A0A9P8KRB0_Trichoderma            0.00%    passed     99.55%
 555  A0A9P8PN42_Wickerhamomyces        1.44%    passed     99.74%
 556  A0A9P8PWM7_Ogataea                2.39%    passed     97.24%
 557  A0A9P8Q2R3_Wickerhamomyces        1.44%    passed     98.30%
 558  A0A9P8TBX6_Wickerhamomyces        1.91%    passed     98.63%
 559  A0A9P9XX88_Emericellopsis         0.00%    passed     99.47%
 560  A0A9Q0AR35_Neoarthrinium          0.00%    passed     99.95%
 561  A0A9W4TRY8_Candida                3.83%    passed     41.76%
 562  A0A9W4TSQ7_Candida                2.39%    passed     88.65%
 563  A0A9W6SUB1_Ogataea                1.91%    passed     62.75%
 564  A0A9W8NAJ3_Xylaria                0.00%    passed     98.77%
 565  A0A9W9E386_Trichoderma            0.00%    passed     99.82%
 566  A0A9W9GHH5_Penicillium            0.96%    passed    100.00%
 567  A0A9W9KDN3_Penicillium            0.96%    passed     99.99%
 568  A0A9W9NF67_Penicillium            0.48%    passed     99.55%
 569  A0A9W9PGZ8_Penicillium            0.00%    passed     99.99%
 570  A0AA35M823_Clonostachys           0.00%    passed     99.93%
 571  A0AA38R6I5_Pleurostoma            0.00%    passed     99.89%
 572  A0AA39QRC0_Cladonia               0.96%    passed    100.00%
 573  A0AA40CH22_Lasiodiplodia          0.48%    passed     99.68%
 574  A0AAD6BVQ3_Penicillium            0.00%    passed     99.93%
 575  A0AAD9W185_Diaporthe              0.00%    passed    100.00%
 576  A0AAI8YTU8_Lecanosticta           0.96%    passed     99.95%
 577  A0AAI9SW46_Candida                1.91%    passed     98.75%
 578  A0AAN6BNB4_Aspergillus            0.00%    passed     99.92%
 579  A0AAN6PR26_Parachaetomium         1.44%    passed     79.17%
 580  A0AAV5RQD8_Maudiozyma             1.44%    passed     92.70%
 581  A0AAV5RS12_Starmerella            3.35%    passed     99.62%
 582  A0AAV5S599_Maudiozyma             1.44%    passed     95.57%
 583  A0ABP0ZI86_Lodderomyces           4.31%    passed     96.34%
 584  A0ABQ0CIR6_Epichloe               0.00%    passed     99.92%
 585  A0ABQ1A1P2_Aspergillus            0.00%    passed     99.25%
 586  A0ABR0H0U4_Podospora              0.96%    passed    100.00%
 587  A0ABR1X8Q2_Apiospora              0.00%    passed    100.00%
 588  A0ABR2HLJ4_Apiospora              0.00%    passed    100.00%
 589  A0ABR2XV60_Seiridium              0.00%    passed    100.00%
 590  A0ABR3VRV6_Mycothermus            1.44%    passed    100.00%
 591  A0ABR4DQT9_Diaporthe              0.00%    passed    100.00%
 592  A1CBS2_Aspergillus                0.00%    passed    100.00%
 593  A5E709_Lodderomyces               1.91%    passed    100.00%
 594  A7TNQ0_Vanderwaltozyma            1.44%    passed     99.71%
 595  B0Y232_Aspergillus                0.00%    passed     99.92%
 596  B6HL55_Penicillium                0.00%    passed     99.90%
 597  C1GVB7_Paracoccidioides           0.48%    passed     99.75%
 598  C4YMF4_Candida                    1.91%    passed     99.24%
 599  C5DS62_Zygosaccharomyces          1.44%    passed     99.86%
 600  E3Q2W0_Colletotrichum             0.00%    passed     99.99%
 601  A0A074S981_Rhizoctonia            1.44%    passed     99.68%
 602  A0A081CCF7_Moesziomyces           0.96%    passed     99.84%
 603  A0A0B7FZH9_Rhizoctonia            1.91%    passed     99.97%
 604  A0A0B7G372_Rhizoctonia            1.91%    passed     75.01%
 605  A0A0D0VFI3_Cryptococcus           1.44%    passed     99.14%
 606  A0A0D6ENE9_Sporobolomyces         0.96%    passed     99.82%
 607  A0A0K3C6U0_Rhodotorula            0.96%    passed     98.44%
 608  A0A0K6FND2_Rhizoctonia            5.74%    passed     97.79%
 609  A0A1B9GFU3_Kwoniella              1.44%    passed     99.59%
 610  A0A1Q3E2N1_Lentinula              4.31%    passed     99.32%
 611  A0A2G8RUN7_Ganoderma              1.44%    passed     99.95%
 612  A0A2G8S4W6_Ganoderma              0.96%    passed     99.82%
 613  A0A369J1H4_Hypsizygus             1.44%    passed     99.65%
 614  A0A5B0MRD7_Puccinia               1.91%    passed     95.55%
 615  A0A5M3MBB2_Coniophora             1.91%    passed     99.49%
 616  A0A8H3TUW7_Naganishia             1.91%    passed     97.86%
 617  A0A8H3U0A2_Naganishia             2.87%    passed     86.98%
 618  A0A8H5CYE4_Tetrapyrgos            1.44%    passed     98.73%
 619  A0A8H5EYD2_Psilocybe              0.96%    passed     80.21%
 620  F7VS34_Sordaria                   1.44%    passed    100.00%
 621  G8BSI5_Tetrapisispora             1.44%    passed     99.07%
 622  H8XAL7_Candida                    1.91%    passed     99.94%
 623  J3NIB7_Gaeumannomyces             0.00%    passed     99.94%
 624  K9GB17_Penicillium                0.00%    passed     99.74%
 625  N1J746_Blumeria                   0.00%    passed     99.95%
 626  Q6CQY1_Kluyveromyces              1.91%    passed     95.86%
 627  Q756M1_Eremothecium               1.91%    passed     93.58%
 628  Q7RXT1_Neurospora                 0.00%    passed    100.00%
 629  S0E8T2_Fusarium                   0.00%    passed     99.99%
 630  S3DLT2_Glarea                     0.00%    passed    100.00%
 631  W3WI34_Pestalotiopsis             0.00%    passed     99.76%
 632  W6QMY6_Penicillium                0.00%    passed     99.46%
 633  A0A0B4FVA9_Metarhizium            0.00%    passed     99.97%
 634  A0A0P7BLB4_Neonectria             1.44%    passed     97.98%
 635  A0A0V1Q2Z0_Debaryomyces           1.91%    passed     96.52%
 636  A0A1L0BLG4_Sungouiella            1.44%    passed     99.48%
 637  A0A1U7LSY4_Neolecta               0.48%    passed     83.83%
 638  A0A2P5HGU5_Diaporthe              0.96%    passed     98.33%
 639  A0A2T0FMF4_Wickerhamiella         1.44%    passed     97.85%
 640  A0A2U9QZ99_Pichia                 3.83%    passed     84.63%
 641  A0A376BAK2_Saccharomycodes        2.39%    passed     98.70%
 642  A0A395J7K7_Monilinia              4.31%    passed     95.52%
 643  A0A3E2GT96_Scytalidium            0.00%    passed    100.00%
 644  A0A3N4JMV7_Choiromyces            0.48%    passed     99.97%
 645  A0A559MKX1_Lachnellula            0.00%    passed     99.92%
 646  A0A5E8BI10_Magnusiomyces          0.96%    passed     99.48%
 647  A0A642UMB7_Diutina                4.31%    passed     98.01%
 648  A0A642V5E7_Trichomonascus         1.91%    passed     98.19%
 649  A0A7H9HUR2_Torulaspora            2.39%    passed     99.28%
 650  A0A8H4CLQ5_Colletotrichum         0.00%    passed     99.88%
 651  A0A8H4T4I9_Fusarium               0.96%    passed     99.92%
 652  A0A8H5WXE6_Fusarium               0.48%    passed     89.96%
 653  A0A9N9W2U8_Clonostachys           0.00%    passed     99.95%
 654  A0A9P5HJJ0_Cylindrodendrum        0.48%    passed     91.11%
 655  A0A9P8F6U8_Aureobasidium          0.48%    passed    100.00%
 656  A0A9W4RWK1_Colletotrichum         0.00%    passed     99.94%
 657  A0AA35JJF7_Saccharomyces          1.44%    passed     77.00%
 658  A0AAD9SP23_Diaporthe              1.44%    passed     99.97%
 659  A0ABR1QZN4_Apiospora              0.48%    passed     99.86%
 660  A0ABR1X8H1_Apiospora              0.48%    passed     99.50%
 661  A0ABY2H3J9_Trichoderma            0.00%    passed    100.00%
 662  A0ACA9TUV3_Clonostachys           0.00%    passed     99.94%
 663  A0ACA9Y7U7_Yamadazyma             1.44%    passed     98.14%
 664  A0ACA9YCX0_Yamadazyma             3.83%    passed     95.00%
 665  A0ACB5SA82_Neofusicoccum          0.48%    passed     99.80%
 666  A0ACB6V604_Geotrichum             0.00%    passed     92.62%
 667  A0ACB6V835_Geotrichum             2.87%    passed     99.22%
 668  A0ACC0QR54_Fusarium               0.00%    passed     99.99%
 669  A0ACC1N0K5_Zarea                  0.00%    passed    100.00%
 670  A0ACC1PT71_Xylaria                9.09%    passed     98.55%
 671  A0ACC1RAE9_Lecanicillium          0.00%    passed    100.00%
 672  A0ACC1RL04_Fusarium               5.74%    passed     99.11%
 673  A0ACC2HQW4_Boeremia               0.48%    passed     99.90%
 674  A0ACC3TRB3_Lipomyces              0.00%    passed     99.92%
 675  A0ACC3YGM8_Colletotrichum         0.00%    passed     99.96%
 676  A0ACD3Z1H8_Fusarium               0.00%    passed     99.74%
 677  J6EEG6_Saccharomyces              1.44%    passed     79.39%
 678  M3JT10_Candida                    4.31%    passed     97.07%
 679  A0A0V1Q0J3_Debaryomyces           4.31%    passed     99.82%
 680  A0A1D8PRM6_Candida                3.83%    passed     99.22%
 681  A0A1G4KQ33_Komagataella           2.39%    passed     91.00%
 682  A0A2V1AIT0_Candidozyma            4.31%    passed     97.18%
 683  A0A8H8D8N2_Candida                4.31%    passed     81.50%
 684  A0A8J5QH60_Spathaspora            4.78%    passed     77.65%
 685  A0A9P8P3R0_Ogataea                3.35%    passed     86.74%
 686  A0A9P8T4U6_Ogataea                3.35%    passed     95.97%
 687  A0AAD5BCG9_Candida                4.78%    passed     99.18%
 688  A0ABQ7RA53_Ogataea                3.35%    passed     84.84%
 689  A0ABQ7S1B0_Ogataea                3.35%    passed     84.07%
 690  A5DRR3_Lodderomyces               4.31%    passed     88.62%
 691  B9WKK1_Candida                    4.31%    passed     91.35%
 692  C4R014_Komagataella               2.39%    passed     93.39%
 693  C4Y757_Clavispora                 3.83%    passed     99.79%
 694  C4YNB1_Candida                    3.83%    passed     99.56%
 695  G8BBJ1_Candida                    5.26%    passed     99.98%
 696  G8YJN4_Millerozyma                3.83%    passed     74.08%
 697  H8WVI4_Candida                    4.78%    passed     98.43%
 698  K0KZ61_Wickerhamomyces            2.39%    passed     99.72%
 699  Q6BNW6_Debaryomyces               4.31%    passed     99.60%
 700  W1QFA7_Ogataea                    3.35%    passed     91.80%
 701  A0A060SM94_Trametes               1.44%    passed    100.00%
 702  A0A074S1G0_Rhizoctonia            0.48%    passed     74.53%
 703  A0A0D1DZD7_Mycosarcoma            0.96%    passed     99.65%
 704  A0A0K6G7K7_Rhizoctonia            2.39%    passed     99.50%
 705  A0A0L6V131_Puccinia               1.91%    passed     97.99%
 706  A0A0P1BIQ6_Ceraceosorus           1.44%    passed     95.96%
 707  A0A1B9FTK0_Kwoniella              1.91%    passed     98.28%
 708  A0A1B9HTQ2_Kwoniella              0.96%    passed     98.07%
 709  A0A1C7MA88_Grifola                0.96%    passed     99.98%
 710  A0A1E3HRY9_Cryptococcus           1.44%    passed     99.98%
 711  A0A1K0G3T0_Ustilago               0.96%    passed     99.11%
 712  A0A1M2VF04_Trametes               2.39%    passed     82.42%
 713  A0A1Q3EGR3_Lentinula              1.91%    passed     99.89%
 714  A0A238F8L5_Microbotryum           1.91%    passed     99.04%
 715  A0A284R575_Armillaria             2.87%    passed     98.66%
 716  A0A2R6NMH7_Hermanssonia           0.96%    passed     99.84%
 717  A0A2R6NTT4_Hermanssonia           1.44%    passed     99.96%
 718  A0A2S5BEQ4_Rhodotorula            0.48%    passed     99.96%
 719  A0A2X0KA56_Microbotryum           1.91%    passed     99.99%
 720  A0A2X0LW32_Microbotryum           1.91%    passed     98.71%
 721  A0A409W7F6_Gymnopilus             0.96%    passed     97.37%
 722  A0A4Q1BV97_Tremella               0.96%    passed     99.87%
 723  A0A4S4KLM9_Hermanssonia           1.44%    passed     99.99%
 724  A0A4S4LSC0_Bondarzewia            0.96%    passed     99.99%
 725  A0A4S4MT59_Antrodiella            0.96%    passed     99.96%
 726  A0A4T0FNF2_Wallemia               2.39%    passed     99.89%
 727  A0A4Y9YC71_Dentipellis            0.96%    passed     99.83%
 728  A0A4Y9YGX5_Dentipellis           12.44%    passed     98.06%
 729  A0A5B0N1Q3_Puccinia               1.91%    passed     94.45%
 730  A0A5C3E4B2_Ustilago               0.96%    passed     99.98%
 731  A0A5C3E832_Ustilago               1.44%    passed     99.92%
 732  A0A5C3FLB2_Moesziomyces           0.96%    passed     99.99%
 733  A0A5M6C3F7_Kwoniella              1.44%    passed     99.69%
 734  A0A5N5QIE1_Ceratobasidium         2.87%    passed     49.57%
 735  A0A5N5QIV7_Ceratobasidium         2.87%    passed     81.28%
 736  A0A5N5QSQ7_Ceratobasidium         2.39%    passed     99.98%
 737  A0A8H5D9L0_Leucocoprinus          2.87%    passed     99.74%
 738  A0A8H5FIS4_Ephemerocybe           1.91%    passed    100.00%
 739  A0A8H5H1J4_Tetrapyrgos            7.66%    passed     68.14%
 740  A0A8H5HHS9_Tricholomella          1.44%    passed     99.77%
 741  A0A8H5HYM6_Collybiopsis           1.91%    passed     86.60%
 742  A0A8H5LZH5_Tetrapyrgos            4.78%    passed     98.14%
 743  A0A8H5M8P6_Collybiopsis           3.83%    passed     97.83%
 744  A0A8H6X7X8_Mycena                 7.18%    passed     38.54%
 745  A0A8H7CZF7_Mycena                 0.96%    passed     99.44%
 746  A0A8X7NC76_Tilletia               1.44%    passed     96.10%
 747  A0A8X7SWK2_Tilletia               1.44%    passed     97.27%
 748  A0A9N8MAE1_Tilletia               1.44%    passed     89.86%
 749  A0A9P3G2I0_Phanerochaete          3.35%    passed     98.19%
 750  A0A9P3G4R7_Phanerochaete          3.83%    passed     78.07%
 751  A0A9P3G5D9_Phanerochaete          4.78%    passed     96.70%
 752  A0A9P3G9Z6_Phanerochaete          2.39%    passed     99.98%
 753  A0A9P3GEL8_Phanerochaete          0.96%    passed     99.09%
 754  A0A9P3UJ47_Lyophyllum             4.31%    passed     98.50%
 755  A0A9Q3CGN2_Austropuccinia         2.87%    passed     94.98%
 756  A0A9Q3DCC3_Austropuccinia         5.26%    passed     82.82%
 757  A0AA38HDX6_Dioszegia              1.44%    passed     94.40%
 758  A0AA48QVP0_Cutaneotrichosporon    0.96%    passed     99.74%
 759  A0AAD3TY69_Cutaneotrichosporon    0.96%    passed     98.61%
 760  A0AAD5VW10_Leucocoprinus         16.75%    passed     76.19%
 761  A0AAD7TST6_Trametes               0.96%    passed     99.15%
 762  A0AAD7TZE9_Trametes               2.39%    passed     87.35%
 763  A0AAF0Y8C4_Vanrija                1.91%    passed     99.97%
 764  A0AAJ4XLQ0_Melanopsichium         0.96%    passed     99.91%
 765  A0AAJ8KXR9_Kwoniella              1.91%    passed     94.20%
 766  A0AAW0BFE3_Favolaschia           16.27%    passed     98.23%
 767  A0AAW0E6V9_Favolaschia            1.91%    passed     99.76%
 768  A0AAW0YJW9_Kwoniella              1.44%    passed     93.59%
 769  A0AAX4K6B3_Kwoniella              0.96%    passed     97.71%
 770  A0AAX4K8N5_Kwoniella              1.91%    passed     97.24%
 771  A0AAX4KL96_Kwoniella              1.44%    passed     96.63%
 772  A0ABP1CKG3_Somion                 3.35%    passed     97.16%
 773  A0ABP1DQJ8_Somion                 0.96%    passed     99.93%
 774  A0ABP1E5U3_Somion                 1.91%    passed     98.25%
 775  A0ABP1E5U8_Somion                 1.91%    passed     98.50%
 776  A0ABP1E5X9_Somion                 1.91%    passed     98.62%
 777  A0ABR3BXI1_Cryptococcus           1.44%    passed     99.71%
 778  A0ABR3JDG0_Hohenbuehelia          1.44%    passed     99.84%
 779  A0ABR5B432_Cryptococcus           3.35%    passed     99.58%
 780  A0ABR5C231_Cryptococcus           1.44%    passed     99.34%
 781  A0ABY7D8X9_Puccinia               2.39%    passed     99.46%
 782  A0ABZ2AN38_Cryptococcus           1.44%    passed     98.74%
 783  A8N288_Coprinopsis                1.91%    passed     98.99%
 784  A8N8Y7_Coprinopsis                1.91%    passed     97.12%
 785  D6RJX6_Coprinopsis                5.74%    passed     73.38%
 786  E3LA34_Puccinia                   1.91%    passed     97.42%
 787  E6RE98_Cryptococcus               3.35%    passed     99.76%
 788  E7A0V7_Sporisorium                0.96%    passed     98.44%
 789  G4TC19_Serendipita                3.35%    passed     97.58%
 790  G4TCR9_Serendipita                2.87%    passed     92.82%
 791  G7DW85_Mixia                      2.39%    passed     99.75%
 792  J4G0H3_Fibroporia                 2.39%    passed     99.67%
 793  J9VZB8_Cryptococcus               1.44%    passed     99.94%
 794  J9W1Z3_Cryptococcus               3.83%    passed     99.62%
 795  M7X6D4_Rhodotorula                0.96%    passed     97.16%
 796  Q5KCW7_Cryptococcus               3.83%    passed     98.10%
 797  R7RYN2_Stereum                    0.96%    passed     97.84%
 798  R9NXM4_Pseudozyma                 0.96%    passed     99.16%
 799  V2Z1H8_Moniliophthora             0.48%    passed     99.60%
 800  W3VVA0_Moesziomyces               0.96%    passed     99.98%
 801  A0A060SCN9_Trametes               0.96%    passed     99.43%
 802  A0A067Q5M5_Jaapia                 1.44%    passed     99.94%
 803  A0A095CAP8_Cryptococcus           1.44%    passed     99.77%
 804  A0A0D7BMU1_Cylindrobasidium       1.91%    passed     95.34%
 805  A0A0F7RVL5_Sporisorium            0.96%    passed     99.94%
 806  A0A0K6G747_Rhizoctonia            1.91%    passed     83.49%
 807  A0A0L0V172_Puccinia               2.39%    passed     85.83%
 808  A0A177TH00_Tilletia               1.44%    passed     96.31%
 809  A0A177V7P0_Tilletia               1.44%    passed     96.62%
 810  A0A180GTA2_Puccinia               2.39%    passed     93.24%
 811  A0A1A5ZVX6_Kwoniella              0.96%    passed     95.43%
 812  A0A1B9GQY0_Kwoniella              1.44%    passed     77.06%
 813  A0A1B9GYC6_Kwoniella              1.44%    passed     98.39%
 814  A0A1B9IG44_Kwoniella              0.96%    passed     97.49%
 815  A0A1E3I3G1_Cryptococcus           1.91%    passed     97.39%
 816  A0A1E3JFJ4_Cryptococcus           1.91%    passed     90.41%
 817  A0A1J8Q9H0_Rhizopogon             9.57%    passed     86.40%
 818  A0A1M2VTG0_Trametes              11.48%    passed     73.50%
 819  A0A1M8AB69_Malassezia             1.44%    passed     98.07%
 820  A0A1Q3E1Z4_Lentinula              2.39%    passed     99.48%
 821  A0A284RQ68_Armillaria             1.91%    passed     82.32%
 822  A0A286UKZ0_Pyrrhoderma            1.91%    passed     99.45%
 823  A0A2S4URQ4_Puccinia               2.39%    passed     94.48%
 824  A0A369K4X4_Hypsizygus             3.83%    passed     75.56%
 825  A0A369KAK7_Hypsizygus             3.83%    passed     94.60%
 826  A0A3G2S9J2_Malassezia             1.44%    passed     89.05%
 827  A0A401G8C9_Sparassis              2.39%    passed     98.83%
 828  A0A401H636_Sparassis              0.96%    passed     97.45%
 829  A0A409VCH1_Gymnopilus             1.44%    passed     92.89%
 830  A0A409Y7J2_Panaeolus              1.44%    passed     85.06%
 831  A0A4Q2DRZ9_Candolleomyces         1.44%    passed     99.26%
 832  A0A4S4LHT0_Phellinidium           1.44%    passed     99.96%
 833  A0A4U7KPQ9_Sporisorium            0.96%    passed     99.90%
 834  A0A4V3XJE3_Antrodiella            0.96%    passed     99.99%
 835  A0A5B0N0I5_Puccinia               1.91%    passed     98.48%
 836  A0A5C3EV21_Pseudozyma             8.61%    passed     93.40%
 837  A0A5C3EZA1_Pseudozyma             2.39%    passed     87.29%
 838  A0A5D3AUK3_Cryptococcus           1.91%    passed     85.33%
 839  A0A5M6C8X0_Kwoniella              1.91%    passed     76.04%
 840  A0A8H4VJS1_Agrocybe               1.44%    passed     97.51%
 841  A0A8H5B4L3_Psilocybe              1.44%    passed     99.35%
 842  A0A8H5GCJ7_Leucocoprinus         16.75%    passed     96.62%
 843  A0A8H5HQ47_Collybiopsis           2.39%    passed     98.44%
 844  A0A8H6T2J5_Mycena                 1.44%    passed     99.97%
 845  A0A8H6WB99_Mycena                 1.44%    passed     98.18%
 846  A0A8H6WYH6_Mycena                 1.91%    passed     98.84%
 847  A0A8H6Z6T2_Mycena                 0.96%    passed     99.89%
 848  A0A9P3G3Y6_Phanerochaete          3.35%    passed     97.16%
 849  A0A9P3US95_Lyophyllum             1.44%    passed     99.80%
 850  A0A9Q5HZ83_Sanghuangporus         1.91%    passed     99.98%
 851  A0AAD2HQZ9_Mycena                 2.87%    passed     81.62%
 852  A0AAD2HTN7_Mycena                 3.35%    passed     97.53%
 853  A0AAD5VEU9_Meripilus              0.96%    passed     97.50%
 854  A0AAD5W3A8_Leucocoprinus          2.87%    passed     98.90%
 855  A0AAD5YMS7_Meripilus              2.87%    passed     97.62%
 856  A0AAD7TYJ6_Trametes               1.44%    passed    100.00%
 857  A0AAJ8M2S8_Cryptococcus           4.31%    passed     97.68%
 858  A0AAW0YQW8_Kwoniella              1.91%    passed     85.09%
 859  A0ABP1DQU6_Somion                 5.74%    passed     83.41%
 860  A0ABP1DT00_Somion                 0.96%    passed     97.21%
 861  A0ABQ0L4N8_Mycena                 1.44%    passed     96.93%
 862  A0ABQ0M0T4_Mycena                 1.44%    passed     99.91%
 863  A0ABR3BM64_Cryptococcus           3.35%    passed     99.71%
 864  A0ABR5BG99_Cryptococcus           1.44%    passed     99.63%
 865  A0ABR5BLN6_Cryptococcus           3.35%    passed     99.89%
 866  A0ABZ1DBQ0_Kwoniella              1.44%    passed     99.16%
 867  A0ABZ2B030_Cryptococcus           3.35%    passed     98.71%
 868  E6R3E7_Cryptococcus               1.44%    passed     98.68%
 869  G7DW84_Mixia                      2.39%    passed     99.54%
 870  I2G1B8_Ustilago                   0.96%    passed     98.97%
 871  J4I8G7_Fibroporia                 0.96%    passed     97.93%
 872  K1WDM8_Trichosporon               3.83%    passed     99.72%
 873  Q5KKJ1_Cryptococcus               1.44%    passed     99.81%
 874  R9AGB8_Wallemia                   2.39%    passed     99.73%
 875  U5H9L9_Microbotryum              15.79%    passed     98.36%
 876  V2XGD7_Moniliophthora             0.48%    passed     90.86%
 877  V5GHH8_Kalmanozyma                0.96%    passed     99.54%
 878  A0A0B7G341_Rhizoctonia            7.18%    passed     63.79%
 879  A0A0K6G754_Rhizoctonia            6.70%    passed     99.58%
 880  A0A0K6GA87_Rhizoctonia            1.91%    passed     88.94%
 881  A0A1Y2IYW8_Trametes               2.39%    passed     87.34%
 882  A0A284RAN9_Armillaria             3.35%    passed     99.85%
 883  A0A286UR16_Pyrrhoderma            3.35%    passed     97.85%
 884  A0A4S4LN17_Bondarzewia            3.83%    passed     80.11%
 885  A0A4S4MSG5_Antrodiella            4.31%    passed     95.93%
 886  A0A4Y9YSR9_Dentipellis            0.96%    passed     70.35%
 887  A0A8H5M0W8_Tricholomella          4.31%    passed     96.28%
 888  A0A8H6YXU7_Mycena                 3.35%    passed     99.94%
 889  A0A8H7DCL8_Mycena                 2.39%    passed     89.53%
 890  A0A9P8AFI1_Marasmius              0.96%    passed     52.11%
 891  A0A9P8AFL8_Marasmius              0.96%    passed     55.19%
 892  A0A9W8ML86_Candolleomyces         1.44%    passed     97.53%
 893  A0AAD5UZ43_Meripilus              1.44%    passed    100.00%
 894  A0ABP1CKG6_Somion                 2.39%    passed     84.27%
 895  A0ABP1CNA1_Somion                 2.39%    passed     90.34%
 896  A0ABP1CNE3_Somion                 2.39%    passed     84.18%
 897  A0ABQ0KXJ8_Mycena                 3.83%    passed     44.56%
 898  A0ACB7IKH0_Pleurotus              1.44%    passed     89.26%
 899  A0ACC1P622_Trametes              58.61%    failed      0.00%
 900  V2XWW7_Moniliophthora             4.31%    passed     99.94%
 901  I1BKX4_Rhizopus                   4.31%    passed     99.83%
 902  Q9H611_Homo                       6.22%    passed     16.70%
 903  A0A015N2M8_Rhizophagus            3.35%    passed     99.10%
 904  A0A0B7N3L9_Parasitella            3.83%    passed     98.20%
 905  A0A0B7NVF9_Parasitella            1.91%    passed     60.09%
 906  A0A0C9MZV3_Mucor                  4.78%    passed     96.28%
 907  A0A0L0HTH8_Spizellomyces          3.35%    passed     88.07%
 908  A0A168NJR9_Absidia                4.31%    passed     99.53%
 909  A0A1C7NKC8_Choanephora            4.31%    passed     94.15%
 910  A0A1C7NS85_Choanephora            4.31%    passed     95.40%
 911  A0A2Z6Q637_Rhizophagus            3.35%    passed     99.62%
 912  A0A507E7A0_Powellomyces           3.35%    passed     98.23%
 913  A0A507FMG7_Chytriomyces           2.87%    passed     99.08%
 914  A0A8H4A8B1_Gigaspora              1.44%    passed     89.37%
 915  A0A8H7Q426_Umbelopsis             3.83%    passed     96.85%
 916  A0A8H7QRS8_Mucor                  4.31%    passed     99.97%
 917  A0A8H7RPV3_Mucor                  1.91%    passed     65.77%
 918  A0A8H7S720_Circinella             4.31%    passed     97.24%
 919  A0A8H7V8V8_Mucor                  4.78%    passed     91.59%
 920  A0A9N8Z8P5_Diversispora           3.35%    passed     82.50%
 921  A0A9N8ZA40_Funneliformis          3.83%    passed     98.43%
 922  A0A9N8ZJ08_Ambispora              4.31%    passed     99.67%
 923  A0A9N9HM59_Dentiscutata           1.44%    passed     97.46%
 924  A0A9P3HAH0_Entomortierella       19.14%    passed     79.28%
 925  A0A9P3HF53_Entomortierella        3.35%    passed     60.82%
 926  A0A9P3HK37_Entomortierella        3.83%    passed     99.76%
 927  A0A9P3HK44_Entomortierella        3.35%    passed     83.21%
 928  A0A9P3HKJ7_Entomortierella        3.35%    passed     99.18%
 929  A0A9P6YYP4_Rhizopus               4.31%    passed     99.75%
 930  A0A9P7BV71_Rhizopus               4.31%    passed     99.16%
 931  A0A9W4WTA5_Funneliformis          3.83%    passed     95.48%
 932  A0AAD7XWI0_Lichtheimia            2.39%    passed     99.87%
 933  A0AAN7D3L5_Mucor                  4.78%    passed     99.45%
 934  A0AAN7D484_Mucor                  4.31%    passed     72.11%
 935  A0ABQ8ESF1_Batrachochytrium       7.18%    passed     98.12%
 936  A0A015KD19_Rhizophagus            4.78%    passed     85.23%
 937  A0A1M2VH00_Trametes               0.96%    passed     97.69%
 938  A0A1Q3E2E1_Lentinula              2.87%    passed     97.07%
 939  A0A261Y8L7_Bifiguratus            4.78%    passed     99.93%
 940  A0A8H5FHN3_Ephemerocybe           4.31%    passed     91.67%
 941  A0A8H7Q1B8_Umbelopsis             3.83%    passed     99.99%
 942  A0A9N9IT00_Cetraspora             1.44%    passed     90.28%
 943  A0A9P3UKB6_Lyophyllum             3.83%    passed     91.75%
 944  A0ACB7J0F3_Pleurotus              1.44%    passed     99.94%
 945  A0ACC1QDJ0_Trametes              51.44%    failed      0.00%
 946  A0ACC1T3Q8_Phlebia                1.91%    passed     99.99%
 947  A0ACC1T620_Phlebia                0.96%    passed     79.13%
 948  A8PUE9_Malassezia                 1.44%    passed     85.78%
 949  J4H1T8_Fibroporia                 2.87%    passed     93.23%
 950  A0A0C3AWH9_Serendipita            3.83%    passed     95.89%
 951  A0A0D7ANQ6_Fistulina              1.91%    passed     99.91%
 952  A0A0H2RNB9_Schizopora             1.91%    passed     99.19%
 953  A0A0H2S6Y4_Schizopora             4.31%    passed     89.17%
 954  A0A2A9NU72_Amanita                1.44%    passed     97.54%
 955  A0A4S8MSI0_Dendrothele            3.83%    passed     91.10%
 956  A0A9N9DSD6_Ambispora              4.78%    passed     85.27%
 957  A0ACA9NG08_Acaulospora            3.35%    passed     99.96%
WARNING: 5 sequences contain more than 50% gaps/ambiguity
****  TOTAL                             1.89%  5 sequences failed composition chi2 test (p-value<5%; df=19)

Loading 2 partitions...
Identifying sites to remove: done in 0.00137091 secs using 3201% CPU
Subset	Type	Seqs	Sites	Infor	Invar	Model	Name
1	AA	957	209	180	15	LG+G	AA
2		952	209	194	4	GTR20+G	TDi
Degree of missing data: 0.003

NOTE: A0A2V1AIT0_Candidozyma is identical to A0ABX8I2X5_Candidozyma but kept for subsequent analysis
WARNING: State(s) I, K, M, W rarely appear in partition 2 and may cause numerical problems

Create initial parsimony tree by phylogenetic likelihood library (PLL)... 0.608 seconds
WARNING: GTR20 model will estimate 189 substitution rates that might be overfitting!
WARNING: Please only use GTR20 with very large data and always test for model fit!

NOTE: 271 MB RAM (0 GB) is required!
Measuring multi-threading efficiency up to 32 CPU cores
Increase to 10 rounds for branch lengths
5 trees examined
Threads: 1 / Time: 34.120 sec / Speedup: 1.000 / Efficiency: 100% / LogL: -362422
Threads: 2 / Time: 20.142 sec / Speedup: 1.694 / Efficiency: 85% / LogL: -362422
Threads: 3 / Time: 16.855 sec / Speedup: 2.024 / Efficiency: 67% / LogL: -362422
Threads: 4 / Time: 14.881 sec / Speedup: 2.293 / Efficiency: 57% / LogL: -362422
Threads: 5 / Time: 13.706 sec / Speedup: 2.489 / Efficiency: 50% / LogL: -362422
Determining AUTO threadcount: done in 99.7109 secs using 255.5% CPU
BEST NUMBER OF THREADS: 4

Estimate model parameters (epsilon = 0.100)
Initial log-likelihood: -195341.688
Current log-likelihood at step 1: -193614.124
Current log-likelihood at step 2: -193480.787
Current log-likelihood at step 3: -193478.332
Current log-likelihood at step 4: -193478.321
Partition-specific rates:  1.304 0.696
Parameters optimization took 3 rounds (7.164 sec)

Wrote distance file to... 
Computing ML distances based on estimated model parameters...
Calculating distance matrix: done in 0.00914717 secs using 395.7% CPU
Computing ML distances took 0.015889 sec (of wall-clock time) 0.053423 sec (of CPU time)
WARNING: Some pairwise ML distances are too long (saturated)
Setting up auxiliary I and S matrices: done in 0.00502682 secs using 207.4% CPU
Constructing RapidNJ tree: done in 0.0315871 secs using 488.3% CPU
Computing RapidNJ tree took 0.036683 sec (of wall-clock time) 0.166186 sec (of CPU time)
Log-likelihood of RapidNJ tree: -354483.214
--------------------------------------------------------------------
|             INITIALIZING CANDIDATE TREE SET                      |
--------------------------------------------------------------------
Generating 98 parsimony trees... 47.916 second
Computing log-likelihood of 98 initial trees ... 37.339 seconds
Current best score: -193478.321

Do NNI search on 20 best initial trees
Estimate model parameters (epsilon = 0.100)
Initial log-likelihood: -192903.184
Current log-likelihood at step 1: -192902.987
Current log-likelihood at step 2: -192902.986
Parameters optimization took 1 rounds (1.882 sec)

BETTER TREE FOUND at iteration 1: -192902.986
Estimate model parameters (epsilon = 0.100)
Initial log-likelihood: -192761.724
Current log-likelihood at step 1: -192758.532
Current log-likelihood at step 2: -192758.330
Current log-likelihood at step 3: -192758.234
Parameters optimization took 2 rounds (3.372 sec)

BETTER TREE FOUND at iteration 4: -192758.234
Iteration 10 / LogL: -192924.822 / Time: 0h:4m:17s
Iteration 20 / LogL: -192906.617 / Time: 0h:5m:14s
Finish initializing candidate tree set (20)
Current best tree score: -192758.234 / CPU time: 203.124
Number of iterations: 20
--------------------------------------------------------------------
|               OPTIMIZING CANDIDATE TREE SET                      |
--------------------------------------------------------------------
Estimate model parameters (epsilon = 0.100)
Initial log-likelihood: -192696.941
Current log-likelihood at step 1: -192696.502
Current log-likelihood at step 2: -192696.429
Parameters optimization took 1 rounds (2.008 sec)

BETTER TREE FOUND at iteration 22: -192696.429
Estimate model parameters (epsilon = 0.100)
Initial log-likelihood: -192695.323
Current log-likelihood at step 1: -192695.150
Current log-likelihood at step 2: -192695.140
Parameters optimization took 1 rounds (1.985 sec)

BETTER TREE FOUND at iteration 27: -192695.140
Iteration 30 / LogL: -192705.657 / Time: 0h:6m:37s (0h:22m:5s left)
Estimate model parameters (epsilon = 0.100)
Initial log-likelihood: -192626.250
Current log-likelihood at step 1: -192625.162
Current log-likelihood at step 2: -192625.151
Parameters optimization took 1 rounds (1.892 sec)

BETTER TREE FOUND at iteration 31: -192625.151
Iteration 40 / LogL: -192663.850 / Time: 0h:7m:53s (0h:18m:24s left)
Estimate model parameters (epsilon = 0.100)
Initial log-likelihood: -192607.064
Current log-likelihood at step 1: -192605.938
Current log-likelihood at step 2: -192605.896
Parameters optimization took 1 rounds (2.056 sec)

BETTER TREE FOUND at iteration 48: -192605.896
Iteration 50 / LogL: -192773.328 / Time: 0h:9m:9s (0h:18m:17s left)
Estimate model parameters (epsilon = 0.100)
Initial log-likelihood: -192596.520
Current log-likelihood at step 1: -192596.497
Parameters optimization took 0 rounds (1.041 sec)

BETTER TREE FOUND at iteration 51: -192596.497
Iteration 60 / LogL: -192614.424 / Time: 0h:10m:24s (0h:16m:2s left)
Estimate model parameters (epsilon = 0.100)
Initial log-likelihood: -192587.106
Current log-likelihood at step 1: -192586.975
Current log-likelihood at step 2: -192586.970
Parameters optimization took 1 rounds (1.914 sec)

BETTER TREE FOUND at iteration 61: -192586.970
Estimate model parameters (epsilon = 0.100)
Initial log-likelihood: -192565.123
Current log-likelihood at step 1: -192565.031
Parameters optimization took 0 rounds (0.997 sec)

BETTER TREE FOUND at iteration 65: -192565.031
Estimate model parameters (epsilon = 0.100)
Initial log-likelihood: -192525.720
Current log-likelihood at step 1: -192525.568
Current log-likelihood at step 2: -192525.561
Parameters optimization took 1 rounds (1.996 sec)

BETTER TREE FOUND at iteration 69: -192525.561
Iteration 70 / LogL: -192622.033 / Time: 0h:11m:42s (0h:16m:46s left)
Estimate model parameters (epsilon = 0.100)
Initial log-likelihood: -192514.528
Current log-likelihood at step 1: -192514.192
Current log-likelihood at step 2: -192514.184
Parameters optimization took 1 rounds (1.979 sec)

BETTER TREE FOUND at iteration 78: -192514.184
Iteration 80 / LogL: -192630.727 / Time: 0h:12m:59s (0h:16m:6s left)
Iteration 90 / LogL: -192609.512 / Time: 0h:14m:14s (0h:14m:4s left)
Iteration 100 / LogL: -192734.623 / Time: 0h:15m:26s (0h:12m:9s left)
Estimate model parameters (epsilon = 0.100)
Initial log-likelihood: -192489.265
Current log-likelihood at step 1: -192488.934
Current log-likelihood at step 2: -192488.921
Parameters optimization took 1 rounds (1.926 sec)

BETTER TREE FOUND at iteration 101: -192488.921
Iteration 110 / LogL: -192523.269 / Time: 0h:16m:40s (0h:13m:54s left)
Estimate model parameters (epsilon = 0.100)
Initial log-likelihood: -192485.274
Current log-likelihood at step 1: -192485.132
Current log-likelihood at step 2: -192485.131
Parameters optimization took 1 rounds (1.966 sec)

BETTER TREE FOUND at iteration 111: -192485.131
Iteration 120 / LogL: -192606.127 / Time: 0h:17m:55s (0h:13m:42s left)
Iteration 130 / LogL: -192537.361 / Time: 0h:19m:10s (0h:12m:1s left)
Iteration 140 / LogL: -192493.444 / Time: 0h:20m:23s (0h:10m:24s left)
Estimate model parameters (epsilon = 0.100)
Initial log-likelihood: -192464.060
Current log-likelihood at step 1: -192463.916
Current log-likelihood at step 2: -192463.914
Parameters optimization took 1 rounds (1.928 sec)

BETTER TREE FOUND at iteration 144: -192463.914
Iteration 150 / LogL: -192522.861 / Time: 0h:21m:38s (0h:13m:39s left)
Estimate model parameters (epsilon = 0.100)
Initial log-likelihood: -192448.963
Current log-likelihood at step 1: -192448.812
Current log-likelihood at step 2: -192448.805
Parameters optimization took 1 rounds (1.975 sec)

BETTER TREE FOUND at iteration 160: -192448.805
Iteration 160 / LogL: -192448.805 / Time: 0h:22m:55s (0h:14m:24s left)
Iteration 170 / LogL: -192516.896 / Time: 0h:24m:11s (0h:12m:52s left)
Iteration 180 / LogL: -192541.037 / Time: 0h:25m:21s (0h:11m:19s left)
Iteration 190 / LogL: -192543.311 / Time: 0h:26m:33s (0h:9m:49s left)
Iteration 200 / LogL: -192504.097 / Time: 0h:27m:45s (0h:8m:21s left)
Iteration 210 / LogL: -192491.068 / Time: 0h:28m:58s (0h:6m:55s left)
Iteration 220 / LogL: -192502.233 / Time: 0h:30m:14s (0h:5m:31s left)
Iteration 230 / LogL: -192571.212 / Time: 0h:31m:27s (0h:4m:7s left)
Estimate model parameters (epsilon = 0.100)
Initial log-likelihood: -192439.719
Current log-likelihood at step 1: -192439.415
Current log-likelihood at step 2: -192439.414
Parameters optimization took 1 rounds (1.890 sec)

BETTER TREE FOUND at iteration 233: -192439.414
Iteration 240 / LogL: -192492.099 / Time: 0h:32m:40s (0h:12m:42s left)
Iteration 250 / LogL: -192448.641 / Time: 0h:33m:52s (0h:11m:17s left)
Iteration 260 / LogL: -192474.132 / Time: 0h:35m:5s (0h:9m:53s left)
Estimate model parameters (epsilon = 0.100)
Initial log-likelihood: -192432.936
Current log-likelihood at step 1: -192432.243
Current log-likelihood at step 2: -192432.237
Parameters optimization took 1 rounds (2.086 sec)

BETTER TREE FOUND at iteration 268: -192432.237
Iteration 270 / LogL: -192474.076 / Time: 0h:36m:18s (0h:13m:13s left)
Iteration 280 / LogL: -192439.655 / Time: 0h:37m:28s (0h:11m:48s left)
Iteration 290 / LogL: -192531.614 / Time: 0h:38m:40s (0h:10m:26s left)
Estimate model parameters (epsilon = 0.100)
Initial log-likelihood: -192430.093
Current log-likelihood at step 1: -192429.044
Current log-likelihood at step 2: -192429.035
Parameters optimization took 1 rounds (2.153 sec)

BETTER TREE FOUND at iteration 294: -192429.035
Iteration 300 / LogL: -192429.156 / Time: 0h:39m:53s (0h:12m:32s left)
Iteration 310 / LogL: -192471.453 / Time: 0h:41m:6s (0h:11m:10s left)
Iteration 320 / LogL: -192607.762 / Time: 0h:42m:18s (0h:9m:48s left)
Estimate model parameters (epsilon = 0.100)
Initial log-likelihood: -192426.117
Current log-likelihood at step 1: -192426.086
Parameters optimization took 0 rounds (0.883 sec)

BETTER TREE FOUND at iteration 321: -192426.086
Iteration 330 / LogL: -192469.543 / Time: 0h:43m:32s (0h:12m:2s left)
Iteration 340 / LogL: -192642.508 / Time: 0h:44m:44s (0h:10m:41s left)
Iteration 350 / LogL: -192469.290 / Time: 0h:45m:55s (0h:9m:20s left)
Iteration 360 / LogL: -192441.683 / Time: 0h:47m:9s (0h:8m:0s left)
Iteration 370 / LogL: -192510.117 / Time: 0h:48m:22s (0h:6m:41s left)
Estimate model parameters (epsilon = 0.100)
Initial log-likelihood: -192408.626
Current log-likelihood at step 1: -192408.175
Current log-likelihood at step 2: -192408.103
Parameters optimization took 1 rounds (2.071 sec)

BETTER TREE FOUND at iteration 375: -192408.103
Iteration 380 / LogL: -192491.035 / Time: 0h:49m:35s (0h:12m:25s left)
Iteration 390 / LogL: -192426.627 / Time: 0h:50m:48s (0h:11m:5s left)
Iteration 400 / LogL: -192495.837 / Time: 0h:52m:0s (0h:9m:46s left)
Estimate model parameters (epsilon = 0.100)
Initial log-likelihood: -192393.254
Current log-likelihood at step 1: -192393.210
Parameters optimization took 0 rounds (0.971 sec)

BETTER TREE FOUND at iteration 401: -192393.210
Iteration 410 / LogL: -192556.469 / Time: 0h:53m:16s (0h:11m:51s left)
Iteration 420 / LogL: -192563.894 / Time: 0h:54m:28s (0h:10m:31s left)
Iteration 430 / LogL: -192483.413 / Time: 0h:55m:42s (0h:9m:13s left)
Iteration 440 / LogL: -192455.168 / Time: 0h:56m:52s (0h:7m:54s left)
Iteration 450 / LogL: -192516.391 / Time: 0h:58m:4s (0h:6m:35s left)
Iteration 460 / LogL: -192451.865 / Time: 0h:59m:14s (0h:5m:17s left)
Iteration 470 / LogL: -192429.214 / Time: 1h:0m:30s (0h:3m:59s left)
Iteration 480 / LogL: -192397.882 / Time: 1h:1m:42s (0h:2m:42s left)
Iteration 490 / LogL: -192476.097 / Time: 1h:2m:53s (0h:1m:24s left)
Iteration 500 / LogL: -192466.761 / Time: 1h:4m:6s (0h:0m:7s left)
TREE SEARCH COMPLETED AFTER 502 ITERATIONS / Time: 1h:4m:21s

--------------------------------------------------------------------
|                    FINALIZING TREE SEARCH                        |
--------------------------------------------------------------------
Performs final model parameters optimization
Estimate model parameters (epsilon = 0.010)
Initial log-likelihood: -192393.210
Current log-likelihood at step 1: -192393.208
Partition-specific rates:  1.272 0.728
Parameters optimization took 0 rounds (0.931 sec)

Partition information was printed to results/reviewer/R3_gtr20.best_model.nex
BEST SCORE FOUND : -192393.208

Testing tree branches by SH-like aLRT with 1000 replicates...
Alternative NNI shows better log-likelihood -192391.893 > -192393.208
Alternative NNI shows better log-likelihood -192392.935 > -192393.208
Alternative NNI shows better log-likelihood -192392.365 > -192393.208
Alternative NNI shows better log-likelihood -192393.139 > -192393.208
Alternative NNI shows better log-likelihood -192392.455 > -192393.208
Alternative NNI shows better log-likelihood -192392.132 > -192393.208
Alternative NNI shows better log-likelihood -192392.457 > -192393.208
Alternative NNI shows better log-likelihood -192390.679 > -192393.208
2.137 sec.
Total tree length: 104.963

Total number of iterations: 502
CPU time used for tree search: 14690.075 sec (4h:4m:50s)
Wall-clock time used for tree search: 3749.784 sec (1h:2m:29s)
Total CPU time used: 15009.774 sec (4h:10m:9s)
Total wall-clock time used: 3864.714 sec (1h:4m:24s)
Identifying sites to remove: done in 0.000665903 secs using 388.6% CPU

Analysis results written to: 
  IQ-TREE report:                results/reviewer/R3_gtr20.iqtree
  Maximum-likelihood tree:       results/reviewer/R3_gtr20.treefile
  Likelihood distances:          results/reviewer/R3_gtr20.mldist
  Screen log file:               results/reviewer/R3_gtr20.log

Date and Time: Tue Jul  7 13:26:52 2026
===== [R3_gtr20] PREP + GENERAX Tue Jul  7 13:26:52 EDT 2026 =====
[14] rev_R3_gtr20: pruned tree 941 tips, aln 941 seqs (dropped 16 unmapped) -> results/reconciliation/rev_R3_gtr20
[14] GeneRax (on WSL2):
     generax -f results/reconciliation/rev_R3_gtr20/families.txt -s data/species_tree/ncbi_species.nwk \
        -r UndatedDL --unrooted-gene-tree --strategy SPR -p results/reconciliation/rev_R3_gtr20/run
[YeastComp:394948] mca_base_component_repository_open: unable to open mca_btl_openib: librdmacm.so.1: cannot open shared object file: No such file or directory (ignored)
[00:00:00] GeneRax 2.0.4
Logs will also be printed into results/reconciliation/rev_R3_gtr20/run/generax.log
GeneRax was called as follow:
/home/spencer/miniforge3/envs/gx204/bin/generax -f results/reconciliation/rev_R3_gtr20/families.txt -s data/species_tree/grafted_species.binary.nwk -r UndatedDL --unrooted-gene-tree --strategy EVAL -p results/reconciliation/rev_R3_gtr20/run 

General information:
- Output prefix: results/reconciliation/rev_R3_gtr20/run
- Families information: results/reconciliation/rev_R3_gtr20/families.txt
- Species tree: data/species_tree/grafted_species.binary.nwk
- MPI Ranks: 1
- Random seed: 123
- Reconciliation model: UndatedDL
- DTL rates: global rates
- Infer ML reconciliation: ON
- Unrooted reconciliation likelihood: ON
- Prune species tree mode: OFF

Gene tree correction information:
- Gene tree strategy: EVAL
- Max gene SPR radius: 0

[00:00:00] Filtering invalid families...

End of instance initialization
[00:00:00] Starting species tree initialization...
[00:00:00] End of species tree initialization
[00:00:00] Filtering invalid families based on the starting species tree...

[00:00:00] Gathering statistics about the families...
[00:00:00] Input data information:
- Number of gene families: 1
- Number of species: 719
- Total number of genes: 941
- Average number of genes per family: 941
- Maximum number of genes per family: 941
- Species covered with the smallest family coverage: "9606" (covered by 1/1 families)
- Average (over species) species family coverage: 1

[00:00:00] Reconciling gene trees with the species tree...
[00:00:00] Terminating the instance..

[00:00:00] DT rates: D=0.2 L= 0.2
[00:00:00] Reconciliation likelihood: 0
[00:00:00] Results directory: results/reconciliation/rev_R3_gtr20/run
[00:00:00] End of GeneRax execution
----- [R3_gtr20] event totals -----
S:451
SL:3920
D:489
T:0
TL:0
L:0
Leaf:941
----- [R3_gtr20] MRCA deepdive -----
tips: total=957  ScPif1=P07271_Saccharomyces  ScRrm3=P38766_Saccharomyces  Pfh1=Q9UUA2_Schizosaccharomyces  human=Q9H611_Homo

=== Q1: duplication node = MRCA(ScPif1,ScRrm3) ===
  subtends 876 genes / 718 species

  -- Pif1(P07271) clade: 97 genes / 92 species --
     Saccharomycotina sub-lineages present (97 genes):
         40  Saccharomycetaceae
         23  Debaryomycetaceae
         17  Pichiaceae
          7  Metschnikowiaceae
          4  Dipodascaceae
          3  Wickerhamomycetaceae
          2  Saccharomycodaceae
          1  Saccharomycopsidaceae

  -- Rrm3(P38766) clade: 779 genes / 713 species --
     Saccharomycotina sub-lineages present (106 genes):
         41  Saccharomycetaceae
         23  Debaryomycetaceae
         13  Pichiaceae
          9  Metschnikowiaceae
          6  Trichomonascaceae
          5  Saccharomycodaceae
          3  Dipodascaceae
          3  Wickerhamomycetaceae
          1  Lipomycetaceae
          1  Dipodascales
          1  Saccharomycopsidaceae
     non-Saccharomycotina present: {'Taphrinomycotina': 11, 'Pezizomycotina': 465, 'Agaricomycotina': 114, 'Pucciniomycotina': 20, 'Wallemiomycotina': 2, 'Ustilaginomycotina': 24, 'Mucoromycotina': 19, 'Chytridiomycotina': 1, 'Mortierellomycotina': 5, 'Glomeromycotina': 12}

  Saccharomycotina sub-lineages in BOTH paralog clades (8): ['Debaryomycetaceae', 'Dipodascaceae', 'Metschnikowiaceae', 'Pichiaceae', 'Saccharomycetaceae', 'Saccharomycodaceae', 'Saccharomycopsidaceae', 'Wickerhamomycetaceae']
  only in Pif1 clade: []
  only in Rrm3 clade: ['Dipodascales', 'Lipomycetaceae', 'Trichomonascaceae']
===== [R3_gtr20] DONE Tue Jul  7 13:26:55 EDT 2026 =====
===== [R1_afdb] IQTREE Tue Jul  7 13:26:55 EDT 2026 =====
IQ-TREE version 3.1.2 for Linux x86 64-bit built May 17 2026
Developed by Bui Quang Minh, Thomas Wong, Nhan Ly-Trong, Huaiyan Ren
Contributed by Lam-Tung Nguyen, Dominik Schrempf, Chris Bielow,
Olga Chernomor, Michael Woodhams, Diep Thi Hoang, Heiko Schmidt

Host:    YeastComp (AVX512, FMA3, 78 GB RAM)
Command: /home/spencer/miniforge3/envs/pif1recon/bin/iqtree3 -s results/reviewer/aln_afdb.fasta -p results/seq_tree/aa3di_partition.nex -T AUTO -seed 42 -alrt 1000 -pre results/reviewer/R1_afdb -redo
Seed:    42 (Using SPRNG - Scalable Parallel Random Number Generator)
Time:    Tue Jul  7 13:26:55 2026
Kernel:  AVX+FMA - auto-detect threads (32 CPU cores detected)

Reading partition model file results/seq_tree/aa3di_partition.nex ...
Reading alignment file results/reviewer/aln_afdb.fasta ... Fasta format detected
Reading fasta file: done in 0.0025208 secs using 100% CPU
Alignment most likely contains protein sequences
Constructing alignment: done in 0.00298595 secs using 1942% CPU
Alignment has 828 sequences with 418 columns, 417 distinct patterns
370 parsimony-informative, 27 singleton sites, 21 constant sites
                                Gap/Ambiguity  Composition  p-value
Analyzing sequences: done in 0.000594854 secs using 2993% CPU
   1  A0A0C7N4Y2_Lachancea              1.44%    passed     79.05%
   2  A0A0W4ZHZ4_Pneumocystis           0.96%    passed     98.52%
   3  A0A0W4ZNJ0_Pneumocystis           0.48%    passed     98.47%
   4  A0A1G4K4H6_Lachancea              1.44%    passed     96.28%
   5  A0A2P7YPG7_Candidozyma            1.91%    passed     97.29%
   6  A5DHA1_Meyerozyma                 1.91%    passed     97.73%
   7  B6K513_Schizosaccharomyces        0.48%    passed     99.89%
   8  C4R0P2_Komagataella               2.39%    passed     99.49%
   9  G0V5V7_Naumovozyma                1.44%    passed     97.57%
  10  G0WAI2_Naumovozyma                1.44%    passed     96.25%
  11  G8BK92_Candida                    1.91%    passed     99.97%
  12  G8BQC5_Tetrapisispora             1.91%    passed     58.94%
  13  G8JMQ5_Eremothecium               1.91%    passed     96.80%
  14  G8ZST6_Torulaspora                1.44%    passed     99.81%
  15  H2AZM3_Kazachstania               1.44%    passed     97.68%
  16  I2H566_Henningerozyma             2.39%    passed     84.22%
  17  J7S6X7_Huiozyma                   1.44%    passed     95.86%
  18  M7P7M8_Pneumocystis               0.96%    passed     97.99%
  19  P07271_Saccharomyces              1.44%    passed     95.61%
  20  P38766_Saccharomyces              2.39%    passed     75.54%
  21  Q59RQ0_Candida                    1.91%    passed     99.24%
  22  Q6BQK7_Debaryomyces               1.44%    passed     94.44%
  23  Q6FKI9_Nakaseomyces               1.44%    passed     93.41%
  24  Q9UUA2_Schizosaccharomyces        0.48%    passed     81.82%
  25  S9PVT1_Schizosaccharomyces        0.48%    passed     99.92%
  26  S9X0K1_Schizosaccharomyces        0.48%    passed     99.87%
  27  W1QEW7_Ogataea                    2.39%    passed     97.28%
  28  W6MNR6_Kuraishia                  2.39%    passed     66.06%
  29  A0A066XBE3_Colletotrichum         0.00%    passed     99.97%
  30  A0A098E1Q1_Fusarium               0.00%    passed     99.99%
  31  A0A0A8L254_Kluyveromyces          1.91%    passed     96.67%
  32  A0A0A8L495_Kluyveromyces          1.44%    passed     95.13%
  33  A0A0D2HCP1_Cladophialophora       0.48%    passed     99.91%
  34  A0A0D2IYR0_Rhinocladiella         0.48%    passed     99.96%
  35  A0A0E9NJD1_Saitoella              0.96%    passed     96.74%
  36  A0A0F8UK25_Aspergillus            0.48%    passed     98.48%
  37  A0A0G2G6N1_Phaeomoniella          0.96%    passed     99.97%
  38  A0A0G4N7A9_Verticillium           0.00%    passed     99.98%
  39  A0A0G4PIW6_Penicillium            0.00%    passed     99.89%
  40  A0A0X8HVB8_Eremothecium           1.91%    passed     79.07%
  41  A0A135UEW1_Colletotrichum         0.00%    passed     99.90%
  42  A0A162ZNR2_Ascochyta              0.96%    passed    100.00%
  43  A0A166QWJ6_Colletotrichum         0.00%    passed     99.96%
  44  A0A167DT29_Sugiyamaella           6.70%    passed     99.64%
  45  A0A178CX55_Fonsecaea              0.48%    passed     99.62%
  46  A0A178FD44_Trichophyton           0.96%    passed    100.00%
  47  A0A1B2JBB9_Komagataella           2.39%    passed     99.42%
  48  A0A1E3B484_Aspergillus            0.48%    passed    100.00%
  49  A0A1F8AAX5_Aspergillus            0.48%    passed     97.64%
  50  A0A1G4B3T3_Colletotrichum         0.00%    passed     99.98%
  51  A0A1G4J9Z3_Lachancea              1.91%    passed     98.98%
  52  A0A1G4M6R4_Lachancea              1.91%    passed     99.12%
  53  A0A1J9QLP1_Diplodia               2.39%    passed     97.27%
  54  A0A1L7WWW9_Phialocephala          0.00%    passed     99.94%
  55  A0A1V6U152_Penicillium            0.48%    passed    100.00%
  56  A0A1W5D893_Lasallia               0.96%    passed    100.00%
  57  A0A2A9PT09_Ophiocordyceps         0.00%    passed     99.96%
  58  A0A2C5WV42_Ceratocystis           0.00%    passed     99.31%
  59  A0A2C5Z163_Ophiocordyceps         0.00%    passed     99.97%
  60  A0A2G7FQB8_Aspergillus            0.00%    passed     99.99%
  61  A0A2S4L8F3_Tolypocladium          0.00%    passed     99.88%
  62  A0A2S4Q1N6_Erysiphe               0.00%    passed     99.97%
  63  A0A2T0FEC6_Wickerhamiella         5.74%    passed     93.70%
  64  A0A2U9RAS2_Pichia                 4.31%    passed     89.67%
  65  A0A370TV91_Venustampulla          0.00%    passed     99.96%
  66  A0A3D8QMU0_Aspergillus            0.48%    passed     99.85%
  67  A0A401KJ13_Aspergillus            0.48%    passed    100.00%
  68  A0A420Y4N6_Coniochaeta            0.00%    passed     99.81%
  69  A0A423X8J6_Cytospora              0.00%    passed     99.99%
  70  A0A4P6XHN0_Metschnikowia          3.35%    passed     93.16%
  71  A0A4Q4SNS4_Alternaria             0.48%    passed     99.95%
  72  A0A4Q4SW76_Monosporascus          0.00%    passed     99.99%
  73  A0A4R8TC14_Colletotrichum         0.00%    passed     99.91%
  74  A0A4T0X234_Pichia                 3.35%    passed     58.66%
  75  A0A4Z1I1P6_Botryotinia            0.00%    passed     99.75%
  76  A0A5E8BJL0_Magnusiomyces          2.87%    passed     98.70%
  77  A0A5M3Z9B9_Aspergillus            0.00%    passed    100.00%
  78  A0A6H0XK98_Peltaster              0.48%    passed     99.79%
  79  A0A7D8YNF5_Lachnellula            0.00%    passed    100.00%
  80  A0A8E5HVQ8_Ustilaginoidea         0.00%    passed     99.99%
  81  A0A8H3WE31_Colletotrichum         0.00%    passed     99.40%
  82  A0A8H5T131_Fusarium               0.00%    passed     99.98%
  83  A0A8J2T8D0_Zygosaccharomyces      6.70%    passed     97.41%
  84  A0A8J8WMJ2_Penicillium            0.00%    passed    100.00%
  85  A0A8K0LFH0_Elsinoe                0.48%    passed    100.00%
  86  A0A8T9C083_Lachnellula            0.00%    passed    100.00%
  87  A0A9N9L4M2_Hymenoscyphus          0.00%    passed     99.97%
  88  A0A9P5AP51_Fusarium               0.00%    passed     99.99%
  89  A0A9P5F6D8_Colletotrichum         0.00%    passed     99.52%
  90  A0A9P5IFU8_Botrytis               0.00%    passed     99.58%
  91  A0A9P7HAM0_Fusarium               0.00%    passed    100.00%
  92  A0A9P8NYE8_Ogataea                2.39%    passed     97.89%
  93  A0A9P8TS07_Trichoderma            0.00%    passed     99.99%
  94  A0A9Q8LAV6_Fulvia                 0.96%    passed     99.99%
  95  A0A9Q8QLM5_Purpureocillium        0.00%    passed     99.96%
  96  A0A9W9HYZ6_Penicillium            0.00%    passed     99.90%
  97  A0A9W9RW94_Penicillium            0.00%    passed     98.95%
  98  A0AAD9T215_Diplocarpon            0.00%    passed     99.98%
  99  A0AAI9SXC1_Candida                3.83%    passed     99.34%
 100  Q5AXT5_Aspergillus                0.96%    passed     99.99%
 101  A0A010SLY8_Colletotrichum         0.00%    passed     99.96%
 102  A0A0A2KKZ8_Penicillium            0.00%    passed     99.36%
 103  A0A0C7N9H1_Lachancea              2.39%    passed     97.54%
 104  A0A0D2AM31_Verruconis             1.44%    passed     99.94%
 105  A0A0D2CU01_Cladophialophora       0.48%    passed     99.91%
 106  A0A0F4GSW0_Zymoseptoria           0.48%    passed     99.96%
 107  A0A0F7TPW7_Penicillium            0.00%    passed     99.81%
 108  A0A0F8V674_Aspergillus            0.48%    passed     95.81%
 109  A0A0J9X617_Geotrichum             2.87%    passed     97.65%
 110  A0A0J9XD28_Geotrichum             0.00%    passed     98.95%
 111  A0A0L1J6G6_Aspergillus            0.48%    passed     99.64%
 112  A0A0P1KUZ5_Lachancea              0.96%    passed     96.88%
 113  A0A0U1LMZ8_Talaromyces            0.00%    passed     99.76%
 114  A0A0U5FW00_Aspergillus            0.00%    passed    100.00%
 115  A0A179UY81_Blastomyces            0.96%    passed     99.87%
 116  A0A194VFA7_Cytospora              2.39%    passed     99.95%
 117  A0A1E1KHD1_Rhynchosporium         0.48%    passed    100.00%
 118  A0A1G4JAR2_Lachancea              0.96%    passed     99.79%
 119  A0A1G4JJ13_Lachancea              1.44%    passed     96.84%
 120  A0A1G4KK60_Lachancea              1.44%    passed     97.21%
 121  A0A1G4M6E1_Lachancea              1.44%    passed     98.91%
 122  A0A1J9QG29_Blastomyces            0.96%    passed     99.84%
 123  A0A1L0D0Q5_Hanseniaspora          1.91%    passed     99.41%
 124  A0A1L7VNC0_Fusarium               0.00%    passed     99.99%
 125  A0A1X7R554_Maudiozyma             1.91%    passed     97.09%
 126  A0A218YVE5_Diplocarpon            0.00%    passed    100.00%
 127  A0A232LWR6_Elaphomyces            0.48%    passed     99.86%
 128  A0A292Q3K7_Tuber                  0.48%    passed     95.34%
 129  A0A2B7WVK7_Helicocarpus           0.48%    passed     99.97%
 130  A0A2K1QRC5_Sphaceloma             0.48%    passed    100.00%
 131  A0A2S6CBW7_Cercospora             0.96%    passed     98.50%
 132  A0A2V1A9H7_Candidozyma            1.91%    passed     98.23%
 133  A0A2V1ALF0_Candidozyma            1.91%    passed     95.76%
 134  A0A2W1ERC3_Pyrenophora            1.44%    passed     99.97%
 135  A0A364L1Q7_Talaromyces            0.00%    passed     99.99%
 136  A0A367YDY7_Candida                2.39%    passed     97.31%
 137  A0A384JQ16_Botrytis               0.00%    passed     99.93%
 138  A0A423WMC8_Cytospora              1.44%    passed     99.26%
 139  A0A448YGA8_Brettanomyces          2.39%    passed     96.51%
 140  A0A448YPH1_Brettanomyces          2.39%    passed     94.73%
 141  A0A4Y8D3B0_Botryotinia            0.00%    passed     99.99%
 142  A0A4Z0Z973_Xylaria                0.00%    passed    100.00%
 143  A0A507AHL1_Thyridium              0.00%    passed     99.93%
 144  A0A5Q4C7C0_Colletotrichum         0.00%    passed     99.99%
 145  A0A6A6V6U0_Sporormia              1.44%    passed     99.99%
 146  A0A6V8H3K1_Talaromyces            0.00%    passed     99.82%
 147  A0A7H8QY08_Talaromyces            0.00%    passed     99.90%
 148  A0A8G0PM48_Trichoderma            0.00%    passed     99.90%
 149  A0A8H2ZKI7_Maudiozyma             1.44%    passed     97.37%
 150  A0A8H4ISW3_Botryosphaeria         0.96%    passed     99.98%
 151  A0A8H4KSP0_Fusarium               0.00%    passed     99.98%
 152  A0A8H4L6X0_Fusarium               0.00%    passed    100.00%
 153  A0A8H5VWV3_Fusarium               0.00%    passed     99.99%
 154  A0A8H5XTU0_Fusarium               0.00%    passed     99.99%
 155  A0A8H6U8X2_Colletotrichum         0.00%    passed     99.64%
 156  A0A8H6UTP6_Aspergillus            0.00%    passed     99.93%
 157  A0A8H6VE95_Pseudocercospora       0.48%    passed     99.98%
 158  A0A9N8P9K6_Aureobasidium          0.48%    passed     99.97%
 159  A0A9N9LYP1_Hymenoscyphus          0.00%    passed     99.93%
 160  A0A9N9Y4Q8_Clonostachys           0.00%    passed    100.00%
 161  A0A9P0QRK9_Kurtzmaniella          1.44%    passed     83.26%
 162  A0A9P4YU51_Geosmithia             0.00%    passed     99.91%
 163  A0A9P8M8W8_Metarhizium            0.00%    passed    100.00%
 164  A0A9P8SF62_Hirsutella             0.00%    passed     99.99%
 165  A0A9P9XSS9_Colletotrichum         0.00%    passed     99.79%
 166  A0A9W7DE56_Ambrosiozyma           2.39%    passed     99.60%
 167  A0A9W7SU85_Teratosphaeria         0.48%    passed     99.72%
 168  A0A9W8N7W2_Xylaria                0.00%    passed    100.00%
 169  A0A9W9FVK9_Penicillium            0.48%    passed    100.00%
 170  A0A9W9KB48_Penicillium            0.00%    passed     97.67%
 171  A0A9W9TVT2_Penicillium            0.96%    passed     99.95%
 172  A0A9W9WZB3_Penicillium            0.00%    passed     99.94%
 173  A0A9W9XDN3_Penicillium           19.62%    passed     97.44%
 174  A0AA35IR82_Saccharomyces          1.44%    passed     93.92%
 175  A0AAV9SU16_Colletotrichum         0.00%    passed     99.99%
 176  A0AAV9UWD6_Orbilia                1.91%    passed     99.98%
 177  A0AB34KML8_Cladosporium           0.48%    passed     99.95%
 178  B3LLJ4_Saccharomyces              1.44%    passed     92.78%
 179  B6Q6C2_Talaromyces                0.00%    passed     99.86%
 180  C5DFL7_Lachancea                  1.44%    passed     98.88%
 181  C5DM92_Lachancea                  0.96%    passed     98.05%
 182  C5MAG5_Candida                    3.35%    passed     99.76%
 183  E4V3W1_Nannizzia                  0.96%    passed     99.99%
 184  E9ETX6_Metarhizium                0.00%    passed    100.00%
 185  G4N540_Pyricularia                0.00%    passed    100.00%
 186  J5JW44_Beauveria                  0.00%    passed    100.00%
 187  M1WCW3_Claviceps                  0.00%    passed     98.34%
 188  Q6CEU3_Yarrowia                  22.49%    passed     97.24%
 189  W9CKN3_Sclerotinia                0.00%    passed     99.89%
 190  A0A022Y865_Trichophyton           0.96%    passed    100.00%
 191  A0A0A1TS53_tx1531966              0.00%    passed     99.22%
 192  A0A0D2H657_Fonsecaea              0.48%    passed     99.95%
 193  A0A0H1B6P3_Blastomyces            0.48%    passed     99.92%
 194  A0A0L0NDI1_Tolypocladium          0.48%    passed    100.00%
 195  A0A0M8P8W8_Penicillium            0.00%    passed     99.97%
 196  A0A0P1KKU7_Lachancea              1.44%    passed     96.72%
 197  A0A135TU94_Colletotrichum         0.00%    passed     99.78%
 198  A0A168CGZ8_Cordyceps              0.00%    passed     99.99%
 199  A0A168ISU5_Akanthomyces           0.00%    passed    100.00%
 200  A0A177FGZ4_Fonsecaea              0.48%    passed     99.81%
 201  A0A1B8AKF1_Fusarium               0.00%    passed    100.00%
 202  A0A1E1KSW3_Rhynchosporium         0.48%    passed    100.00%
 203  A0A1W2TKN4_Rosellinia             0.00%    passed     99.94%
 204  A0A1Z5T4Y1_Hortaea                0.48%    passed     99.67%
 205  A0A2B7X4F7_Blastomyces            0.48%    passed     98.87%
 206  A0A2H0ZLB1_Candidozyma            3.83%    passed     90.17%
 207  A0A2H2ZNG2_Trichoderma            0.00%    passed     99.99%
 208  A0A2P7Z3W1_Elsinoe                0.48%    passed    100.00%
 209  A0A366QY50_Fusarium               0.00%    passed     99.99%
 210  A0A376BA80_Saccharomycodes        2.87%    passed     97.29%
 211  A0A395SEG8_Fusarium               0.00%    passed     99.99%
 212  A0A3A2ZL16_Aspergillus            0.00%    passed     99.99%
 213  A0A3D8SQV1_Coleophoma             0.00%    passed     99.99%
 214  A0A420HWK8_Erysiphe               0.00%    passed     99.98%
 215  A0A484FKH5_Colletotrichum         0.00%    passed     99.94%
 216  A0A4Q4P3R5_Alternaria             0.48%    passed     99.95%
 217  A0A4Z1FQZ2_Botrytis               0.00%    passed     99.82%
 218  A0A4Z1H1E5_Botrytis               0.00%    passed     99.97%
 219  A0A4Z1I5K8_Botryotinia            0.00%    passed     99.86%
 220  A0A4Z1JM45_Botrytis               0.00%    passed     99.97%
 221  A0A4Z1NVH7_Venturia               0.48%    passed     99.30%
 222  A0A5E8B6K8_Magnusiomyces          3.83%    passed     96.11%
 223  A0A5N6K1H9_Monilinia              0.00%    passed     99.99%
 224  A0A642UJS9_Trichomonascus         0.96%    passed     97.24%
 225  A0A7C8MWI0_Xylaria                0.00%    passed    100.00%
 226  A0A7G3ZIW5_Torulaspora            3.83%    passed     91.45%
 227  A0A7U2QU03_Aspergillus            0.00%    passed     99.71%
 228  A0A8H2ZM85_Sclerotinia            0.00%    passed     99.94%
 229  A0A8H4Q9J7_Ophiocordyceps         0.00%    passed     99.98%
 230  A0A8H4T2Y1_Fusarium               0.00%    passed     99.87%
 231  A0A8H4YPP2_Fusarium               0.00%    passed     99.99%
 232  A0A8H5J614_Fusarium               0.00%    passed     99.97%
 233  A0A8H5UR89_Fusarium               0.00%    passed     99.99%
 234  A0A8H6KXX6_Colletotrichum         0.00%    passed     99.76%
 235  A0A8H8RV52_Lachnellula            0.00%    passed     99.99%
 236  A0A8J2TAJ9_Zygosaccharomyces      1.44%    passed     99.60%
 237  A0A8T9B5J8_Lachnellula            0.00%    passed     99.91%
 238  A0A9P0QU44_Kurtzmaniella          3.35%    passed     93.98%
 239  A0A9P3CP80_Cercospora             0.48%    passed     99.70%
 240  A0A9P6VJM9_Hyphodiscus            0.00%    passed     99.98%
 241  A0A9P8Q4R9_Wickerhamomyces        2.39%    passed     96.26%
 242  A0A9Q8SIE6_Colletotrichum         0.00%    passed     98.80%
 243  A0A9Q9EGB7_Septoria               0.48%    passed     99.63%
 244  A0A9W4UE87_Periconia              1.44%    passed     99.88%
 245  A0AA35J0E4_Saccharomyces          1.44%    passed     62.63%
 246  A0AAD4IFY3_Alternaria             0.48%    passed    100.00%
 247  A0AAD5BBM1_Candida                1.91%    passed     99.99%
 248  A0AAD6GIB4_Penicillium            5.74%    passed     99.57%
 249  A0AAD9AKZ3_Colletotrichum         0.00%    passed     99.43%
 250  A0AAD9Y213_Colletotrichum         0.00%    passed     99.32%
 251  A0AAE9W8S9_Schizosaccharomyces    0.48%    passed     99.79%
 252  A0AAI9TIH2_Penicillium            0.00%    passed     99.99%
 253  A0AAV5QDJ4_Saccharomycopsis       0.96%    passed     99.97%
 254  A0AAV5QKF6_Saccharomycopsis       1.44%    passed     93.93%
 255  A0AAX4HF17_Australozyma           4.31%    passed     98.36%
 256  A2R3M6_Aspergillus                0.00%    passed     99.98%
 257  D4B4E8_Trichophyton               0.96%    passed    100.00%
 258  D4DAK6_Trichophyton               0.96%    passed    100.00%
 259  F2PR25_Trichophyton               2.39%    passed     99.99%
 260  F2S1K4_Trichophyton               2.39%    passed    100.00%
 261  G0S6L7_Thermochaetoides           0.00%    passed     99.98%
 262  G1WZ06_Orbilia                    1.91%    passed    100.00%
 263  I2H165_Henningerozyma             0.96%    passed     99.32%
 264  K0KM86_Wickerhamomyces            1.91%    passed     99.44%
 265  K3UQF6_Fusarium                   0.00%    passed    100.00%
 266  N1RU73_Fusarium                   0.00%    passed    100.00%
 267  R4XBB5_Taphrina                   2.39%    passed     95.05%
 268  S7ZUF7_Penicillium                0.00%    passed     99.99%
 269  U1GI40_Endocarpon                 0.96%    passed     99.99%
 270  W6MM08_Kuraishia                  5.26%    passed     86.80%
 271  W7HWQ6_Drechslerella              1.91%    passed     99.78%
 272  A0A086SVX6_Hapsidospora           0.00%    passed     99.99%
 273  A0A090CWN8_Podospora              0.96%    passed    100.00%
 274  A0A0A2KQC3_Penicillium            0.00%    passed     99.96%
 275  A0A0D9NSG7_Metarhizium            0.00%    passed    100.00%
 276  A0A0F4YPA8_Rasamsonia             0.00%    passed     99.83%
 277  A0A0F4ZHF8_Thielaviopsis          0.00%    passed     99.92%
 278  A0A0G4KXU7_Verticillium           0.00%    passed    100.00%
 279  A0A0M9VTS8_Escovopsis             0.00%    passed     99.90%
 280  A0A0N0DEY4_Fusarium               0.00%    passed     99.96%
 281  A0A0P7BBB4_Neonectria             0.00%    passed    100.00%
 282  A0A135LFH1_Penicillium            0.00%    passed     99.91%
 283  A0A139HGG1_Pseudocercospora       0.48%    passed     99.98%
 284  A0A139IDY3_Pseudocercospora       0.48%    passed     99.99%
 285  A0A151GWK7_Drechmeria             0.00%    passed     99.97%
 286  A0A166NVT2_Colletotrichum         0.00%    passed     99.98%
 287  A0A168C8M9_Ascosphaera            0.00%    passed     99.91%
 288  A0A1C1C9U7_Cladophialophora       0.48%    passed     99.14%
 289  A0A1E5R8N0_Hanseniaspora          2.39%    passed     98.72%
 290  A0A1G4KDP5_Lachancea              1.44%    passed     65.41%
 291  A0A1G4KMC5_Lachancea              0.96%    passed     99.92%
 292  A0A1J9QQT4_Diplodia               0.96%    passed     99.61%
 293  A0A1J9S2U9_Diplodia               0.96%    passed     99.56%
 294  A0A1L0BTK2_Sungouiella            4.31%    passed     99.67%
 295  A0A1Q2YI20_Pichia                 3.83%    passed     98.62%
 296  A0A1Q8RAQ6_Colletotrichum         0.00%    passed     99.90%
 297  A0A1T3CVP8_Trichoderma            0.00%    passed     99.78%
 298  A0A1V6QBT2_Penicillium            0.48%    passed     99.99%
 299  A0A1V6RMZ5_Penicillium            0.00%    passed     99.85%
 300  A0A1V6RZK0_Penicillium            0.00%    passed     99.95%
 301  A0A1V6V0V5_Penicillium            1.44%    passed     98.97%
 302  A0A1V6Z3Y5_Penicillium            0.00%    passed     99.95%
 303  A0A1X7RKD9_Zymoseptoria           0.48%    passed    100.00%
 304  A0A1Y2M700_Epicoccum              0.96%    passed     99.98%
 305  A0A2C5XF89_Ophiocordyceps         0.00%    passed     99.87%
 306  A0A2K0WHU4_Fusarium               0.00%    passed     99.98%
 307  A0A2P6FGS0_Pseudogymnoascus       0.48%    passed     98.88%
 308  A0A2T4GQX9_Fusarium               0.00%    passed     99.99%
 309  A0A2U3EBL3_Purpureocillium        0.00%    passed    100.00%
 310  A0A2V1AQV1_Candidozyma            4.31%    passed     99.87%
 311  A0A367YAA9_Candida                5.26%    passed     94.89%
 312  A0A367YJV1_Candida                5.26%    passed     91.50%
 313  A0A367YKM2_Candida                2.39%    passed     99.53%
 314  A0A395NCI1_Trichoderma            0.00%    passed     99.99%
 315  A0A423XFI1_Cytospora              0.00%    passed    100.00%
 316  A0A423XK23_Cytospora              0.96%    passed     98.10%
 317  A0A9W8UIP0_Akanthomyces           0.00%    passed    100.00%
 318  A0A9W9RAK9_Penicillium            0.00%    passed     99.88%
 319  A0A9W9XR84_Penicillium            0.00%    passed     99.99%
 320  A0AA35NL61_Saccharomyces          1.44%    passed     91.64%
 321  A0AA38VV67_Coniochaeta            0.00%    passed     99.96%
 322  A0AA39L6U6_Sarocladium            0.00%    passed    100.00%
 323  A0AAD5RWL4_Zalerion               0.00%    passed     99.84%
 324  A0AAD6H8K2_Penicillium            0.00%    passed     99.99%
 325  A0AAD6MU90_Penicillium            0.00%    passed     99.96%
 326  A0AAD9I3P7_Phyllachora            0.00%    passed     99.98%
 327  A0AAE8SVQ8_Cephalotrichum         0.00%    passed     99.96%
 328  A0AAI8YJ59_Anthostomella          0.00%    passed     99.96%
 329  A0AAI9XWQ1_Colletotrichum         0.00%    passed     99.21%
 330  A0AAQ3M7G8_Acrodontium            0.48%    passed     99.93%
 331  A0AAV5R7D5_Pichia                 1.44%    passed      9.68%
 332  A0AAV9X1R8_Orbilia                1.91%    passed     99.67%
 333  A0AAX4HXM9_Colletotrichum         0.00%    passed     99.99%
 334  A7EDF0_Sclerotinia                0.00%    passed     99.97%
 335  A7TJ00_Vanderwaltozyma            2.39%    passed     67.74%
 336  B3LSF2_Saccharomyces              2.39%    passed     65.51%
 337  B8LYE9_Talaromyces                0.00%    passed     99.68%
 338  B9WMD7_Candida                    1.91%    passed     94.23%
 339  C1GI25_Paracoccidioides           0.48%    passed     99.74%
 340  C5E0W3_Zygosaccharomyces          5.74%    passed     99.07%
 341  E9DY51_Metarhizium                0.00%    passed     99.98%
 342  F0XHJ8_Leptographium              1.44%    passed     99.12%
 343  F2T115_Trichophyton               0.96%    passed    100.00%
 344  G0W9L4_Naumovozyma                1.91%    passed     83.56%
 345  G3JM88_Cordyceps                 31.58%    passed     48.93%
 346  G8JWH4_Eremothecium               1.91%    passed     99.92%
 347  G8ZVF0_Torulaspora                0.96%    passed     99.75%
 348  H6BKX2_Exophiala                  0.48%    passed     99.99%
 349  J7S460_Huiozyma                   0.96%    passed     88.47%
 350  K1WPA9_Drepanopeziza              0.00%    passed    100.00%
 351  L2G0F7_Colletotrichum             0.00%    passed     99.75%
 352  Q4WVU7_Aspergillus                0.00%    passed     99.99%
 353  Q6FPW0_Nakaseomyces               1.44%    passed     47.11%
 354  Q756Y6_Eremothecium               1.91%    passed     99.31%
 355  A0A084APH7_Stachybotrys           0.00%    passed     99.97%
 356  A0A084QU30_Stachybotrys           0.00%    passed     99.99%
 357  A0A0B1PEI0_Erysiphe               0.00%    passed     99.93%
 358  A0A0B2X4N9_Metarhizium            0.00%    passed     99.99%
 359  A0A0C4EG66_Magnaporthiopsis       0.00%    passed     99.74%
 360  A0A0D1ZHZ9_Exophiala              0.48%    passed    100.00%
 361  A0A0D2J3X0_Fonsecaea              0.48%    passed     99.92%
 362  A0A0D8JVN0_Coccidioides           0.48%    passed     99.55%
 363  A0A0F7ZTC5_Hirsutella             0.00%    passed     99.97%
 364  A0A0F8DHR2_Ceratocystis           0.00%    passed     99.54%
 365  A0A0G2I193_Diaporthe              0.00%    passed    100.00%
 366  A0A0N1NVW2_Cyphellophora          0.48%    passed    100.00%
 367  A0A101MLQ9_Penicillium            0.00%    passed     99.99%
 368  A0A109UW77_Eremothecium           1.91%    passed     99.78%
 369  A0A135SIN3_Colletotrichum         0.00%    passed    100.00%
 370  A0A161HKE9_Sugiyamaella           0.96%    passed     98.32%
 371  A0A167F3J3_Metarhizium            0.00%    passed     99.91%
 372  A0A167H2R5_Beauveria              0.00%    passed    100.00%
 373  A0A167TDW9_Niveomyces             0.00%    passed    100.00%
 374  A0A175VPZ7_Madurella              0.00%    passed     99.94%
 375  A0A178ZSD6_Fonsecaea              0.48%    passed     99.99%
 376  A0A179FR29_Pochonia               0.00%    passed     99.99%
 377  A0A4P6XSZ4_Metschnikowia          1.44%    passed     99.11%
 378  A0A4R8QEN4_Colletotrichum         0.00%    passed     99.22%
 379  A0A4S8RIP6_Botrytis               0.00%    passed     99.96%
 380  A0A4V3HXL6_Colletotrichum         0.00%    passed     99.74%
 381  A0A4V3UMW7_Aspergillus            4.78%    passed     97.89%
 382  A0A4Z1EL52_Botrytis               0.00%    passed     99.64%
 383  A0A4Z1L1J9_Botrytis               0.00%    passed     99.82%
 384  A0A5M9JJ09_Monilinia             17.22%    passed     53.34%
 385  A0A5N5DHG1_Lasiodiplodia          0.48%    passed     98.88%
 386  A0A7D5Z7W4_Metarhizium            0.00%    passed     99.96%
 387  A0A7H9AW24_Zygotorulaspora        2.39%    passed     95.98%
 388  A0A7H9B3W0_Zygotorulaspora        1.44%    passed     97.15%
 389  A0A8H4NYZ8_Fusarium               0.00%    passed     99.99%
 390  A0A8H4PTP3_Ophiocordyceps         0.00%    passed    100.00%
 391  A0A8H4T3M7_Fusarium               0.00%    passed     99.95%
 392  A0A8H5N1Z6_Fusarium               0.00%    passed     99.97%
 393  A0A8H5UMM3_Fusarium               0.00%    passed     99.92%
 394  A0A8H5V583_Fusarium               0.00%    passed     99.95%
 395  A0A8H5X4H1_Fusarium               0.00%    passed     99.99%
 396  A0A8H8D9N3_Candida                1.91%    passed     99.76%
 397  A0A8H8QV95_Lachnellula            0.00%    passed     97.83%
 398  A0A8H8RJD5_Lachnellula            0.00%    passed    100.00%
 399  A0A9N9YLT0_Clonostachys           0.00%    passed     99.89%
 400  A0A9P4X3G5_Trichoderma            0.00%    passed     99.93%
 401  A0A9P7IRT1_Fusarium               0.00%    passed     99.98%
 402  A0A9W9HNM9_Penicillium            0.00%    passed     99.92%
 403  A0A9W9JQ30_Penicillium            0.00%    passed     99.98%
 404  A0A9W9M2N2_Penicillium            0.00%    passed     99.89%
 405  A0A9W9PWX5_Penicillium            0.00%    passed     99.85%
 406  A0A9W9V6L1_Penicillium            0.00%    passed     99.99%
 407  A0A9X0BA58_Penicillium            0.48%    passed    100.00%
 408  A0AAD6E3Q9_Penicillium            0.96%    passed    100.00%
 409  A0AAD6IDC6_Penicillium            0.48%    passed     99.99%
 410  A0AAE1J0Y1_Trichoderma            0.00%    passed     99.82%
 411  A0AAE8M1S2_Fusarium               0.00%    passed     99.97%
 412  A0AAI9UII0_Colletotrichum         0.00%    passed     98.90%
 413  A0AAJ0E579_Colletotrichum         0.00%    passed     99.35%
 414  A0AAN5Z088_Fusarium               0.00%    passed     99.97%
 415  A0AAN6NX75_Pseudoneurospora       0.00%    passed    100.00%
 416  A0AAN7BLM5_Podospora              0.96%    passed    100.00%
 417  A0AAV5QX45_Pichia                 3.83%    passed     95.55%
 418  A0AAV5RMN1_Starmerella            1.44%    passed     99.86%
 419  A0AAV9HLS5_Cladorrhinum           0.96%    passed    100.00%
 420  A0AAV9UWK0_Orbilia                2.39%    passed     99.58%
 421  A0AAW0R3B8_Apiospora             12.44%    passed     57.34%
 422  A0AAX4HB97_Australozyma           1.44%    passed     99.06%
 423  A1DDJ4_Aspergillus                0.00%    passed    100.00%
 424  A7TMC2_Vanderwaltozyma            4.31%    passed     86.50%
 425  C0NFA5_Histoplasma                0.96%    passed     99.58%
 426  C5FMN5_Microsporum                0.96%    passed    100.00%
 427  C5M8S6_Candida                    5.26%    passed     52.20%
 428  E3S321_Pyrenophora                1.44%    passed     99.93%
 429  F2QT11_Komagataella               2.39%    passed     98.80%
 430  G0V6X7_Naumovozyma                1.91%    passed     93.43%
 431  G8Y8Q1_Millerozyma                1.91%    passed     97.41%
 432  H0GH54_Saccharomyces              2.39%    passed     75.79%
 433  H2AVD6_Kazachstania               2.39%    passed     97.95%
 434  J8PMR0_Saccharomyces              1.44%    passed     57.65%
 435  L8FZR6_Pseudogymnoascus           0.48%    passed     99.96%
 436  M3IP21_Candida                    1.44%    passed     98.39%
 437  Q6CWC6_Kluyveromyces              1.91%    passed     99.38%
 438  R8BS17_Phaeoacremonium            0.00%    passed     99.97%
 439  S8BV51_Dactylellina               1.91%    passed     98.67%
 440  U4KVV4_Pyronema                   0.48%    passed     99.44%
 441  V5FX47_Paecilomyces               0.48%    passed     99.81%
 442  A0A179IKE1_Akanthomyces           0.00%    passed    100.00%
 443  A0A1B7YNX9_Colletotrichum         0.00%    passed     99.99%
 444  A0A1E1LUZ6_Rhynchosporium         0.48%    passed    100.00%
 445  A0A1F5LX58_Penicillium            0.48%    passed    100.00%
 446  A0A1G4JCZ1_Lachancea              2.39%    passed     99.79%
 447  A0A1L7TYF3_Fusarium               0.00%    passed     99.99%
 448  A0A1L9RR32_Aspergillus            0.48%    passed     99.96%
 449  A0A1Q5UPN3_Penicillium            0.00%    passed     99.98%
 450  A0A1V6PDM4_Penicillium            0.00%    passed     99.89%
 451  A0A1V6U1M2_Penicillium            0.00%    passed     99.92%
 452  A0A1X7QZ68_Maudiozyma             1.44%    passed     97.02%
 453  A0A1Z5T0V7_Hortaea                0.00%    passed     99.48%
 454  A0A225ACG2_Talaromyces            0.00%    passed     99.61%
 455  A0A2B7ZAZ8_Emergomyces            0.96%    passed     99.06%
 456  A0A2C5Z3Z6_Ophiocordyceps         0.00%    passed     99.99%
 457  A0A2L2TT35_Fusarium               0.00%    passed     99.99%
 458  A0A2P4ZPZ5_Trichoderma            0.00%    passed     99.98%
 459  A0A2P5IG66_Diaporthe              0.00%    passed     99.99%
 460  A0A2P7YYZ7_Candidozyma            4.31%    passed     91.69%
 461  A0A395MU31_Fusarium               0.00%    passed     99.95%
 462  A0A395SH18_Fusarium               0.00%    passed     99.98%
 463  A0A3D8T9P5_Coleophoma             0.00%    passed     99.98%
 464  A0A420HI51_Golovinomyces          0.00%    passed     99.99%
 465  A0A437A639_Arthrobotrys           1.91%    passed    100.00%
 466  A0A4T0X4S6_Pichia                 1.91%    passed     89.08%
 467  A0A4U6XDE4_Colletotrichum         0.00%    passed    100.00%
 468  A0A545VF71_Cordyceps              0.00%    passed    100.00%
 469  A0A642UC18_Diutina                2.39%    passed     96.19%
 470  A0A6P8AS74_Pyricularia            0.00%    passed     99.99%
 471  A0A7D9D0S1_Brettanomyces          3.35%    passed     83.00%
 472  A0A7D9H4X7_Brettanomyces          2.39%    passed     98.89%
 473  A0A7G3ZFX8_Torulaspora            1.44%    passed     99.99%
 474  A0A7H9HQ67_Torulaspora            1.44%    passed     99.85%
 475  A0A8A3PQR8_Monilinia              0.00%    passed     99.77%
 476  A0A8E2ECP4_Lepidopterella         0.96%    passed     99.87%
 477  A0A8H2VG31_Maudiozyma             0.96%    passed     95.22%
 478  A0A8H4M5R7_Aspergillus            0.00%    passed     99.99%
 479  A0A8H4RP39_Cudoniella             0.00%    passed    100.00%
 480  A0A8H5K2L9_Fusarium               0.00%    passed     99.96%
 481  A0A8H5V246_Fusarium               0.00%    passed     99.98%
 482  A0A8H6DJK2_Fusarium               0.00%    passed     99.99%
 483  A0A8H6EMB0_Botrytis               0.00%    passed     99.99%
 484  A0A8H6MX16_Colletotrichum         0.00%    passed     99.45%
 485  A0A8H6P867_Aspergillus            0.00%    passed     99.99%
 486  A0A8H7B4D1_Alternaria             0.48%    passed     99.89%
 487  A0A8H7MC09_Ascochyta              0.96%    passed    100.00%
 488  A0A8J2N2S3_Alternaria             0.48%    passed    100.00%
 489  A0A9N8P4J7_Aureobasidium          6.70%    passed     98.44%
 490  A0A9N8PPA1_Aureobasidium          4.78%    passed     74.38%
 491  A0A9P5H1A3_Cylindrodendrum        0.00%    passed    100.00%
 492  A0A9P6I5L3_Colletotrichum         0.00%    passed     99.88%
 493  A0A9P7UDJ2_Colletotrichum         0.00%    passed     99.17%
 494  A0A9P8KRB0_Trichoderma            0.00%    passed     99.63%
 495  A0A9P8PN42_Wickerhamomyces        1.44%    passed     99.71%
 496  A0A9P8PWM7_Ogataea                2.39%    passed     97.13%
 497  A0A9P8Q2R3_Wickerhamomyces        1.44%    passed     98.13%
 498  A0A9P8TBX6_Wickerhamomyces        1.91%    passed     98.59%
 499  A0A9P9XX88_Emericellopsis         0.00%    passed     99.45%
 500  A0A9Q0AR35_Neoarthrinium          0.00%    passed     99.96%
 501  A0A9W4TRY8_Candida                3.83%    passed     41.79%
 502  A0A9W4TSQ7_Candida                2.39%    passed     88.25%
 503  A0A9W6SUB1_Ogataea                1.91%    passed     61.91%
 504  A0A9W8NAJ3_Xylaria                0.00%    passed     98.75%
 505  A0A9W9E386_Trichoderma            0.00%    passed     99.85%
 506  A0A9W9GHH5_Penicillium            0.96%    passed    100.00%
 507  A0A9W9KDN3_Penicillium            0.96%    passed     99.99%
 508  A0A9W9NF67_Penicillium            0.48%    passed     99.56%
 509  A0A9W9PGZ8_Penicillium            0.00%    passed     99.99%
 510  A0AA35M823_Clonostachys           0.00%    passed     99.93%
 511  A0AA38R6I5_Pleurostoma            0.00%    passed     99.92%
 512  A0AA39QRC0_Cladonia               0.96%    passed    100.00%
 513  A0AA40CH22_Lasiodiplodia          0.48%    passed     99.59%
 514  A0AAD6BVQ3_Penicillium            0.00%    passed     99.93%
 515  A0AAD9W185_Diaporthe              0.00%    passed    100.00%
 516  A0AAI8YTU8_Lecanosticta           0.96%    passed     99.94%
 517  A0AAI9SW46_Candida                1.91%    passed     98.65%
 518  A0AAN6BNB4_Aspergillus            0.00%    passed     99.91%
 519  A0AAN6PR26_Parachaetomium         1.44%    passed     80.45%
 520  A0AAV5RQD8_Maudiozyma             1.44%    passed     92.68%
 521  A0AAV5RS12_Starmerella            3.35%    passed     99.56%
 522  A0AAV5S599_Maudiozyma             1.44%    passed     95.86%
 523  A1CBS2_Aspergillus                0.00%    passed    100.00%
 524  A5E709_Lodderomyces               1.91%    passed    100.00%
 525  A7TNQ0_Vanderwaltozyma            1.44%    passed     99.73%
 526  B0Y232_Aspergillus                0.00%    passed     99.93%
 527  B6HL55_Penicillium                0.00%    passed     99.92%
 528  C1GVB7_Paracoccidioides           0.48%    passed     99.74%
 529  C4YMF4_Candida                    1.91%    passed     99.28%
 530  C5DS62_Zygosaccharomyces          1.44%    passed     99.84%
 531  E3Q2W0_Colletotrichum             0.00%    passed     99.99%
 532  A0A074S981_Rhizoctonia            1.44%    passed     99.71%
 533  A0A081CCF7_Moesziomyces           0.96%    passed     99.86%
 534  A0A0B7FZH9_Rhizoctonia            1.91%    passed     99.97%
 535  A0A0B7G372_Rhizoctonia            1.91%    passed     74.00%
 536  A0A0D0VFI3_Cryptococcus           1.44%    passed     99.08%
 537  A0A0D6ENE9_Sporobolomyces         0.96%    passed     99.82%
 538  A0A0K3C6U0_Rhodotorula            0.96%    passed     98.61%
 539  A0A0K6FND2_Rhizoctonia            5.74%    passed     97.59%
 540  A0A1B9GFU3_Kwoniella              1.44%    passed     99.58%
 541  A0A1Q3E2N1_Lentinula              4.31%    passed     99.21%
 542  A0A2G8RUN7_Ganoderma              1.44%    passed     99.97%
 543  A0A2G8S4W6_Ganoderma              0.96%    passed     99.84%
 544  A0A369J1H4_Hypsizygus             1.44%    passed     99.66%
 545  A0A5B0MRD7_Puccinia               1.91%    passed     95.42%
 546  A0A5M3MBB2_Coniophora             1.91%    passed     99.58%
 547  A0A8H3TUW7_Naganishia             1.91%    passed     97.83%
 548  A0A8H3U0A2_Naganishia             2.87%    passed     86.63%
 549  A0A8H5CYE4_Tetrapyrgos            1.44%    passed     98.70%
 550  A0A8H5EYD2_Psilocybe              0.96%    passed     81.14%
 551  F7VS34_Sordaria                   1.44%    passed    100.00%
 552  G8BSI5_Tetrapisispora             1.44%    passed     98.85%
 553  H8XAL7_Candida                    1.91%    passed     99.93%
 554  J3NIB7_Gaeumannomyces             0.00%    passed     99.95%
 555  K9GB17_Penicillium                0.00%    passed     99.76%
 556  N1J746_Blumeria                   0.00%    passed     99.96%
 557  Q6CQY1_Kluyveromyces              1.91%    passed     96.12%
 558  Q756M1_Eremothecium               1.91%    passed     94.18%
 559  Q7RXT1_Neurospora                 0.00%    passed    100.00%
 560  S0E8T2_Fusarium                   0.00%    passed    100.00%
 561  S3DLT2_Glarea                     0.00%    passed    100.00%
 562  W3WI34_Pestalotiopsis             0.00%    passed     99.73%
 563  W6QMY6_Penicillium                0.00%    passed     99.49%
 564  A0A0B4FVA9_Metarhizium            0.00%    passed     99.98%
 565  A0A0P7BLB4_Neonectria             1.44%    passed     98.13%
 566  A0A0V1Q2Z0_Debaryomyces           1.91%    passed     96.39%
 567  A0A1L0BLG4_Sungouiella            1.44%    passed     99.39%
 568  A0A2P5HGU5_Diaporthe              0.96%    passed     98.64%
 569  A0A2T0FMF4_Wickerhamiella         1.44%    passed     98.07%
 570  A0A2U9QZ99_Pichia                 3.83%    passed     84.71%
 571  A0A376BAK2_Saccharomycodes        2.39%    passed     98.84%
 572  A0A395J7K7_Monilinia              4.31%    passed     95.90%
 573  A0A3E2GT96_Scytalidium            0.00%    passed    100.00%
 574  A0A3N4JMV7_Choiromyces            0.48%    passed     99.97%
 575  A0A559MKX1_Lachnellula            0.00%    passed     99.91%
 576  A0A5E8BI10_Magnusiomyces          0.96%    passed     99.34%
 577  A0A642UMB7_Diutina                4.31%    passed     98.00%
 578  A0A642V5E7_Trichomonascus         1.91%    passed     98.26%
 579  A0A7H9HUR2_Torulaspora            2.39%    passed     99.30%
 580  A0A8H4CLQ5_Colletotrichum         0.00%    passed     99.90%
 581  A0A8H4T4I9_Fusarium               0.96%    passed     99.92%
 582  A0A8H5WXE6_Fusarium               0.48%    passed     89.88%
 583  A0A9N9W2U8_Clonostachys           0.00%    passed     99.95%
 584  A0A9P5HJJ0_Cylindrodendrum        0.48%    passed     89.87%
 585  A0A9P8F6U8_Aureobasidium          0.48%    passed    100.00%
 586  A0A9W4RWK1_Colletotrichum         0.00%    passed     99.95%
 587  A0AAD9SP23_Diaporthe              1.44%    passed     99.97%
 588  J6EEG6_Saccharomyces              1.44%    passed     79.23%
 589  M3JT10_Candida                    4.31%    passed     96.64%
 590  A0A0V1Q0J3_Debaryomyces           4.31%    passed     99.78%
 591  A0A1D8PRM6_Candida                3.83%    passed     99.28%
 592  A0A1G4KQ33_Komagataella           2.39%    passed     91.11%
 593  A0A8H8D8N2_Candida                4.31%    passed     79.71%
 594  A0A9P8P3R0_Ogataea                3.35%    passed     86.01%
 595  A0A9P8T4U6_Ogataea                3.35%    passed     95.54%
 596  A0AAD5BCG9_Candida                4.78%    passed     99.00%
 597  A5DRR3_Lodderomyces               4.31%    passed     88.87%
 598  B9WKK1_Candida                    4.31%    passed     92.00%
 599  C4R014_Komagataella               2.39%    passed     93.54%
 600  C4Y757_Clavispora                 3.83%    passed     99.76%
 601  C4YNB1_Candida                    3.83%    passed     99.58%
 602  G8BBJ1_Candida                    5.26%    passed     99.98%
 603  G8YJN4_Millerozyma                3.83%    passed     73.19%
 604  H8WVI4_Candida                    4.78%    passed     98.28%
 605  K0KZ61_Wickerhamomyces            2.39%    passed     99.78%
 606  Q6BNW6_Debaryomyces               4.31%    passed     99.54%
 607  W1QFA7_Ogataea                    3.35%    passed     91.20%
 608  A0A060SM94_Trametes               1.44%    passed    100.00%
 609  A0A074S1G0_Rhizoctonia            0.48%    passed     76.03%
 610  A0A0D1DZD7_Mycosarcoma            0.96%    passed     99.70%
 611  A0A0K6G7K7_Rhizoctonia            2.39%    passed     99.56%
 612  A0A0L6V131_Puccinia               1.91%    passed     97.91%
 613  A0A0P1BIQ6_Ceraceosorus           1.44%    passed     96.47%
 614  A0A1B9FTK0_Kwoniella              1.91%    passed     98.17%
 615  A0A1B9HTQ2_Kwoniella              0.96%    passed     98.21%
 616  A0A1C7MA88_Grifola                0.96%    passed     99.98%
 617  A0A1E3HRY9_Cryptococcus           1.44%    passed     99.98%
 618  A0A1K0G3T0_Ustilago               0.96%    passed     99.20%
 619  A0A1M2VF04_Trametes               2.39%    passed     81.84%
 620  A0A1Q3EGR3_Lentinula              1.91%    passed     99.89%
 621  A0A238F8L5_Microbotryum           1.91%    passed     99.00%
 622  A0A284R575_Armillaria             2.87%    passed     98.86%
 623  A0A2R6NMH7_Hermanssonia           0.96%    passed     99.84%
 624  A0A2R6NTT4_Hermanssonia           1.44%    passed     99.96%
 625  A0A2S5BEQ4_Rhodotorula            0.48%    passed     99.97%
 626  A0A2X0KA56_Microbotryum           1.91%    passed     99.99%
 627  A0A2X0LW32_Microbotryum           1.91%    passed     98.66%
 628  A0A409W7F6_Gymnopilus             0.96%    passed     97.59%
 629  A0A4Q1BV97_Tremella               0.96%    passed     99.89%
 630  A0A4S4KLM9_Hermanssonia           1.44%    passed     99.99%
 631  A0A4S4LSC0_Bondarzewia            0.96%    passed     99.98%
 632  A0A4S4MT59_Antrodiella            0.96%    passed     99.96%
 633  A0A4T0FNF2_Wallemia               2.39%    passed     99.90%
 634  A0A4Y9YC71_Dentipellis            0.96%    passed     99.84%
 635  A0A4Y9YGX5_Dentipellis           12.44%    passed     97.63%
 636  A0A5B0N1Q3_Puccinia               1.91%    passed     94.15%
 637  A0A5C3E4B2_Ustilago               0.96%    passed     99.98%
 638  A0A5C3E832_Ustilago               1.44%    passed     99.92%
 639  A0A5C3FLB2_Moesziomyces           0.96%    passed     99.99%
 640  A0A5M6C3F7_Kwoniella              1.44%    passed     99.64%
 641  A0A5N5QSQ7_Ceratobasidium         2.39%    passed     99.98%
 642  A0A8H5D9L0_Leucocoprinus          2.87%    passed     99.72%
 643  A0A8H5FIS4_Ephemerocybe           1.91%    passed    100.00%
 644  A0A8H5H1J4_Tetrapyrgos            7.66%    passed     68.45%
 645  A0A8H5HHS9_Tricholomella          1.44%    passed     99.76%
 646  A0A8H5HYM6_Collybiopsis           1.91%    passed     87.71%
 647  A0A8H5LZH5_Tetrapyrgos            4.78%    passed     97.66%
 648  A0A8H5M8P6_Collybiopsis           3.83%    passed     97.61%
 649  A0A8H6X7X8_Mycena                 7.18%    passed     39.26%
 650  A0A8H7CZF7_Mycena                 0.96%    passed     99.35%
 651  A0A8X7NC76_Tilletia               1.44%    passed     96.70%
 652  A0A8X7SWK2_Tilletia               1.44%    passed     97.70%
 653  A0A9N8MAE1_Tilletia               1.44%    passed     90.93%
 654  A0A9P3G2I0_Phanerochaete          3.35%    passed     98.11%
 655  A0A9P3G4R7_Phanerochaete          3.83%    passed     76.22%
 656  A0A9P3G5D9_Phanerochaete          4.78%    passed     96.67%
 657  A0A9P3G9Z6_Phanerochaete          2.39%    passed     99.98%
 658  A0A9P3GEL8_Phanerochaete          0.96%    passed     99.14%
 659  A0A9P3UJ47_Lyophyllum             4.31%    passed     98.30%
 660  A0A9Q3CGN2_Austropuccinia         2.87%    passed     94.98%
 661  A0A9Q3DCC3_Austropuccinia         5.26%    passed     83.90%
 662  A0AA38HDX6_Dioszegia              1.44%    passed     94.41%
 663  A0AA48QVP0_Cutaneotrichosporon    0.96%    passed     99.74%
 664  A0AAD3TY69_Cutaneotrichosporon    0.96%    passed     98.57%
 665  A0AAD5VW10_Leucocoprinus         16.75%    passed     76.63%
 666  A0AAD7TST6_Trametes               0.96%    passed     99.27%
 667  A0AAD7TZE9_Trametes               2.39%    passed     86.42%
 668  A0AAF0Y8C4_Vanrija                1.91%    passed     99.98%
 669  A0AAJ4XLQ0_Melanopsichium         0.96%    passed     99.92%
 670  A0AAJ8KXR9_Kwoniella              1.91%    passed     94.85%
 671  A0AAW0BFE3_Favolaschia           16.27%    passed     98.48%
 672  A0AAW0E6V9_Favolaschia            1.91%    passed     99.81%
 673  A0AAW0YJW9_Kwoniella              1.44%    passed     93.72%
 674  A0AAX4K6B3_Kwoniella              0.96%    passed     97.66%
 675  A0AAX4K8N5_Kwoniella              1.91%    passed     97.17%
 676  A0AAX4KL96_Kwoniella              1.44%    passed     96.69%
 677  A8N288_Coprinopsis                1.91%    passed     98.93%
 678  A8N8Y7_Coprinopsis                1.91%    passed     96.89%
 679  D6RJX6_Coprinopsis                5.74%    passed     70.69%
 680  E3LA34_Puccinia                   1.91%    passed     97.11%
 681  E6RE98_Cryptococcus               3.35%    passed     99.77%
 682  E7A0V7_Sporisorium                0.96%    passed     98.53%
 683  G4TC19_Serendipita                3.35%    passed     97.45%
 684  G4TCR9_Serendipita                2.87%    passed     92.28%
 685  G7DW85_Mixia                      2.39%    passed     99.69%
 686  J4G0H3_Fibroporia                 2.39%    passed     99.68%
 687  J9VZB8_Cryptococcus               1.44%    passed     99.93%
 688  J9W1Z3_Cryptococcus               3.83%    passed     99.67%
 689  M7X6D4_Rhodotorula                0.96%    passed     97.02%
 690  Q5KCW7_Cryptococcus               3.83%    passed     98.09%
 691  R7RYN2_Stereum                    0.96%    passed     97.92%
 692  R9NXM4_Pseudozyma                 0.96%    passed     99.26%
 693  V2Z1H8_Moniliophthora             0.48%    passed     99.63%
 694  W3VVA0_Moesziomyces               0.96%    passed     99.98%
 695  A0A060SCN9_Trametes               0.96%    passed     99.40%
 696  A0A067Q5M5_Jaapia                 1.44%    passed     99.95%
 697  A0A095CAP8_Cryptococcus           1.44%    passed     99.77%
 698  A0A0D7BMU1_Cylindrobasidium       1.91%    passed     95.83%
 699  A0A0F7RVL5_Sporisorium            0.96%    passed     99.95%
 700  A0A0K6G747_Rhizoctonia            1.91%    passed     82.12%
 701  A0A0L0V172_Puccinia               2.39%    passed     85.78%
 702  A0A177TH00_Tilletia               1.44%    passed     96.87%
 703  A0A177V7P0_Tilletia               1.44%    passed     97.04%
 704  A0A180GTA2_Puccinia               2.39%    passed     92.85%
 705  A0A1A5ZVX6_Kwoniella              0.96%    passed     95.54%
 706  A0A1B9GQY0_Kwoniella              1.44%    passed     78.64%
 707  A0A1B9GYC6_Kwoniella              1.44%    passed     98.46%
 708  A0A1B9IG44_Kwoniella              0.96%    passed     97.49%
 709  A0A1E3I3G1_Cryptococcus           1.91%    passed     97.48%
 710  A0A1E3JFJ4_Cryptococcus           1.91%    passed     90.55%
 711  A0A1J8Q9H0_Rhizopogon             9.57%    passed     85.63%
 712  A0A1M2VTG0_Trametes              11.48%    passed     76.15%
 713  A0A1M8AB69_Malassezia             1.44%    passed     98.22%
 714  A0A1Q3E1Z4_Lentinula              2.39%    passed     99.51%
 715  A0A284RQ68_Armillaria             1.91%    passed     82.13%
 716  A0A286UKZ0_Pyrrhoderma            1.91%    passed     99.47%
 717  A0A2S4URQ4_Puccinia               2.39%    passed     94.33%
 718  A0A369K4X4_Hypsizygus             3.83%    passed     74.13%
 719  A0A369KAK7_Hypsizygus             3.83%    passed     94.66%
 720  A0A3G2S9J2_Malassezia             1.44%    passed     90.17%
 721  A0A401G8C9_Sparassis              2.39%    passed     98.49%
 722  A0A401H636_Sparassis              0.96%    passed     97.30%
 723  A0A409VCH1_Gymnopilus             1.44%    passed     92.24%
 724  A0A409Y7J2_Panaeolus              1.44%    passed     84.99%
 725  A0A4Q2DRZ9_Candolleomyces         1.44%    passed     99.33%
 726  A0A4S4LHT0_Phellinidium           1.44%    passed     99.97%
 727  A0A4U7KPQ9_Sporisorium            0.96%    passed     99.92%
 728  A0A4V3XJE3_Antrodiella            0.96%    passed     99.99%
 729  A0A5B0N0I5_Puccinia               1.91%    passed     98.22%
 730  A0A5C3EV21_Pseudozyma             8.61%    passed     92.98%
 731  A0A5C3EZA1_Pseudozyma             2.39%    passed     88.67%
 732  A0A5D3AUK3_Cryptococcus           1.91%    passed     85.13%
 733  A0A5M6C8X0_Kwoniella              1.91%    passed     76.42%
 734  A0A8H4VJS1_Agrocybe               1.44%    passed     97.77%
 735  A0A8H5B4L3_Psilocybe              1.44%    passed     99.44%
 736  A0A8H5GCJ7_Leucocoprinus         16.75%    passed     96.78%
 737  A0A8H5HQ47_Collybiopsis           2.39%    passed     98.60%
 738  A0A8H6T2J5_Mycena                 1.44%    passed     99.97%
 739  A0A8H6WB99_Mycena                 1.44%    passed     98.22%
 740  A0A8H6WYH6_Mycena                 1.91%    passed     99.09%
 741  A0A8H6Z6T2_Mycena                 0.96%    passed     99.87%
 742  A0A9P3G3Y6_Phanerochaete          3.35%    passed     96.45%
 743  A0A9P3US95_Lyophyllum             1.44%    passed     99.79%
 744  A0A9Q5HZ83_Sanghuangporus         1.91%    passed     99.97%
 745  A0AAD2HQZ9_Mycena                 2.87%    passed     81.06%
 746  A0AAD2HTN7_Mycena                 3.35%    passed     97.20%
 747  A0AAD5VEU9_Meripilus              0.96%    passed     97.59%
 748  A0AAD5W3A8_Leucocoprinus          2.87%    passed     98.81%
 749  A0AAD5YMS7_Meripilus              2.87%    passed     97.53%
 750  A0AAD7TYJ6_Trametes               1.44%    passed    100.00%
 751  A0AAJ8M2S8_Cryptococcus           4.31%    passed     97.85%
 752  A0AAW0YQW8_Kwoniella              1.91%    passed     85.70%
 753  E6R3E7_Cryptococcus               1.44%    passed     98.64%
 754  G7DW84_Mixia                      2.39%    passed     99.46%
 755  I2G1B8_Ustilago                   0.96%    passed     99.04%
 756  J4I8G7_Fibroporia                 0.96%    passed     98.15%
 757  K1WDM8_Trichosporon               3.83%    passed     99.78%
 758  Q5KKJ1_Cryptococcus               1.44%    passed     99.78%
 759  R9AGB8_Wallemia                   2.39%    passed     99.75%
 760  U5H9L9_Microbotryum              15.79%    passed     98.34%
 761  V2XGD7_Moniliophthora             0.48%    passed     90.09%
 762  V5GHH8_Kalmanozyma                0.96%    passed     99.61%
 763  A0A0B7G341_Rhizoctonia            7.18%    passed     61.99%
 764  A0A0K6GA87_Rhizoctonia            1.91%    passed     87.80%
 765  A0A1Y2IYW8_Trametes               2.39%    passed     86.99%
 766  A0A284RAN9_Armillaria             3.35%    passed     99.85%
 767  A0A286UR16_Pyrrhoderma            3.35%    passed     97.74%
 768  A0A4S4LN17_Bondarzewia            3.83%    passed     77.90%
 769  A0A4S4MSG5_Antrodiella            4.31%    passed     95.79%
 770  A0A4Y9YSR9_Dentipellis            0.96%    passed     71.89%
 771  A0A8H5M0W8_Tricholomella          4.31%    passed     96.41%
 772  A0A8H6YXU7_Mycena                 3.35%    passed     99.91%
 773  A0A8H7DCL8_Mycena                 2.39%    passed     88.56%
 774  A0A9P8AFI1_Marasmius              0.96%    passed     51.16%
 775  A0A9P8AFL8_Marasmius              0.96%    passed     53.97%
 776  A0A9W8ML86_Candolleomyces         1.44%    passed     97.49%
 777  A0AAD5UZ43_Meripilus              1.44%    passed    100.00%
 778  V2XWW7_Moniliophthora             4.31%    passed     99.93%
 779  I1BKX4_Rhizopus                   4.31%    passed     99.81%
 780  Q9H611_Homo                       6.22%    passed     16.16%
 781  A0A015N2M8_Rhizophagus            3.35%    passed     99.03%
 782  A0A0B7N3L9_Parasitella            3.83%    passed     98.28%
 783  A0A0B7NVF9_Parasitella            1.91%    passed     57.01%
 784  A0A0C9MZV3_Mucor                  4.78%    passed     96.16%
 785  A0A0L0HTH8_Spizellomyces          3.35%    passed     88.14%
 786  A0A168NJR9_Absidia                4.31%    passed     99.50%
 787  A0A1C7NKC8_Choanephora            4.31%    passed     94.07%
 788  A0A1C7NS85_Choanephora            4.31%    passed     94.71%
 789  A0A2Z6Q637_Rhizophagus            3.35%    passed     99.62%
 790  A0A507E7A0_Powellomyces           3.35%    passed     97.93%
 791  A0A507FMG7_Chytriomyces           2.87%    passed     99.08%
 792  A0A8H4A8B1_Gigaspora              1.44%    passed     89.19%
 793  A0A8H7Q426_Umbelopsis             3.83%    passed     96.53%
 794  A0A8H7QRS8_Mucor                  4.31%    passed     99.97%
 795  A0A8H7RPV3_Mucor                  1.91%    passed     64.29%
 796  A0A8H7S720_Circinella             4.31%    passed     97.28%
 797  A0A9N8Z8P5_Diversispora           3.35%    passed     80.27%
 798  A0A9N8ZA40_Funneliformis          3.83%    passed     98.43%
 799  A0A9N8ZJ08_Ambispora              4.31%    passed     99.68%
 800  A0A9N9HM59_Dentiscutata           1.44%    passed     97.42%
 801  A0A9P3HAH0_Entomortierella       19.14%    passed     80.46%
 802  A0A9P3HF53_Entomortierella        3.35%    passed     62.32%
 803  A0A9P3HK37_Entomortierella        3.83%    passed     99.79%
 804  A0A9P3HK44_Entomortierella        3.35%    passed     84.83%
 805  A0A9P3HKJ7_Entomortierella        3.35%    passed     99.16%
 806  A0A9P6YYP4_Rhizopus               4.31%    passed     99.73%
 807  A0A9P7BV71_Rhizopus               4.31%    passed     99.14%
 808  A0A9W4WTA5_Funneliformis          3.83%    passed     95.22%
 809  A0AAD7XWI0_Lichtheimia            2.39%    passed     99.88%
 810  A0AAN7D3L5_Mucor                  4.78%    passed     99.41%
 811  A0AAN7D484_Mucor                  4.31%    passed     71.43%
 812  A0A015KD19_Rhizophagus            4.78%    passed     84.25%
 813  A0A1M2VH00_Trametes               0.96%    passed     97.84%
 814  A0A1Q3E2E1_Lentinula              2.87%    passed     96.44%
 815  A0A261Y8L7_Bifiguratus            4.78%    passed     99.92%
 816  A0A8H5FHN3_Ephemerocybe           4.31%    passed     90.92%
 817  A0A8H7Q1B8_Umbelopsis             3.83%    passed     99.99%
 818  A0A9N9IT00_Cetraspora             1.44%    passed     90.46%
 819  A0A9P3UKB6_Lyophyllum             3.83%    passed     91.81%
 820  A8PUE9_Malassezia                 1.44%    passed     87.41%
 821  J4H1T8_Fibroporia                 2.87%    passed     92.20%
 822  A0A0C3AWH9_Serendipita            3.83%    passed     95.48%
 823  A0A0D7ANQ6_Fistulina              1.91%    passed     99.90%
 824  A0A0H2RNB9_Schizopora             1.91%    passed     99.12%
 825  A0A0H2S6Y4_Schizopora             4.31%    passed     88.82%
 826  A0A2A9NU72_Amanita                1.44%    passed     97.72%
 827  A0A4S8MSI0_Dendrothele            3.83%    passed     89.79%
 828  A0A9N9DSD6_Ambispora              4.78%    passed     85.34%
****  TOTAL                             1.61%  0 sequences failed composition chi2 test (p-value<5%; df=19)

Loading 2 partitions...
Subset	Type	Seqs	Sites	Infor	Invar	Model	Name
1	AA	828	209	179	15	LG+G	AA
2		828	209	191	6	data/3di/3di_substmat.txt+G	TDi
Degree of missing data: 0.000

WARNING: State(s) I, K, M rarely appear in partition 2 and may cause numerical problems

Create initial parsimony tree by phylogenetic likelihood library (PLL)... 0.452 seconds
Reading model parameters from file data/3di/3di_substmat.txt

NOTE: 235 MB RAM (0 GB) is required!
Measuring multi-threading efficiency up to 32 CPU cores
Increase to 10 rounds for branch lengths
6 trees examined
Threads: 1 / Time: 33.440 sec / Speedup: 1.000 / Efficiency: 100% / LogL: -301737
Threads: 2 / Time: 19.339 sec / Speedup: 1.729 / Efficiency: 86% / LogL: -301737
Threads: 3 / Time: 16.458 sec / Speedup: 2.032 / Efficiency: 68% / LogL: -301737
Threads: 4 / Time: 14.282 sec / Speedup: 2.341 / Efficiency: 59% / LogL: -301737
Threads: 5 / Time: 13.050 sec / Speedup: 2.562 / Efficiency: 51% / LogL: -301737
Threads: 6 / Time: 12.422 sec / Speedup: 2.692 / Efficiency: 45% / LogL: -301737
Determining AUTO threadcount: done in 109.001 secs using 286.7% CPU
BEST NUMBER OF THREADS: 5

Estimate model parameters (epsilon = 0.100)
Initial log-likelihood: -166725.210
Current log-likelihood at step 1: -165212.696
Current log-likelihood at step 2: -165090.841
Current log-likelihood at step 3: -165084.835
Current log-likelihood at step 4: -165082.469
Current log-likelihood at step 5: -165082.398
Partition-specific rates:  1.179 0.821
Parameters optimization took 4 rounds (6.313 sec)

Wrote distance file to... 
Computing ML distances based on estimated model parameters...
Calculating distance matrix: done in 0.00498104 secs using 489.7% CPU
Computing ML distances took 0.008370 sec (of wall-clock time) 0.032018 sec (of CPU time)
Setting up auxiliary I and S matrices: done in 0.00140905 secs using 490% CPU
Constructing RapidNJ tree: done in 0.0227809 secs using 542.6% CPU
Computing RapidNJ tree took 0.024269 sec (of wall-clock time) 0.131025 sec (of CPU time)
Log-likelihood of RapidNJ tree: -298510.636
--------------------------------------------------------------------
|             INITIALIZING CANDIDATE TREE SET                      |
--------------------------------------------------------------------
Generating 98 parsimony trees... 37.755 second
Computing log-likelihood of 98 initial trees ... 28.381 seconds
Current best score: -164846.135

Do NNI search on 20 best initial trees
Estimate model parameters (epsilon = 0.100)
Initial log-likelihood: -164300.151
Current log-likelihood at step 1: -164252.809
Current log-likelihood at step 2: -164252.787
Parameters optimization took 1 rounds (2.017 sec)

BETTER TREE FOUND at iteration 1: -164252.787
Estimate model parameters (epsilon = 0.100)
Initial log-likelihood: -164221.009
Current log-likelihood at step 1: -164220.530
Current log-likelihood at step 2: -164220.521
Parameters optimization took 1 rounds (1.476 sec)

BETTER TREE FOUND at iteration 2: -164220.521
Iteration 10 / LogL: -164354.221 / Time: 0h:3m:46s
Iteration 20 / LogL: -164365.222 / Time: 0h:4m:26s
Finish initializing candidate tree set (20)
Current best tree score: -164220.521 / CPU time: 148.112
Number of iterations: 20
--------------------------------------------------------------------
|               OPTIMIZING CANDIDATE TREE SET                      |
--------------------------------------------------------------------
Estimate model parameters (epsilon = 0.100)
Initial log-likelihood: -164211.412
Current log-likelihood at step 1: -164209.745
Current log-likelihood at step 2: -164209.738
Parameters optimization took 1 rounds (1.463 sec)

BETTER TREE FOUND at iteration 23: -164209.738
Estimate model parameters (epsilon = 0.100)
Initial log-likelihood: -164199.482
Current log-likelihood at step 1: -164197.079
Current log-likelihood at step 2: -164197.044
Parameters optimization took 1 rounds (1.480 sec)

BETTER TREE FOUND at iteration 28: -164197.044
Estimate model parameters (epsilon = 0.100)
Initial log-likelihood: -164193.747
Current log-likelihood at step 1: -164193.643
Current log-likelihood at step 2: -164193.641
Parameters optimization took 1 rounds (1.327 sec)

BETTER TREE FOUND at iteration 29: -164193.641
Iteration 30 / LogL: -164203.060 / Time: 0h:5m:27s (0h:18m:35s left)
Estimate model parameters (epsilon = 0.100)
Initial log-likelihood: -164152.389
Current log-likelihood at step 1: -164152.218
Current log-likelihood at step 2: -164152.209
Parameters optimization took 1 rounds (1.379 sec)

BETTER TREE FOUND at iteration 31: -164152.209
Estimate model parameters (epsilon = 0.100)
Initial log-likelihood: -164129.065
Current log-likelihood at step 1: -164128.928
Current log-likelihood at step 2: -164128.914
Parameters optimization took 1 rounds (1.359 sec)

BETTER TREE FOUND at iteration 35: -164128.914
Iteration 40 / LogL: -164251.921 / Time: 0h:6m:23s (0h:15m:32s left)
Estimate model parameters (epsilon = 0.100)
Initial log-likelihood: -164120.128
Current log-likelihood at step 1: -164120.049
Parameters optimization took 0 rounds (0.722 sec)

BETTER TREE FOUND at iteration 47: -164120.049
Estimate model parameters (epsilon = 0.100)
Initial log-likelihood: -164110.606
Current log-likelihood at step 1: -164110.366
Current log-likelihood at step 2: -164110.360
Parameters optimization took 1 rounds (1.394 sec)

BETTER TREE FOUND at iteration 48: -164110.360
Iteration 50 / LogL: -164177.053 / Time: 0h:7m:22s (0h:14m:43s left)
Estimate model parameters (epsilon = 0.100)
Initial log-likelihood: -164100.281
Current log-likelihood at step 1: -164095.636
Current log-likelihood at step 2: -164094.850
Current log-likelihood at step 3: -164094.849
Parameters optimization took 2 rounds (2.795 sec)

BETTER TREE FOUND at iteration 52: -164094.849
Iteration 60 / LogL: -164136.500 / Time: 0h:8m:19s (0h:12m:57s left)
Estimate model parameters (epsilon = 0.100)
Initial log-likelihood: -164086.213
Current log-likelihood at step 1: -164086.133
Parameters optimization took 0 rounds (0.742 sec)

BETTER TREE FOUND at iteration 62: -164086.133
Estimate model parameters (epsilon = 0.100)
Initial log-likelihood: -164075.387
Current log-likelihood at step 1: -164074.691
Current log-likelihood at step 2: -164073.852
Current log-likelihood at step 3: -164073.761
Parameters optimization took 2 rounds (2.636 sec)

BETTER TREE FOUND at iteration 64: -164073.761
Iteration 70 / LogL: -164103.100 / Time: 0h:9m:17s (0h:12m:39s left)
Estimate model parameters (epsilon = 0.100)
Initial log-likelihood: -164064.794
Current log-likelihood at step 1: -164063.861
Current log-likelihood at step 2: -164063.851
Parameters optimization took 1 rounds (1.418 sec)

BETTER TREE FOUND at iteration 77: -164063.851
Iteration 80 / LogL: -164120.523 / Time: 0h:10m:13s (0h:12m:32s left)
Estimate model parameters (epsilon = 0.100)
Initial log-likelihood: -164047.175
Current log-likelihood at step 1: -164047.014
Current log-likelihood at step 2: -164047.013
Parameters optimization took 1 rounds (1.381 sec)

BETTER TREE FOUND at iteration 81: -164047.013
Iteration 90 / LogL: -164072.704 / Time: 0h:11m:8s (0h:11m:22s left)
Iteration 100 / LogL: -164087.324 / Time: 0h:12m:2s (0h:9m:50s left)
Iteration 110 / LogL: -164194.860 / Time: 0h:12m:57s (0h:8m:26s left)
Iteration 120 / LogL: -164093.216 / Time: 0h:13m:52s (0h:7m:6s left)
Estimate model parameters (epsilon = 0.100)
Initial log-likelihood: -164029.587
Current log-likelihood at step 1: -164029.473
Current log-likelihood at step 2: -164029.472
Parameters optimization took 1 rounds (1.307 sec)

BETTER TREE FOUND at iteration 128: -164029.472
Iteration 130 / LogL: -164138.566 / Time: 0h:14m:47s (0h:11m:13s left)
Iteration 140 / LogL: -164070.348 / Time: 0h:15m:42s (0h:9m:56s left)
Estimate model parameters (epsilon = 0.100)
Initial log-likelihood: -164004.549
Current log-likelihood at step 1: -164004.363
Current log-likelihood at step 2: -164004.358
Parameters optimization took 1 rounds (1.354 sec)

BETTER TREE FOUND at iteration 150: -164004.358
Iteration 150 / LogL: -164004.358 / Time: 0h:16m:36s (0h:11m:8s left)
Iteration 160 / LogL: -164053.163 / Time: 0h:17m:31s (0h:9m:55s left)
Estimate model parameters (epsilon = 0.100)
Initial log-likelihood: -163991.383
Current log-likelihood at step 1: -163991.307
Parameters optimization took 0 rounds (0.734 sec)

BETTER TREE FOUND at iteration 170: -163991.307
Iteration 170 / LogL: -163991.307 / Time: 0h:18m:28s (0h:10m:55s left)
Estimate model parameters (epsilon = 0.100)
Initial log-likelihood: -163978.401
Current log-likelihood at step 1: -163977.883
Current log-likelihood at step 2: -163977.868
Parameters optimization took 1 rounds (1.438 sec)

BETTER TREE FOUND at iteration 178: -163977.868
Iteration 180 / LogL: -164078.581 / Time: 0h:19m:23s (0h:10m:36s left)
Iteration 190 / LogL: -164022.055 / Time: 0h:20m:18s (0h:9m:27s left)
Iteration 200 / LogL: -164149.765 / Time: 0h:21m:13s (0h:8m:18s left)
Estimate model parameters (epsilon = 0.100)
Initial log-likelihood: -163976.154
Current log-likelihood at step 1: -163976.081
Parameters optimization took 0 rounds (0.730 sec)

BETTER TREE FOUND at iteration 206: -163976.081
Estimate model parameters (epsilon = 0.100)
Initial log-likelihood: -163975.264
Current log-likelihood at step 1: -163974.773
Current log-likelihood at step 2: -163974.753
Parameters optimization took 1 rounds (1.387 sec)

BETTER TREE FOUND at iteration 210: -163974.753
Iteration 210 / LogL: -163974.753 / Time: 0h:22m:9s (0h:10m:35s left)
Iteration 220 / LogL: -164040.149 / Time: 0h:23m:4s (0h:9m:28s left)
Iteration 230 / LogL: -164040.692 / Time: 0h:23m:59s (0h:8m:22s left)
Estimate model parameters (epsilon = 0.100)
Initial log-likelihood: -163973.243
Current log-likelihood at step 1: -163973.105
Current log-likelihood at step 2: -163973.098
Parameters optimization took 1 rounds (1.413 sec)

BETTER TREE FOUND at iteration 231: -163973.098
Iteration 240 / LogL: -164024.284 / Time: 0h:24m:55s (0h:9m:29s left)
Iteration 250 / LogL: -164026.217 / Time: 0h:25m:47s (0h:8m:23s left)
Iteration 260 / LogL: -164044.995 / Time: 0h:26m:42s (0h:7m:19s left)
Iteration 270 / LogL: -164006.641 / Time: 0h:27m:34s (0h:6m:15s left)
Iteration 280 / LogL: -164158.514 / Time: 0h:28m:30s (0h:5m:12s left)
Estimate model parameters (epsilon = 0.100)
Initial log-likelihood: -163956.033
Current log-likelihood at step 1: -163955.618
Current log-likelihood at step 2: -163955.604
Parameters optimization took 1 rounds (1.440 sec)

BETTER TREE FOUND at iteration 286: -163955.604
Iteration 290 / LogL: -163989.689 / Time: 0h:29m:25s (0h:9m:46s left)
Estimate model parameters (epsilon = 0.100)
Initial log-likelihood: -163953.528
Current log-likelihood at step 1: -163952.177
Current log-likelihood at step 2: -163952.142
Parameters optimization took 1 rounds (1.444 sec)

BETTER TREE FOUND at iteration 296: -163952.142
Iteration 300 / LogL: -164022.924 / Time: 0h:30m:21s (0h:9m:44s left)
Estimate model parameters (epsilon = 0.100)
Initial log-likelihood: -163945.825
Current log-likelihood at step 1: -163945.253
Current log-likelihood at step 2: -163945.239
Parameters optimization took 1 rounds (1.343 sec)

BETTER TREE FOUND at iteration 307: -163945.239
Iteration 310 / LogL: -164061.036 / Time: 0h:31m:18s (0h:9m:49s left)
Iteration 320 / LogL: -164012.644 / Time: 0h:32m:10s (0h:8m:46s left)
Iteration 330 / LogL: -163954.955 / Time: 0h:33m:3s (0h:7m:44s left)
Iteration 340 / LogL: -163999.663 / Time: 0h:33m:58s (0h:6m:42s left)
Iteration 350 / LogL: -164039.462 / Time: 0h:34m:52s (0h:5m:41s left)
Iteration 360 / LogL: -163992.633 / Time: 0h:35m:46s (0h:4m:40s left)
Iteration 370 / LogL: -163958.092 / Time: 0h:36m:39s (0h:3m:40s left)
Iteration 380 / LogL: -164027.669 / Time: 0h:37m:34s (0h:2m:40s left)
Iteration 390 / LogL: -163994.317 / Time: 0h:38m:28s (0h:1m:40s left)
Iteration 400 / LogL: -164013.019 / Time: 0h:39m:20s (0h:0m:41s left)
TREE SEARCH COMPLETED AFTER 408 ITERATIONS / Time: 0h:40m:4s

--------------------------------------------------------------------
|                    FINALIZING TREE SEARCH                        |
--------------------------------------------------------------------
Performs final model parameters optimization
Estimate model parameters (epsilon = 0.010)
Initial log-likelihood: -163945.239
Current log-likelihood at step 1: -163945.239
Partition-specific rates:  1.290 0.710
Parameters optimization took 0 rounds (0.603 sec)

Partition information was printed to results/reviewer/R1_afdb.best_model.nex
BEST SCORE FOUND : -163945.239

Testing tree branches by SH-like aLRT with 1000 replicates...
Alternative NNI shows better log-likelihood -163944.918 > -163945.239
Alternative NNI shows better log-likelihood -163945.045 > -163945.239
Alternative NNI shows better log-likelihood -163945.207 > -163945.239
Alternative NNI shows better log-likelihood -163944.941 > -163945.239
Alternative NNI shows better log-likelihood -163945.066 > -163945.239
1.560 sec.
Total tree length: 99.699

Total number of iterations: 408
CPU time used for tree search: 11145.401 sec (3h:5m:45s)
Wall-clock time used for tree search: 2285.340 sec (0h:38m:5s)
Total CPU time used: 11520.866 sec (3h:12m:0s)
Total wall-clock time used: 2406.222 sec (0h:40m:6s)

Analysis results written to: 
  IQ-TREE report:                results/reviewer/R1_afdb.iqtree
  Maximum-likelihood tree:       results/reviewer/R1_afdb.treefile
  Likelihood distances:          results/reviewer/R1_afdb.mldist
  Screen log file:               results/reviewer/R1_afdb.log

Date and Time: Tue Jul  7 14:07:01 2026
===== [R1_afdb] PREP + GENERAX Tue Jul  7 14:07:01 EDT 2026 =====
[14] rev_R1_afdb: pruned tree 815 tips, aln 815 seqs (dropped 13 unmapped) -> results/reconciliation/rev_R1_afdb
[14] GeneRax (on WSL2):
     generax -f results/reconciliation/rev_R1_afdb/families.txt -s data/species_tree/ncbi_species.nwk \
        -r UndatedDL --unrooted-gene-tree --strategy SPR -p results/reconciliation/rev_R1_afdb/run
[YeastComp:395145] mca_base_component_repository_open: unable to open mca_btl_openib: librdmacm.so.1: cannot open shared object file: No such file or directory (ignored)
[00:00:00] GeneRax 2.0.4
Logs will also be printed into results/reconciliation/rev_R1_afdb/run/generax.log
GeneRax was called as follow:
/home/spencer/miniforge3/envs/gx204/bin/generax -f results/reconciliation/rev_R1_afdb/families.txt -s data/species_tree/grafted_species.binary.nwk -r UndatedDL --unrooted-gene-tree --strategy EVAL -p results/reconciliation/rev_R1_afdb/run 

General information:
- Output prefix: results/reconciliation/rev_R1_afdb/run
- Families information: results/reconciliation/rev_R1_afdb/families.txt
- Species tree: data/species_tree/grafted_species.binary.nwk
- MPI Ranks: 1
- Random seed: 123
- Reconciliation model: UndatedDL
- DTL rates: global rates
- Infer ML reconciliation: ON
- Unrooted reconciliation likelihood: ON
- Prune species tree mode: OFF

Gene tree correction information:
- Gene tree strategy: EVAL
- Max gene SPR radius: 0

[00:00:00] Filtering invalid families...
[Error] Invalid mapping A0A084GDF4_Scedosporium<->563466: can't find the gene A0A084GDF4_Scedosporium in the gene tree
[Error] Invalid mapping A0A166U4T1_Moelleriella<->1081109: can't find the gene A0A166U4T1_Moelleriella in the gene tree
[Error] Invalid mapping A0A1E5R2E4_Hanseniaspora<->56408: can't find the gene A0A1E5R2E4_Hanseniaspora in the gene tree
[Error] Invalid mapping A0A1E5RH49_Hanseniaspora<->56408: can't find the gene A0A1E5RH49_Hanseniaspora in the gene tree
[Error] Invalid mapping A0A1E5RYU5_Hanseniaspora<->29833: can't find the gene A0A1E5RYU5_Hanseniaspora in the gene tree
[Error] Invalid mapping A0A1U7LSY4_Neolecta<->1198029: can't find the gene A0A1U7LSY4_Neolecta in the gene tree
[Error] Invalid mapping A0A2D3UXI5_Ramularia<->112498: can't find the gene A0A2D3UXI5_Ramularia in the gene tree
[Error] Invalid mapping A0A2K3Q965_Tolypocladium<->45235: can't find the gene A0A2K3Q965_Tolypocladium in the gene tree
[Error] Invalid mapping A0A2N3NCB3_Lomentospora<->41688: can't find the gene A0A2N3NCB3_Lomentospora in the gene tree
[Error] Invalid mapping A0A2V1AIT0_Candidozyma<->1231522: can't find the gene A0A2V1AIT0_Candidozyma in the gene tree
[Error] Invalid mapping A0A367L4D8_Ophiocordyceps<->1330021: can't find the gene A0A367L4D8_Ophiocordyceps in the gene tree
[Error] Invalid mapping A0A553I2H5_Xylaria<->2512241: can't find the gene A0A553I2H5_Xylaria in the gene tree
[Error] Invalid mapping A0A5N5QIE1_Ceratobasidium<->1582974: can't find the gene A0A5N5QIE1_Ceratobasidium in the gene tree
[Error] Invalid mapping A0A5N5QIV7_Ceratobasidium<->1582974: can't find the gene A0A5N5QIV7_Ceratobasidium in the gene tree
[Error] Invalid mapping A0A8H4XL08_Fusarium<->1053134: can't find the gene A0A8H4XL08_Fusarium in the gene tree
[Error] Invalid mapping A0A8H7V8V8_Mucor<->64648: can't find the gene A0A8H7V8V8_Mucor in the gene tree
[Error] Invalid mapping A0A8J5QH60_Spathaspora<->561895: can't find the gene A0A8J5QH60_Spathaspora in the gene tree
[Error] Invalid mapping A0AA35JJF7_Saccharomyces<->226230: can't find the gene A0AA35JJF7_Saccharomyces in the gene tree
[Error] Invalid mapping A0AB34G0U3_Purpureocillium<->1247861: can't find the gene A0AB34G0U3_Purpureocillium in the gene tree
[Error] Invalid mapping A0ABN8VEY2_Saccharomyces<->1080349: can't find the gene A0ABN8VEY2_Saccharomyces in the gene tree
[Error] Invalid mapping A0ABN8VSG3_Saccharomyces<->1080349: can't find the gene A0ABN8VSG3_Saccharomyces in the gene tree
[Error] Invalid mapping A0ABN8WKL1_Saccharomyces<->230603: can't find the gene A0ABN8WKL1_Saccharomyces in the gene tree
[Error] Invalid mapping A0ABN8WPA3_Saccharomyces<->230603: can't find the gene A0ABN8WPA3_Saccharomyces in the gene tree
[Error] Invalid mapping A0ABP0EFL8_Kurtzmaniella<->148631: can't find the gene A0ABP0EFL8_Kurtzmaniella in the gene tree
[Error] Invalid mapping A0ABP0EH01_Kurtzmaniella<->148631: can't find the gene A0ABP0EH01_Kurtzmaniella in the gene tree
[Error] Invalid mapping A0ABP0ZHK7_Lodderomyces<->1775926: can't find the gene A0ABP0ZHK7_Lodderomyces in the gene tree
[Error] Invalid mapping A0ABP0ZI86_Lodderomyces<->1775926: can't find the gene A0ABP0ZI86_Lodderomyces in the gene tree
[Error] Invalid mapping A0ABP1CKG3_Somion<->3059160: can't find the gene A0ABP1CKG3_Somion in the gene tree
[Error] Invalid mapping A0ABP1CKG6_Somion<->3059160: can't find the gene A0ABP1CKG6_Somion in the gene tree
[Error] Invalid mapping A0ABP1CNA1_Somion<->3059160: can't find the gene A0ABP1CNA1_Somion in the gene tree
[Error] Invalid mapping A0ABP1CNE3_Somion<->3059160: can't find the gene A0ABP1CNE3_Somion in the gene tree
[Error] Invalid mapping A0ABP1DQJ8_Somion<->3059160: can't find the gene A0ABP1DQJ8_Somion in the gene tree
[Error] Invalid mapping A0ABP1DQU6_Somion<->3059160: can't find the gene A0ABP1DQU6_Somion in the gene tree
[Error] Invalid mapping A0ABP1DT00_Somion<->3059160: can't find the gene A0ABP1DT00_Somion in the gene tree
[Error] Invalid mapping A0ABP1E5U3_Somion<->3059160: can't find the gene A0ABP1E5U3_Somion in the gene tree
[Error] Invalid mapping A0ABP1E5U8_Somion<->3059160: can't find the gene A0ABP1E5U8_Somion in the gene tree
[Error] Invalid mapping A0ABP1E5X9_Somion<->3059160: can't find the gene A0ABP1E5X9_Somion in the gene tree
[Error] Invalid mapping A0ABP2EZZ6_Blastomyces<->559297: can't find the gene A0ABP2EZZ6_Blastomyces in the gene tree
[Error] Invalid mapping A0ABQ0CIR6_Epichloe<->79588: can't find the gene A0ABQ0CIR6_Epichloe in the gene tree
[Error] Invalid mapping A0ABQ0GRH5_Madurella<->1157608: can't find the gene A0ABQ0GRH5_Madurella in the gene tree
[Error] Invalid mapping A0ABQ0KXJ8_Mycena<->658473: can't find the gene A0ABQ0KXJ8_Mycena in the gene tree
[Error] Invalid mapping A0ABQ0L4N8_Mycena<->658473: can't find the gene A0ABQ0L4N8_Mycena in the gene tree
[Error] Invalid mapping A0ABQ0M0T4_Mycena<->658473: can't find the gene A0ABQ0M0T4_Mycena in the gene tree
[Error] Invalid mapping A0ABQ1A1P2_Aspergillus<->91492: can't find the gene A0ABQ1A1P2_Aspergillus in the gene tree
[Error] Invalid mapping A0ABQ7IPQ8_Botrytis<->2478750: can't find the gene A0ABQ7IPQ8_Botrytis in the gene tree
[Error] Invalid mapping A0ABQ7RA53_Ogataea<->1937702: can't find the gene A0ABQ7RA53_Ogataea in the gene tree
[Error] Invalid mapping A0ABQ7RB90_Ogataea<->1937702: can't find the gene A0ABQ7RB90_Ogataea in the gene tree
[Error] Invalid mapping A0ABQ7RSC4_Ogataea<->870730: can't find the gene A0ABQ7RSC4_Ogataea in the gene tree
[Error] Invalid mapping A0ABQ7S1B0_Ogataea<->870730: can't find the gene A0ABQ7S1B0_Ogataea in the gene tree
[Error] Invalid mapping A0ABQ8ESF1_Batrachochytrium<->1357716: can't find the gene A0ABQ8ESF1_Batrachochytrium in the gene tree
[Error] Invalid mapping A0ABQ8N742_Pyricularia<->148305: can't find the gene A0ABQ8N742_Pyricularia in the gene tree
[Error] Invalid mapping A0ABQ8WGQ7_Penicillium<->5076: can't find the gene A0ABQ8WGQ7_Penicillium in the gene tree
[Error] Invalid mapping A0ABQ9PW01_Colletotrichum<->1209924: can't find the gene A0ABQ9PW01_Colletotrichum in the gene tree
[Error] Invalid mapping A0ABQ9RPP9_Colletotrichum<->1209934: can't find the gene A0ABQ9RPP9_Colletotrichum in the gene tree
[Error] Invalid mapping A0ABQ9SFB4_Colletotrichum<->1914294: can't find the gene A0ABQ9SFB4_Colletotrichum in the gene tree
[Error] Invalid mapping A0ABR0F5M0_Podospora<->2093777: can't find the gene A0ABR0F5M0_Podospora in the gene tree
[Error] Invalid mapping A0ABR0G3Y6_Podospora<->2093779: can't find the gene A0ABR0G3Y6_Podospora in the gene tree
[Error] Invalid mapping A0ABR0H0U4_Podospora<->2093780: can't find the gene A0ABR0H0U4_Podospora in the gene tree
[Error] Invalid mapping A0ABR0HK82_Podospora<->2609844: can't find the gene A0ABR0HK82_Podospora in the gene tree
[Error] Invalid mapping A0ABR0SAG8_Cladobotryum<->491253: can't find the gene A0ABR0SAG8_Cladobotryum in the gene tree
[Error] Invalid mapping A0ABR0TKY5_Aureobasidium<->5580: can't find the gene A0ABR0TKY5_Aureobasidium in the gene tree
[Error] Invalid mapping A0ABR1PTT1_Apiospora<->335848: can't find the gene A0ABR1PTT1_Apiospora in the gene tree
[Error] Invalid mapping A0ABR1QZN4_Apiospora<->335849: can't find the gene A0ABR1QZN4_Apiospora in the gene tree
[Error] Invalid mapping A0ABR1RLE4_Apiospora<->335849: can't find the gene A0ABR1RLE4_Apiospora in the gene tree
[Error] Invalid mapping A0ABR1RWV5_Apiospora<->990691: can't find the gene A0ABR1RWV5_Apiospora in the gene tree
[Error] Invalid mapping A0ABR1UF14_Apiospora<->335842: can't find the gene A0ABR1UF14_Apiospora in the gene tree
[Error] Invalid mapping A0ABR1VZW9_Apiospora<->2905665: can't find the gene A0ABR1VZW9_Apiospora in the gene tree
[Error] Invalid mapping A0ABR1X8H1_Apiospora<->1337664: can't find the gene A0ABR1X8H1_Apiospora in the gene tree
[Error] Invalid mapping A0ABR1X8Q2_Apiospora<->1337664: can't find the gene A0ABR1X8Q2_Apiospora in the gene tree
[Error] Invalid mapping A0ABR2HLJ4_Apiospora<->335852: can't find the gene A0ABR2HLJ4_Apiospora in the gene tree
[Error] Invalid mapping A0ABR2V6U6_Seiridium<->138068: can't find the gene A0ABR2V6U6_Seiridium in the gene tree
[Error] Invalid mapping A0ABR2XV60_Seiridium<->138064: can't find the gene A0ABR2XV60_Seiridium in the gene tree
[Error] Invalid mapping A0ABR3BM64_Cryptococcus<->1296105: can't find the gene A0ABR3BM64_Cryptococcus in the gene tree
[Error] Invalid mapping A0ABR3BXI1_Cryptococcus<->1296105: can't find the gene A0ABR3BXI1_Cryptococcus in the gene tree
[Error] Invalid mapping A0ABR3DMS4_Neurospora<->5142: can't find the gene A0ABR3DMS4_Neurospora in the gene tree
[Error] Invalid mapping A0ABR3JDG0_Hohenbuehelia<->104357: can't find the gene A0ABR3JDG0_Hohenbuehelia in the gene tree
[Error] Invalid mapping A0ABR3P4W3_Neodothiora<->2781224: can't find the gene A0ABR3P4W3_Neodothiora in the gene tree
[Error] Invalid mapping A0ABR3VRV6_Mycothermus<->85995: can't find the gene A0ABR3VRV6_Mycothermus in the gene tree
[Error] Invalid mapping A0ABR3Y3X8_Phialemonium<->223376: can't find the gene A0ABR3Y3X8_Phialemonium in the gene tree
[Error] Invalid mapping A0ABR4D136_Oculimacula<->86028: can't find the gene A0ABR4D136_Oculimacula in the gene tree
[Error] Invalid mapping A0ABR4DNY3_Remersonia<->72144: can't find the gene A0ABR4DNY3_Remersonia in the gene tree
[Error] Invalid mapping A0ABR4DQT9_Diaporthe<->105482: can't find the gene A0ABR4DQT9_Diaporthe in the gene tree
[Error] Invalid mapping A0ABR4F3V5_Diaporthe<->105482: can't find the gene A0ABR4F3V5_Diaporthe in the gene tree
[Error] Invalid mapping A0ABR4MDG3_Ceratocystis<->2019550: can't find the gene A0ABR4MDG3_Ceratocystis in the gene tree
[Error] Invalid mapping A0ABR4NXG5_Nakaseomyces<->273131: can't find the gene A0ABR4NXG5_Nakaseomyces in the gene tree
[Error] Invalid mapping A0ABR4P0R8_Nakaseomyces<->273131: can't find the gene A0ABR4P0R8_Nakaseomyces in the gene tree
[Error] Invalid mapping A0ABR4PIR0_Phlyctema<->108571: can't find the gene A0ABR4PIR0_Phlyctema in the gene tree
[Error] Invalid mapping A0ABR5B432_Cryptococcus<->1296111: can't find the gene A0ABR5B432_Cryptococcus in the gene tree
[Error] Invalid mapping A0ABR5BG99_Cryptococcus<->1296111: can't find the gene A0ABR5BG99_Cryptococcus in the gene tree
[Error] Invalid mapping A0ABR5BLN6_Cryptococcus<->1296103: can't find the gene A0ABR5BLN6_Cryptococcus in the gene tree
[Error] Invalid mapping A0ABR5C231_Cryptococcus<->1296103: can't find the gene A0ABR5C231_Cryptococcus in the gene tree
[Error] Invalid mapping A0ABX6EXJ8_Kluyveromyces<->4911: can't find the gene A0ABX6EXJ8_Kluyveromyces in the gene tree
[Error] Invalid mapping A0ABX6F0Q7_Kluyveromyces<->4911: can't find the gene A0ABX6F0Q7_Kluyveromyces in the gene tree
[Error] Invalid mapping A0ABX8I2X5_Candidozyma<->45357: can't find the gene A0ABX8I2X5_Candidozyma in the gene tree
[Error] Invalid mapping A0ABX8I4W3_Candidozyma<->45357: can't find the gene A0ABX8I4W3_Candidozyma in the gene tree
[Error] Invalid mapping A0ABY0HA38_Monosporascus<->155416: can't find the gene A0ABY0HA38_Monosporascus in the gene tree
[Error] Invalid mapping A0ABY2H3J9_Trichoderma<->65468: can't find the gene A0ABY2H3J9_Trichoderma in the gene tree
[Error] Invalid mapping A0ABY6SM04_Podospora<->48703: can't find the gene A0ABY6SM04_Podospora in the gene tree
[Error] Invalid mapping A0ABZ1DBQ0_Kwoniella<->564305: can't find the gene A0ABZ1DBQ0_Kwoniella in the gene tree
[Error] Invalid mapping A0ABZ2AN38_Cryptococcus<->1859122: can't find the gene A0ABZ2AN38_Cryptococcus in the gene tree
[Error] Invalid mapping A0ABZ2B030_Cryptococcus<->1859122: can't find the gene A0ABZ2B030_Cryptococcus in the gene tree
[Error] Invalid mapping A0ABZ2WRY7_Fusarium<->5515: can't find the gene A0ABZ2WRY7_Fusarium in the gene tree
[Error] Invalid mapping A0ACA9NG08_Acaulospora<->27376: can't find the gene A0ACA9NG08_Acaulospora in the gene tree
[Error] Invalid mapping A0ACA9TUV3_Clonostachys<->1349383: can't find the gene A0ACA9TUV3_Clonostachys in the gene tree
[Error] Invalid mapping A0ACA9Y7U7_Yamadazyma<->467808: can't find the gene A0ACA9Y7U7_Yamadazyma in the gene tree
[Error] Invalid mapping A0ACA9YCX0_Yamadazyma<->467808: can't find the gene A0ACA9YCX0_Yamadazyma in the gene tree
[Error] Invalid mapping A0ACB5SA82_Neofusicoccum<->310453: can't find the gene A0ACB5SA82_Neofusicoccum in the gene tree
[Error] Invalid mapping A0ACB6V604_Geotrichum<->27317: can't find the gene A0ACB6V604_Geotrichum in the gene tree
[Error] Invalid mapping A0ACB6V835_Geotrichum<->27317: can't find the gene A0ACB6V835_Geotrichum in the gene tree
[Error] Invalid mapping A0ACB7IKH0_Pleurotus<->5321: can't find the gene A0ACB7IKH0_Pleurotus in the gene tree
[Error] Invalid mapping A0ACB7J0F3_Pleurotus<->5321: can't find the gene A0ACB7J0F3_Pleurotus in the gene tree
[Error] Invalid mapping A0ACC0QR54_Fusarium<->1328300: can't find the gene A0ACC0QR54_Fusarium in the gene tree
[Error] Invalid mapping A0ACC1N0K5_Zarea<->93591: can't find the gene A0ACC1N0K5_Zarea in the gene tree
[Error] Invalid mapping A0ACC1P622_Trametes<->158606: can't find the gene A0ACC1P622_Trametes in the gene tree
[Error] Invalid mapping A0ACC1PT71_Xylaria<->42375: can't find the gene A0ACC1PT71_Xylaria in the gene tree
[Error] Invalid mapping A0ACC1QDJ0_Trametes<->158606: can't find the gene A0ACC1QDJ0_Trametes in the gene tree
[Error] Invalid mapping A0ACC1RAE9_Lecanicillium<->468837: can't find the gene A0ACC1RAE9_Lecanicillium in the gene tree
[Error] Invalid mapping A0ACC1RL04_Fusarium<->57161: can't find the gene A0ACC1RL04_Fusarium in the gene tree
[Error] Invalid mapping A0ACC1T3Q8_Phlebia<->194682: can't find the gene A0ACC1T3Q8_Phlebia in the gene tree
[Error] Invalid mapping A0ACC1T620_Phlebia<->194682: can't find the gene A0ACC1T620_Phlebia in the gene tree
[Error] Invalid mapping A0ACC2HQW4_Boeremia<->749465: can't find the gene A0ACC2HQW4_Boeremia in the gene tree
[Error] Invalid mapping A0ACC3TRB3_Lipomyces<->1233043: can't find the gene A0ACC3TRB3_Lipomyces in the gene tree
[Error] Invalid mapping A0ACC3YGM8_Colletotrichum<->5467: can't find the gene A0ACC3YGM8_Colletotrichum in the gene tree
[Error] Invalid mapping A0ACD3Z1H8_Fusarium<->2747967: can't find the gene A0ACD3Z1H8_Fusarium in the gene tree
[Error] Invalid mapping C4JUZ0_Uncinocarpus<->336963: can't find the gene C4JUZ0_Uncinocarpus in the gene tree
[Error] Invalid mapping H0GLS5_Saccharomyces<->1095631: can't find the gene H0GLS5_Saccharomyces in the gene tree

Error in family pif1: Failed to map genes and species
WARNING!!! Found 1 invalid families (they will be discarded from the analysis)
[Error] No valid families! Aborting GeneRax
----- [R1_afdb] event totals -----
cat: results/reconciliation/rev_R1_afdb/run/reconciliations/pif1_eventCounts.txt: No such file or directory
----- [R1_afdb] MRCA deepdive -----
tips: total=828  ScPif1=P07271_Saccharomyces  ScRrm3=P38766_Saccharomyces  Pfh1=Q9UUA2_Schizosaccharomyces  human=Q9H611_Homo

=== Q1: duplication node = MRCA(ScPif1,ScRrm3) ===
  subtends 765 genes / 634 species

  -- Pif1(P07271) clade: 85 genes / 81 species --
     Saccharomycotina sub-lineages present (85 genes):
         35  Saccharomycetaceae
         20  Debaryomycetaceae
         15  Pichiaceae
          6  Metschnikowiaceae
          3  Dipodascaceae
          3  Wickerhamomycetaceae
          1  Trichomonascaceae
          1  Saccharomycopsidaceae
          1  Saccharomycodaceae

  -- Rrm3(P38766) clade: 680 genes / 628 species --
     Saccharomycotina sub-lineages present (90 genes):
         36  Saccharomycetaceae
         19  Debaryomycetaceae
         11  Pichiaceae
          7  Trichomonascaceae
          7  Metschnikowiaceae
          3  Saccharomycodaceae
          3  Wickerhamomycetaceae
          2  Dipodascaceae
          1  Dipodascales
          1  Saccharomycopsidaceae
     non-Saccharomycotina present: {'Taphrinomycotina': 10, 'Pezizomycotina': 403, 'Agaricomycotina': 94, 'Pucciniomycotina': 19, 'Ustilaginomycotina': 25, 'Wallemiomycotina': 2, 'Chytridiomycotina': 3, 'Mucoromycotina': 18, 'Glomeromycotina': 11, 'Mortierellomycotina': 5}

  Saccharomycotina sub-lineages in BOTH paralog clades (9): ['Debaryomycetaceae', 'Dipodascaceae', 'Metschnikowiaceae', 'Pichiaceae', 'Saccharomycetaceae', 'Saccharomycodaceae', 'Saccharomycopsidaceae', 'Trichomonascaceae', 'Wickerhamomycetaceae']
  only in Pif1 clade: []
  only in Rrm3 clade: ['Dipodascales']
===== [R1_afdb] DONE Tue Jul  7 14:07:02 EDT 2026 =====
ALLDONE Tue Jul  7 14:07:02 EDT 2026
===== [R2_plddt87] IQTREE Tue Jul  7 14:07:35 EDT 2026 =====
IQ-TREE version 3.1.2 for Linux x86 64-bit built May 17 2026
Developed by Bui Quang Minh, Thomas Wong, Nhan Ly-Trong, Huaiyan Ren
Contributed by Lam-Tung Nguyen, Dominik Schrempf, Chris Bielow,
Olga Chernomor, Michael Woodhams, Diep Thi Hoang, Heiko Schmidt

Host:    YeastComp (AVX512, FMA3, 78 GB RAM)
Command: /home/spencer/miniforge3/envs/pif1recon/bin/iqtree3 -s results/reviewer/aln_plddt87.fasta -p results/seq_tree/aa3di_partition.nex -T AUTO -seed 42 -alrt 1000 -pre results/reviewer/R2_plddt87 -redo
Seed:    42 (Using SPRNG - Scalable Parallel Random Number Generator)
Time:    Tue Jul  7 14:07:35 2026
Kernel:  AVX+FMA - auto-detect threads (32 CPU cores detected)

Reading partition model file results/seq_tree/aa3di_partition.nex ...
Reading alignment file results/reviewer/aln_plddt87.fasta ... Fasta format detected
Reading fasta file: done in 0.00227499 secs
Alignment most likely contains protein sequences
Constructing alignment: done in 0.00359416 secs using 2911% CPU
Alignment has 748 sequences with 418 columns, 399 distinct patterns
355 parsimony-informative, 19 singleton sites, 44 constant sites
                                Gap/Ambiguity  Composition  p-value
Analyzing sequences: done in 0.00162601 secs using 2939% CPU
   1  A0A0C7N4Y2_Lachancea              1.44%    passed     81.52%
   2  A0A0W4ZHZ4_Pneumocystis           0.96%    passed     98.59%
   3  A0A0W4ZNJ0_Pneumocystis           0.48%    passed     98.53%
   4  A0A1G4K4H6_Lachancea              1.44%    passed     96.84%
   5  A0A2P7YPG7_Candidozyma            1.91%    passed     97.63%
   6  A5DHA1_Meyerozyma                 1.91%    passed     97.99%
   7  B6K513_Schizosaccharomyces        0.48%    passed     99.87%
   8  C4R0P2_Komagataella               2.39%    passed     99.47%
   9  G0V5V7_Naumovozyma                1.44%    passed     97.87%
  10  G0WAI2_Naumovozyma                1.44%    passed     96.58%
  11  G8BK92_Candida                    1.91%    passed     99.98%
  12  G8BQC5_Tetrapisispora             1.91%    passed     60.77%
  13  G8JMQ5_Eremothecium               1.91%    passed     97.04%
  14  G8ZST6_Torulaspora                1.44%    passed     99.83%
  15  H2AZM3_Kazachstania               1.44%    passed     97.82%
  16  I2H566_Henningerozyma             2.39%    passed     85.47%
  17  J7S6X7_Huiozyma                   1.44%    passed     96.55%
  18  M7P7M8_Pneumocystis               0.96%    passed     97.99%
  19  P07271_Saccharomyces              1.44%    passed     96.05%
  20  P38766_Saccharomyces              2.39%    passed     75.71%
  21  Q59RQ0_Candida                    1.91%    passed     99.27%
  22  Q6BQK7_Debaryomyces               1.44%    passed     95.01%
  23  Q6FKI9_Nakaseomyces               1.44%    passed     94.15%
  24  Q9UUA2_Schizosaccharomyces        0.48%    passed     81.96%
  25  S9PVT1_Schizosaccharomyces        0.48%    passed     99.92%
  26  S9X0K1_Schizosaccharomyces        0.48%    passed     99.85%
  27  W1QEW7_Ogataea                    2.39%    passed     97.43%
  28  W6MNR6_Kuraishia                  2.39%    passed     64.34%
  29  A0A066XBE3_Colletotrichum         0.00%    passed     99.97%
  30  A0A098E1Q1_Fusarium               0.00%    passed     99.99%
  31  A0A0A8L254_Kluyveromyces          1.91%    passed     96.63%
  32  A0A0D2HCP1_Cladophialophora       0.48%    passed     99.93%
  33  A0A0D2IYR0_Rhinocladiella         0.48%    passed     99.97%
  34  A0A0E9NJD1_Saitoella              0.96%    passed     96.94%
  35  A0A0F8UK25_Aspergillus            0.48%    passed     98.34%
  36  A0A0G2G6N1_Phaeomoniella          0.96%    passed     99.96%
  37  A0A0G4N7A9_Verticillium           0.00%    passed     99.97%
  38  A0A0G4PIW6_Penicillium            0.00%    passed     99.89%
  39  A0A0X8HVB8_Eremothecium           1.91%    passed     81.33%
  40  A0A135UEW1_Colletotrichum         0.00%    passed     99.91%
  41  A0A162ZNR2_Ascochyta              0.96%    passed    100.00%
  42  A0A166QWJ6_Colletotrichum         0.00%    passed     99.97%
  43  A0A167DT29_Sugiyamaella           6.70%    passed     99.65%
  44  A0A178CX55_Fonsecaea              0.48%    passed     99.61%
  45  A0A178FD44_Trichophyton           0.96%    passed    100.00%
  46  A0A1B2JBB9_Komagataella           2.39%    passed     99.43%
  47  A0A1E3B484_Aspergillus            0.48%    passed    100.00%
  48  A0A1G4B3T3_Colletotrichum         0.00%    passed     99.98%
  49  A0A1G4J9Z3_Lachancea              1.91%    passed     98.92%
  50  A0A1G4M6R4_Lachancea              1.91%    passed     99.00%
  51  A0A1J9QLP1_Diplodia               2.39%    passed     97.37%
  52  A0A1V6U152_Penicillium            0.48%    passed    100.00%
  53  A0A1W5D893_Lasallia               0.96%    passed    100.00%
  54  A0A2A9PT09_Ophiocordyceps         0.00%    passed     99.95%
  55  A0A2C5WV42_Ceratocystis           0.00%    passed     99.35%
  56  A0A2C5Z163_Ophiocordyceps         0.00%    passed     99.98%
  57  A0A2G7FQB8_Aspergillus            0.00%    passed     99.99%
  58  A0A2S4L8F3_Tolypocladium          0.00%    passed     99.86%
  59  A0A2S4Q1N6_Erysiphe               0.00%    passed     99.98%
  60  A0A2T0FEC6_Wickerhamiella         5.74%    passed     94.22%
  61  A0A2U9RAS2_Pichia                 4.31%    passed     90.89%
  62  A0A370TV91_Venustampulla          0.00%    passed     99.95%
  63  A0A3D8QMU0_Aspergillus            0.48%    passed     99.88%
  64  A0A401KJ13_Aspergillus            0.48%    passed    100.00%
  65  A0A423X8J6_Cytospora              0.00%    passed     99.99%
  66  A0A4P6XHN0_Metschnikowia          3.35%    passed     94.37%
  67  A0A4Q4SNS4_Alternaria             0.48%    passed     99.95%
  68  A0A4Q4SW76_Monosporascus          0.00%    passed     99.99%
  69  A0A4R8TC14_Colletotrichum         0.00%    passed     99.90%
  70  A0A4T0X234_Pichia                 3.35%    passed     61.01%
  71  A0A5E8BJL0_Magnusiomyces          2.87%    passed     98.58%
  72  A0A5M3Z9B9_Aspergillus            0.00%    passed    100.00%
  73  A0A6H0XK98_Peltaster              0.48%    passed     99.76%
  74  A0A7D8YNF5_Lachnellula            0.00%    passed    100.00%
  75  A0A8E5HVQ8_Ustilaginoidea         0.00%    passed     99.99%
  76  A0A8H3WE31_Colletotrichum         0.00%    passed     99.49%
  77  A0A8H5T131_Fusarium               0.00%    passed     99.97%
  78  A0A8J2T8D0_Zygosaccharomyces      6.70%    passed     97.79%
  79  A0A8J8WMJ2_Penicillium            0.00%    passed     99.99%
  80  A0A8K0LFH0_Elsinoe                0.48%    passed    100.00%
  81  A0A8T9C083_Lachnellula            0.00%    passed    100.00%
  82  A0A9N9L4M2_Hymenoscyphus          0.00%    passed     99.97%
  83  A0A9P5AP51_Fusarium               0.00%    passed     99.99%
  84  A0A9P5F6D8_Colletotrichum         0.00%    passed     99.58%
  85  A0A9P7HAM0_Fusarium               0.00%    passed    100.00%
  86  A0A9P8NYE8_Ogataea                2.39%    passed     97.88%
  87  A0A9P8TS07_Trichoderma            0.00%    passed     99.99%
  88  A0A9Q8LAV6_Fulvia                 0.96%    passed     99.99%
  89  A0A9Q8QLM5_Purpureocillium        0.00%    passed     99.96%
  90  A0A9W9HYZ6_Penicillium            0.00%    passed     99.90%
  91  A0A9W9RW94_Penicillium            0.00%    passed     98.89%
  92  A0AAI9SXC1_Candida                3.83%    passed     99.49%
  93  A0A010SLY8_Colletotrichum         0.00%    passed     99.96%
  94  A0A0A2KKZ8_Penicillium            0.00%    passed     99.36%
  95  A0A0C7N9H1_Lachancea              2.39%    passed     97.18%
  96  A0A0D2AM31_Verruconis             1.44%    passed     99.93%
  97  A0A0D2CU01_Cladophialophora       0.48%    passed     99.92%
  98  A0A0F4GSW0_Zymoseptoria           0.48%    passed     99.96%
  99  A0A0F8V674_Aspergillus            0.48%    passed     95.59%
 100  A0A0P1KUZ5_Lachancea              0.96%    passed     96.19%
 101  A0A0U1LMZ8_Talaromyces            0.00%    passed     99.74%
 102  A0A0U5FW00_Aspergillus            0.00%    passed    100.00%
 103  A0A179UY81_Blastomyces            0.96%    passed     99.87%
 104  A0A1E5R2E4_Hanseniaspora         51.20%    failed      0.00%
 105  A0A1E5RYU5_Hanseniaspora         51.67%    failed      0.00%
 106  A0A1G4JAR2_Lachancea              0.96%    passed     99.77%
 107  A0A1G4JJ13_Lachancea              1.44%    passed     97.01%
 108  A0A1G4KK60_Lachancea              1.44%    passed     97.58%
 109  A0A1G4M6E1_Lachancea              1.44%    passed     98.93%
 110  A0A1J9QG29_Blastomyces            0.96%    passed     99.82%
 111  A0A1L0D0Q5_Hanseniaspora          1.91%    passed     99.49%
 112  A0A1L7VNC0_Fusarium               0.00%    passed     99.99%
 113  A0A2B7WVK7_Helicocarpus           0.48%    passed     99.97%
 114  A0A2D3UXI5_Ramularia              0.48%    passed     98.57%
 115  A0A2K1QRC5_Sphaceloma             0.48%    passed    100.00%
 116  A0A2S6CBW7_Cercospora             0.96%    passed     98.58%
 117  A0A2V1A9H7_Candidozyma            1.91%    passed     98.31%
 118  A0A2V1ALF0_Candidozyma            1.91%    passed     95.53%
 119  A0A2W1ERC3_Pyrenophora            1.44%    passed     99.97%
 120  A0A364L1Q7_Talaromyces            0.00%    passed     99.99%
 121  A0A367YDY7_Candida                2.39%    passed     97.17%
 122  A0A384JQ16_Botrytis               0.00%    passed     99.92%
 123  A0A423WMC8_Cytospora              1.44%    passed     99.14%
 124  A0A448YGA8_Brettanomyces          2.39%    passed     96.36%
 125  A0A448YPH1_Brettanomyces          2.39%    passed     94.25%
 126  A0A4Z0Z973_Xylaria                0.00%    passed    100.00%
 127  A0A507AHL1_Thyridium              0.00%    passed     99.95%
 128  A0A5Q4C7C0_Colletotrichum         0.00%    passed     99.99%
 129  A0A6A6V6U0_Sporormia              1.44%    passed     99.99%
 130  A0A6V8H3K1_Talaromyces            0.00%    passed     99.77%
 131  A0A7H8QY08_Talaromyces            0.00%    passed     99.89%
 132  A0A8G0PM48_Trichoderma            0.00%    passed     99.89%
 133  A0A8H2ZKI7_Maudiozyma             1.44%    passed     97.52%
 134  A0A8H4ISW3_Botryosphaeria         0.96%    passed     99.99%
 135  A0A8H4KSP0_Fusarium               0.00%    passed     99.97%
 136  A0A8H4L6X0_Fusarium               0.00%    passed    100.00%
 137  A0A8H5VWV3_Fusarium               0.00%    passed     99.99%
 138  A0A8H5XTU0_Fusarium               0.00%    passed     99.99%
 139  A0A8H6U8X2_Colletotrichum         0.00%    passed     99.69%
 140  A0A8H6UTP6_Aspergillus            0.00%    passed     99.93%
 141  A0A8H6VE95_Pseudocercospora       0.48%    passed     99.98%
 142  A0A9N9LYP1_Hymenoscyphus          0.00%    passed     99.94%
 143  A0A9N9Y4Q8_Clonostachys           0.00%    passed    100.00%
 144  A0A9P4YU51_Geosmithia             0.00%    passed     99.92%
 145  A0A9P8M8W8_Metarhizium            0.00%    passed    100.00%
 146  A0A9P8SF62_Hirsutella             0.00%    passed     99.99%
 147  A0A9P9XSS9_Colletotrichum         0.00%    passed     99.78%
 148  A0A9W7DE56_Ambrosiozyma           2.39%    passed     99.58%
 149  A0A9W7SU85_Teratosphaeria         0.48%    passed     99.71%
 150  A0A9W8N7W2_Xylaria                0.00%    passed    100.00%
 151  A0A9W9FVK9_Penicillium            0.48%    passed    100.00%
 152  A0A9W9KB48_Penicillium            0.00%    passed     97.44%
 153  A0A9W9TVT2_Penicillium            0.96%    passed     99.95%
 154  A0A9W9WZB3_Penicillium            0.00%    passed     99.92%
 155  A0AA35IR82_Saccharomyces          1.44%    passed     93.92%
 156  A0AAV9SU16_Colletotrichum         0.00%    passed     99.99%
 157  A0AAV9UWD6_Orbilia                1.91%    passed     99.98%
 158  A0AB34KML8_Cladosporium           0.48%    passed     99.95%
 159  A0ABQ8WGQ7_Penicillium            0.00%    passed     99.99%
 160  A0ABR2V6U6_Seiridium              0.00%    passed    100.00%
 161  A0ABY6SM04_Podospora              0.96%    passed    100.00%
 162  B3LLJ4_Saccharomyces              1.44%    passed     92.91%
 163  C5DFL7_Lachancea                  1.44%    passed     98.85%
 164  C5DM92_Lachancea                  0.96%    passed     97.58%
 165  C5MAG5_Candida                    3.35%    passed     99.78%
 166  E4V3W1_Nannizzia                  0.96%    passed    100.00%
 167  G4N540_Pyricularia                0.00%    passed    100.00%
 168  J5JW44_Beauveria                  0.00%    passed    100.00%
 169  M1WCW3_Claviceps                  0.00%    passed     98.03%
 170  W9CKN3_Sclerotinia                0.00%    passed     99.87%
 171  A0A0A1TS53_tx1531966              0.00%    passed     99.31%
 172  A0A0D2H657_Fonsecaea              0.48%    passed     99.96%
 173  A0A0H1B6P3_Blastomyces            0.48%    passed     99.92%
 174  A0A0L0NDI1_Tolypocladium          0.48%    passed    100.00%
 175  A0A0M8P8W8_Penicillium            0.00%    passed     99.97%
 176  A0A0P1KKU7_Lachancea              1.44%    passed     96.98%
 177  A0A135TU94_Colletotrichum         0.00%    passed     99.79%
 178  A0A168ISU5_Akanthomyces           0.00%    passed    100.00%
 179  A0A177FGZ4_Fonsecaea              0.48%    passed     99.84%
 180  A0A1B8AKF1_Fusarium               0.00%    passed    100.00%
 181  A0A1W2TKN4_Rosellinia             0.00%    passed     99.92%
 182  A0A1Z5T4Y1_Hortaea                0.48%    passed     99.65%
 183  A0A2B7X4F7_Blastomyces            0.48%    passed     98.85%
 184  A0A2H0ZLB1_Candidozyma            3.83%    passed     91.46%
 185  A0A2H2ZNG2_Trichoderma            0.00%    passed     99.99%
 186  A0A2P7Z3W1_Elsinoe                0.48%    passed    100.00%
 187  A0A366QY50_Fusarium               0.00%    passed     99.99%
 188  A0A376BA80_Saccharomycodes        2.87%    passed     97.16%
 189  A0A395SEG8_Fusarium               0.00%    passed     99.99%
 190  A0A3D8SQV1_Coleophoma             0.00%    passed     99.99%
 191  A0A420HWK8_Erysiphe               0.00%    passed     99.99%
 192  A0A484FKH5_Colletotrichum         0.00%    passed     99.94%
 193  A0A4Q4P3R5_Alternaria             0.48%    passed     99.94%
 194  A0A4Z1FQZ2_Botrytis               0.00%    passed     99.81%
 195  A0A4Z1H1E5_Botrytis               0.00%    passed     99.97%
 196  A0A4Z1I5K8_Botryotinia            0.00%    passed     99.85%
 197  A0A4Z1JM45_Botrytis               0.00%    passed     99.97%
 198  A0A5E8B6K8_Magnusiomyces          3.83%    passed     95.71%
 199  A0A5N6K1H9_Monilinia              0.00%    passed     99.99%
 200  A0A7C8MWI0_Xylaria                0.00%    passed    100.00%
 201  A0A7U2QU03_Aspergillus            0.00%    passed     99.68%
 202  A0A8H2ZM85_Sclerotinia            0.00%    passed     99.94%
 203  A0A8H4Q9J7_Ophiocordyceps         0.00%    passed     99.98%
 204  A0A8H4T2Y1_Fusarium               0.00%    passed     99.85%
 205  A0A8H4YPP2_Fusarium               0.00%    passed     99.99%
 206  A0A8H5J614_Fusarium               0.00%    passed     99.97%
 207  A0A8H6KXX6_Colletotrichum         0.00%    passed     99.77%
 208  A0A8H8RV52_Lachnellula            0.00%    passed     99.99%
 209  A0A8J2TAJ9_Zygosaccharomyces      1.44%    passed     99.62%
 210  A0A8T9B5J8_Lachnellula            0.00%    passed     99.90%
 211  A0A9P0QU44_Kurtzmaniella          3.35%    passed     94.26%
 212  A0A9P3CP80_Cercospora             0.48%    passed     99.73%
 213  A0A9P8Q4R9_Wickerhamomyces        2.39%    passed     96.71%
 214  A0A9Q8SIE6_Colletotrichum         0.00%    passed     98.92%
 215  A0A9Q9EGB7_Septoria               0.48%    passed     99.65%
 216  A0A9W4UE87_Periconia              1.44%    passed     99.88%
 217  A0AA35J0E4_Saccharomyces          1.44%    passed     63.00%
 218  A0AAD4IFY3_Alternaria             0.48%    passed    100.00%
 219  A0AAD5BBM1_Candida                1.91%    passed     99.99%
 220  A0AAD9AKZ3_Colletotrichum         0.00%    passed     99.53%
 221  A0AAD9Y213_Colletotrichum         0.00%    passed     99.37%
 222  A0AAE9W8S9_Schizosaccharomyces    0.48%    passed     99.77%
 223  A0AAI9TIH2_Penicillium            0.00%    passed     99.99%
 224  A0AAV5QDJ4_Saccharomycopsis       0.96%    passed     99.96%
 225  A0AAV5QKF6_Saccharomycopsis       1.44%    passed     94.64%
 226  A0AAX4HF17_Australozyma           4.31%    passed     98.55%
 227  A0ABQ7RSC4_Ogataea                2.39%    passed     99.70%
 228  A0ABR0HK82_Podospora              0.96%    passed    100.00%
 229  A0ABR0TKY5_Aureobasidium          0.48%    passed     99.88%
 230  A0ABR1VZW9_Apiospora              0.00%    passed     99.99%
 231  A0ABX6EXJ8_Kluyveromyces          1.91%    passed     91.28%
 232  A0ABX6F0Q7_Kluyveromyces          1.44%    passed     99.06%
 233  A0ABX8I4W3_Candidozyma            1.91%    passed     86.40%
 234  A2R3M6_Aspergillus                0.00%    passed     99.98%
 235  G0S6L7_Thermochaetoides           0.00%    passed     99.98%
 236  G1WZ06_Orbilia                    1.91%    passed    100.00%
 237  K0KM86_Wickerhamomyces            1.91%    passed     99.47%
 238  K3UQF6_Fusarium                   0.00%    passed    100.00%
 239  N1RU73_Fusarium                   0.00%    passed    100.00%
 240  R4XBB5_Taphrina                   2.39%    passed     94.52%
 241  S7ZUF7_Penicillium                0.00%    passed     99.99%
 242  U1GI40_Endocarpon                 0.96%    passed     99.99%
 243  W6MM08_Kuraishia                  5.26%    passed     87.79%
 244  W7HWQ6_Drechslerella              1.91%    passed     99.76%
 245  A0A086SVX6_Hapsidospora           0.00%    passed     99.99%
 246  A0A090CWN8_Podospora              0.96%    passed    100.00%
 247  A0A0A2KQC3_Penicillium            0.00%    passed     99.95%
 248  A0A0D9NSG7_Metarhizium            0.00%    passed    100.00%
 249  A0A0F4ZHF8_Thielaviopsis          0.00%    passed     99.93%
 250  A0A0G4KXU7_Verticillium           0.00%    passed    100.00%
 251  A0A0M9VTS8_Escovopsis             0.00%    passed     99.90%
 252  A0A0N0DEY4_Fusarium               0.00%    passed     99.96%
 253  A0A0P7BBB4_Neonectria             0.00%    passed    100.00%
 254  A0A135LFH1_Penicillium            0.00%    passed     99.92%
 255  A0A139HGG1_Pseudocercospora       0.48%    passed     99.98%
 256  A0A139IDY3_Pseudocercospora       0.48%    passed     99.99%
 257  A0A151GWK7_Drechmeria             0.00%    passed     99.97%
 258  A0A166NVT2_Colletotrichum         0.00%    passed     99.98%
 259  A0A168C8M9_Ascosphaera            0.00%    passed     99.90%
 260  A0A1C1C9U7_Cladophialophora       0.48%    passed     99.18%
 261  A0A1E5R8N0_Hanseniaspora          2.39%    passed     98.83%
 262  A0A1G4KDP5_Lachancea              1.44%    passed     67.21%
 263  A0A1G4KMC5_Lachancea              0.96%    passed     99.91%
 264  A0A1J9S2U9_Diplodia               0.96%    passed     99.67%
 265  A0A1L0BTK2_Sungouiella            4.31%    passed     99.74%
 266  A0A1Q2YI20_Pichia                 3.83%    passed     98.97%
 267  A0A1Q8RAQ6_Colletotrichum         0.00%    passed     99.89%
 268  A0A1T3CVP8_Trichoderma            0.00%    passed     99.73%
 269  A0A1V6QBT2_Penicillium            0.48%    passed     99.98%
 270  A0A1V6RMZ5_Penicillium            0.00%    passed     99.84%
 271  A0A1V6RZK0_Penicillium            0.00%    passed     99.95%
 272  A0A1V6Z3Y5_Penicillium            0.00%    passed     99.93%
 273  A0A1X7RKD9_Zymoseptoria           0.48%    passed    100.00%
 274  A0A1Y2M700_Epicoccum              0.96%    passed     99.98%
 275  A0A2C5XF89_Ophiocordyceps         0.00%    passed     99.84%
 276  A0A2K0WHU4_Fusarium               0.00%    passed     99.98%
 277  A0A2P6FGS0_Pseudogymnoascus       0.48%    passed     98.94%
 278  A0A2T4GQX9_Fusarium               0.00%    passed     99.99%
 279  A0A2U3EBL3_Purpureocillium        0.00%    passed    100.00%
 280  A0A367YAA9_Candida                5.26%    passed     94.70%
 281  A0A367YJV1_Candida                5.26%    passed     91.46%
 282  A0A367YKM2_Candida                2.39%    passed     99.51%
 283  A0A395NCI1_Trichoderma            0.00%    passed     99.99%
 284  A0A423XFI1_Cytospora              0.00%    passed    100.00%
 285  A0A423XK23_Cytospora              0.96%    passed     97.62%
 286  A0A9W8UIP0_Akanthomyces           0.00%    passed    100.00%
 287  A0A9W9RAK9_Penicillium            0.00%    passed     99.88%
 288  A0A9W9XR84_Penicillium            0.00%    passed     99.99%
 289  A0AA35NL61_Saccharomyces          1.44%    passed     92.10%
 290  A0AA38VV67_Coniochaeta            0.00%    passed     99.95%
 291  A0AA39L6U6_Sarocladium            0.00%    passed    100.00%
 292  A0AAD5RWL4_Zalerion               0.00%    passed     99.83%
 293  A0AAD6H8K2_Penicillium            0.00%    passed     99.99%
 294  A0AAD6MU90_Penicillium            0.00%    passed     99.96%
 295  A0AAD9I3P7_Phyllachora            0.00%    passed     99.98%
 296  A0AAE8SVQ8_Cephalotrichum         0.00%    passed     99.97%
 297  A0AAI8YJ59_Anthostomella          0.00%    passed     99.95%
 298  A0AAI9XWQ1_Colletotrichum         0.00%    passed     99.23%
 299  A0AAQ3M7G8_Acrodontium            0.48%    passed     99.94%
 300  A0AAV5R7D5_Pichia                 1.44%    passed     11.05%
 301  A0AAV9X1R8_Orbilia                1.91%    passed     99.75%
 302  A0AAX4HXM9_Colletotrichum         0.00%    passed     99.99%
 303  A0ABQ9RPP9_Colletotrichum         0.00%    passed     99.98%
 304  A0ABR0F5M0_Podospora              0.96%    passed     99.99%
 305  A0ABR0G3Y6_Podospora              0.96%    passed    100.00%
 306  A0ABR4F3V5_Diaporthe              0.96%    passed     98.61%
 307  A0ABR4MDG3_Ceratocystis           0.00%    passed    100.00%
 308  A7TJ00_Vanderwaltozyma            2.39%    passed     68.01%
 309  B3LSF2_Saccharomyces              2.39%    passed     67.09%
 310  C1GI25_Paracoccidioides           0.48%    passed     99.74%
 311  C5E0W3_Zygosaccharomyces          5.74%    passed     99.18%
 312  E9DY51_Metarhizium                0.00%    passed     99.98%
 313  G0W9L4_Naumovozyma                1.91%    passed     82.75%
 314  G8JWH4_Eremothecium               1.91%    passed     99.90%
 315  H6BKX2_Exophiala                  0.48%    passed    100.00%
 316  J7S460_Huiozyma                   0.96%    passed     88.12%
 317  K1WPA9_Drepanopeziza              0.00%    passed    100.00%
 318  L2G0F7_Colletotrichum             0.00%    passed     99.79%
 319  Q4WVU7_Aspergillus                0.00%    passed     99.99%
 320  A0A084APH7_Stachybotrys           0.00%    passed     99.97%
 321  A0A084QU30_Stachybotrys           0.00%    passed     99.99%
 322  A0A0B1PEI0_Erysiphe               0.00%    passed     99.93%
 323  A0A0B2X4N9_Metarhizium            0.00%    passed     99.99%
 324  A0A0C4EG66_Magnaporthiopsis       0.00%    passed     99.70%
 325  A0A0D1ZHZ9_Exophiala              0.48%    passed    100.00%
 326  A0A0D2J3X0_Fonsecaea              0.48%    passed     99.94%
 327  A0A0D8JVN0_Coccidioides           0.48%    passed     99.56%
 328  A0A0F7ZTC5_Hirsutella             0.00%    passed     99.97%
 329  A0A0F8DHR2_Ceratocystis           0.00%    passed     99.61%
 330  A0A0G2I193_Diaporthe              0.00%    passed    100.00%
 331  A0A0N1NVW2_Cyphellophora          0.48%    passed    100.00%
 332  A0A101MLQ9_Penicillium            0.00%    passed     99.98%
 333  A0A109UW77_Eremothecium           1.91%    passed     99.77%
 334  A0A135SIN3_Colletotrichum         0.00%    passed    100.00%
 335  A0A161HKE9_Sugiyamaella           0.96%    passed     98.07%
 336  A0A167F3J3_Metarhizium            0.00%    passed     99.90%
 337  A0A167H2R5_Beauveria              0.00%    passed    100.00%
 338  A0A167TDW9_Niveomyces             0.00%    passed    100.00%
 339  A0A175VPZ7_Madurella              0.00%    passed     99.95%
 340  A0A178ZSD6_Fonsecaea              0.48%    passed     99.99%
 341  A0A179FR29_Pochonia               0.00%    passed     99.99%
 342  A0A4P6XSZ4_Metschnikowia          1.44%    passed     99.10%
 343  A0A4R8QEN4_Colletotrichum         0.00%    passed     99.18%
 344  A0A4V3HXL6_Colletotrichum         0.00%    passed     99.75%
 345  A0A5N5DHG1_Lasiodiplodia          0.48%    passed     99.16%
 346  A0A7D5Z7W4_Metarhizium            0.00%    passed     99.96%
 347  A0A7H9B3W0_Zygotorulaspora        1.44%    passed     97.28%
 348  A0A8H4NYZ8_Fusarium               0.00%    passed     99.99%
 349  A0A8H4PTP3_Ophiocordyceps         0.00%    passed    100.00%
 350  A0A8H4T3M7_Fusarium               0.00%    passed     99.95%
 351  A0A8H5N1Z6_Fusarium               0.00%    passed     99.96%
 352  A0A8H5UMM3_Fusarium               0.00%    passed     99.90%
 353  A0A8H5V583_Fusarium               0.00%    passed     99.94%
 354  A0A8H5X4H1_Fusarium               0.00%    passed     99.99%
 355  A0A8H8D9N3_Candida                1.91%    passed     99.82%
 356  A0A8H8QV95_Lachnellula            0.00%    passed     97.85%
 357  A0A8H8RJD5_Lachnellula            0.00%    passed    100.00%
 358  A0A9N9YLT0_Clonostachys           0.00%    passed     99.88%
 359  A0A9P4X3G5_Trichoderma            0.00%    passed     99.92%
 360  A0A9P7IRT1_Fusarium               0.00%    passed     99.98%
 361  A0A9W9HNM9_Penicillium            0.00%    passed     99.94%
 362  A0A9W9JQ30_Penicillium            0.00%    passed     99.97%
 363  A0A9W9PWX5_Penicillium            0.00%    passed     99.86%
 364  A0A9W9V6L1_Penicillium            0.00%    passed     99.99%
 365  A0A9X0BA58_Penicillium            0.48%    passed    100.00%
 366  A0AAD6E3Q9_Penicillium            0.96%    passed    100.00%
 367  A0AAD6IDC6_Penicillium            0.48%    passed     99.99%
 368  A0AAE1J0Y1_Trichoderma            0.00%    passed     99.81%
 369  A0AAE8M1S2_Fusarium               0.00%    passed     99.97%
 370  A0AAI9UII0_Colletotrichum         0.00%    passed     98.90%
 371  A0AAJ0E579_Colletotrichum         0.00%    passed     99.32%
 372  A0AAN5Z088_Fusarium               0.00%    passed     99.97%
 373  A0AAN7BLM5_Podospora              0.96%    passed    100.00%
 374  A0AAV5QX45_Pichia                 3.83%    passed     96.25%
 375  A0AAV9HLS5_Cladorrhinum           0.96%    passed    100.00%
 376  A0AAV9UWK0_Orbilia                2.39%    passed     99.65%
 377  A0AAX4HB97_Australozyma           1.44%    passed     98.97%
 378  A0ABP0EH01_Kurtzmaniella          3.83%    passed     62.66%
 379  A0ABQ7RB90_Ogataea                2.39%    passed     99.67%
 380  A0ABQ9PW01_Colletotrichum         0.00%    passed     99.98%
 381  A0ABR4PIR0_Phlyctema              0.00%    passed     99.98%
 382  A7TMC2_Vanderwaltozyma            4.31%    passed     87.85%
 383  C0NFA5_Histoplasma                0.96%    passed     99.62%
 384  C5M8S6_Candida                    5.26%    passed     55.48%
 385  E3S321_Pyrenophora                1.44%    passed     99.94%
 386  F2QT11_Komagataella               2.39%    passed     98.77%
 387  G0V6X7_Naumovozyma                1.91%    passed     93.42%
 388  G8Y8Q1_Millerozyma                1.91%    passed     97.60%
 389  H0GH54_Saccharomyces              2.39%    passed     76.90%
 390  H2AVD6_Kazachstania               2.39%    passed     97.99%
 391  J8PMR0_Saccharomyces              1.44%    passed     57.59%
 392  L8FZR6_Pseudogymnoascus           0.48%    passed     99.96%
 393  Q6CWC6_Kluyveromyces              1.91%    passed     99.43%
 394  R8BS17_Phaeoacremonium            0.00%    passed     99.98%
 395  S8BV51_Dactylellina               1.91%    passed     98.85%
 396  U4KVV4_Pyronema                   0.48%    passed     99.39%
 397  V5FX47_Paecilomyces               0.48%    passed     99.82%
 398  A0A179IKE1_Akanthomyces           0.00%    passed    100.00%
 399  A0A1B7YNX9_Colletotrichum         0.00%    passed     99.99%
 400  A0A1E1LUZ6_Rhynchosporium         0.48%    passed    100.00%
 401  A0A1F5LX58_Penicillium            0.48%    passed    100.00%
 402  A0A1G4JCZ1_Lachancea              2.39%    passed     99.75%
 403  A0A1L7TYF3_Fusarium               0.00%    passed     99.99%
 404  A0A1L9RR32_Aspergillus            0.48%    passed     99.95%
 405  A0A1Q5UPN3_Penicillium            0.00%    passed     99.98%
 406  A0A1V6PDM4_Penicillium            0.00%    passed     99.86%
 407  A0A1V6U1M2_Penicillium            0.00%    passed     99.91%
 408  A0A1X7QZ68_Maudiozyma             1.44%    passed     97.26%
 409  A0A1Z5T0V7_Hortaea                0.00%    passed     99.44%
 410  A0A2B7ZAZ8_Emergomyces            0.96%    passed     99.09%
 411  A0A2C5Z3Z6_Ophiocordyceps         0.00%    passed     99.99%
 412  A0A2L2TT35_Fusarium               0.00%    passed     99.99%
 413  A0A2P4ZPZ5_Trichoderma            0.00%    passed     99.97%
 414  A0A2P5IG66_Diaporthe              0.00%    passed    100.00%
 415  A0A395MU31_Fusarium               0.00%    passed     99.95%
 416  A0A395SH18_Fusarium               0.00%    passed     99.98%
 417  A0A3D8T9P5_Coleophoma             0.00%    passed     99.99%
 418  A0A420HI51_Golovinomyces          0.00%    passed     99.99%
 419  A0A437A639_Arthrobotrys           1.91%    passed    100.00%
 420  A0A4T0X4S6_Pichia                 1.91%    passed     91.16%
 421  A0A4U6XDE4_Colletotrichum         0.00%    passed    100.00%
 422  A0A545VF71_Cordyceps              0.00%    passed    100.00%
 423  A0A642UC18_Diutina                2.39%    passed     96.04%
 424  A0A6P8AS74_Pyricularia            0.00%    passed     99.99%
 425  A0A7D9H4X7_Brettanomyces          2.39%    passed     98.92%
 426  A0A7G3ZFX8_Torulaspora            1.44%    passed     99.99%
 427  A0A7H9HQ67_Torulaspora            1.44%    passed     99.87%
 428  A0A8A3PQR8_Monilinia              0.00%    passed     99.75%
 429  A0A8E2ECP4_Lepidopterella         0.96%    passed     99.89%
 430  A0A8H2VG31_Maudiozyma             0.96%    passed     95.68%
 431  A0A8H4M5R7_Aspergillus            0.00%    passed     99.99%
 432  A0A8H4RP39_Cudoniella             0.00%    passed    100.00%
 433  A0A8H5K2L9_Fusarium               0.00%    passed     99.96%
 434  A0A8H5V246_Fusarium               0.00%    passed     99.98%
 435  A0A8H6DJK2_Fusarium               0.00%    passed     99.99%
 436  A0A8H6EMB0_Botrytis               0.00%    passed     99.99%
 437  A0A8H6MX16_Colletotrichum         0.00%    passed     99.53%
 438  A0A8H7B4D1_Alternaria             0.48%    passed     99.90%
 439  A0A8H7MC09_Ascochyta              0.96%    passed    100.00%
 440  A0A8J2N2S3_Alternaria             0.48%    passed    100.00%
 441  A0A9P5H1A3_Cylindrodendrum        0.00%    passed     99.99%
 442  A0A9P6I5L3_Colletotrichum         0.00%    passed     99.88%
 443  A0A9P7UDJ2_Colletotrichum         0.00%    passed     99.21%
 444  A0A9P8KRB0_Trichoderma            0.00%    passed     99.60%
 445  A0A9P8PWM7_Ogataea                2.39%    passed     97.44%
 446  A0A9P8Q2R3_Wickerhamomyces        1.44%    passed     98.45%
 447  A0A9P8TBX6_Wickerhamomyces        1.91%    passed     98.62%
 448  A0A9P9XX88_Emericellopsis         0.00%    passed     99.50%
 449  A0A9Q0AR35_Neoarthrinium          0.00%    passed     99.96%
 450  A0A9W4TRY8_Candida                3.83%    passed     45.40%
 451  A0A9W4TSQ7_Candida                2.39%    passed     89.49%
 452  A0A9W6SUB1_Ogataea                1.91%    passed     64.47%
 453  A0A9W8NAJ3_Xylaria                0.00%    passed     98.74%
 454  A0A9W9E386_Trichoderma            0.00%    passed     99.82%
 455  A0A9W9GHH5_Penicillium            0.96%    passed    100.00%
 456  A0A9W9KDN3_Penicillium            0.96%    passed     99.99%
 457  A0A9W9NF67_Penicillium            0.48%    passed     99.54%
 458  A0A9W9PGZ8_Penicillium            0.00%    passed     99.99%
 459  A0AA35M823_Clonostachys           0.00%    passed     99.92%
 460  A0AA38R6I5_Pleurostoma            0.00%    passed     99.92%
 461  A0AA39QRC0_Cladonia               0.96%    passed    100.00%
 462  A0AA40CH22_Lasiodiplodia          0.48%    passed     99.71%
 463  A0AAD6BVQ3_Penicillium            0.00%    passed     99.93%
 464  A0AAD9W185_Diaporthe              0.00%    passed    100.00%
 465  A0AAI8YTU8_Lecanosticta           0.96%    passed     99.96%
 466  A0AAI9SW46_Candida                1.91%    passed     98.84%
 467  A0AAN6BNB4_Aspergillus            0.00%    passed     99.92%
 468  A0AAV5RQD8_Maudiozyma             1.44%    passed     93.29%
 469  A0ABP0ZI86_Lodderomyces           4.31%    passed     96.90%
 470  A0ABR0H0U4_Podospora              0.96%    passed     99.99%
 471  A0ABR2XV60_Seiridium              0.00%    passed    100.00%
 472  A0ABR4DQT9_Diaporthe              0.00%    passed    100.00%
 473  A1CBS2_Aspergillus                0.00%    passed    100.00%
 474  A5E709_Lodderomyces               1.91%    passed    100.00%
 475  A7TNQ0_Vanderwaltozyma            1.44%    passed     99.78%
 476  B0Y232_Aspergillus                0.00%    passed     99.92%
 477  B6HL55_Penicillium                0.00%    passed     99.91%
 478  C1GVB7_Paracoccidioides           0.48%    passed     99.75%
 479  C4YMF4_Candida                    1.91%    passed     99.40%
 480  C5DS62_Zygosaccharomyces          1.44%    passed     99.85%
 481  E3Q2W0_Colletotrichum             0.00%    passed     99.99%
 482  A0A074S981_Rhizoctonia            1.44%    passed     99.68%
 483  A0A081CCF7_Moesziomyces           0.96%    passed     99.87%
 484  A0A0B7FZH9_Rhizoctonia            1.91%    passed     99.97%
 485  A0A0B7G372_Rhizoctonia            1.91%    passed     72.86%
 486  A0A0D0VFI3_Cryptococcus           1.44%    passed     99.32%
 487  A0A0K3C6U0_Rhodotorula            0.96%    passed     98.67%
 488  A0A1B9GFU3_Kwoniella              1.44%    passed     99.69%
 489  A0A1Q3E2N1_Lentinula              4.31%    passed     99.26%
 490  A0A2G8RUN7_Ganoderma              1.44%    passed     99.96%
 491  A0A2G8S4W6_Ganoderma              0.96%    passed     99.81%
 492  A0A369J1H4_Hypsizygus             1.44%    passed     99.71%
 493  A0A5B0MRD7_Puccinia               1.91%    passed     95.34%
 494  A0A5M3MBB2_Coniophora             1.91%    passed     99.55%
 495  A0A8H3TUW7_Naganishia             1.91%    passed     98.20%
 496  A0A8H3U0A2_Naganishia             2.87%    passed     85.86%
 497  A0A8H5EYD2_Psilocybe              0.96%    passed     82.20%
 498  G8BSI5_Tetrapisispora             1.44%    passed     99.04%
 499  H8XAL7_Candida                    1.91%    passed     99.95%
 500  J3NIB7_Gaeumannomyces             0.00%    passed     99.94%
 501  K9GB17_Penicillium                0.00%    passed     99.75%
 502  N1J746_Blumeria                   0.00%    passed     99.95%
 503  Q756M1_Eremothecium               1.91%    passed     93.61%
 504  S0E8T2_Fusarium                   0.00%    passed    100.00%
 505  W3WI34_Pestalotiopsis             0.00%    passed     99.74%
 506  W6QMY6_Penicillium                0.00%    passed     99.47%
 507  A0A0B4FVA9_Metarhizium            0.00%    passed     99.97%
 508  A0A0P7BLB4_Neonectria             1.44%    passed     97.58%
 509  A0A2P5HGU5_Diaporthe              0.96%    passed     98.26%
 510  A0A2T0FMF4_Wickerhamiella         1.44%    passed     97.68%
 511  A0A2U9QZ99_Pichia                 3.83%    passed     85.81%
 512  A0A376BAK2_Saccharomycodes        2.39%    passed     98.90%
 513  A0A3N4JMV7_Choiromyces            0.48%    passed     99.96%
 514  A0A559MKX1_Lachnellula            0.00%    passed     99.90%
 515  A0A642UMB7_Diutina                4.31%    passed     98.13%
 516  A0A642V5E7_Trichomonascus         1.91%    passed     98.15%
 517  A0A7H9HUR2_Torulaspora            2.39%    passed     99.26%
 518  A0A8H4CLQ5_Colletotrichum         0.00%    passed     99.91%
 519  A0A9N9W2U8_Clonostachys           0.00%    passed     99.95%
 520  A0A9P8F6U8_Aureobasidium          0.48%    passed    100.00%
 521  A0A9W4RWK1_Colletotrichum         0.00%    passed     99.96%
 522  A0AA35JJF7_Saccharomyces          1.44%    passed     77.05%
 523  A0AAD9SP23_Diaporthe              1.44%    passed     99.97%
 524  A0ABR1QZN4_Apiospora              0.48%    passed     99.79%
 525  A0ABR1X8H1_Apiospora              0.48%    passed     99.40%
 526  A0ABY2H3J9_Trichoderma            0.00%    passed    100.00%
 527  A0ACA9YCX0_Yamadazyma             3.83%    passed     95.49%
 528  A0ACB5SA82_Neofusicoccum          0.48%    passed     99.76%
 529  A0ACC3TRB3_Lipomyces              0.00%    passed     99.89%
 530  A0ACC3YGM8_Colletotrichum         0.00%    passed     99.95%
 531  J6EEG6_Saccharomyces              1.44%    passed     79.79%
 532  M3JT10_Candida                    4.31%    passed     96.82%
 533  A0A0V1Q0J3_Debaryomyces           4.31%    passed     99.81%
 534  A0A1D8PRM6_Candida                3.83%    passed     99.38%
 535  A0A1G4KQ33_Komagataella           2.39%    passed     92.00%
 536  A0A8H8D8N2_Candida                4.31%    passed     80.89%
 537  A0A8J5QH60_Spathaspora            4.78%    passed     78.78%
 538  A0A9P8P3R0_Ogataea                3.35%    passed     86.58%
 539  A0A9P8T4U6_Ogataea                3.35%    passed     96.17%
 540  A0AAD5BCG9_Candida                4.78%    passed     99.17%
 541  A0ABQ7RA53_Ogataea                3.35%    passed     84.48%
 542  A0ABQ7S1B0_Ogataea                3.35%    passed     83.91%
 543  A5DRR3_Lodderomyces               4.31%    passed     89.09%
 544  B9WKK1_Candida                    4.31%    passed     91.75%
 545  C4R014_Komagataella               2.39%    passed     94.30%
 546  C4Y757_Clavispora                 3.83%    passed     99.75%
 547  C4YNB1_Candida                    3.83%    passed     99.65%
 548  G8BBJ1_Candida                    5.26%    passed     99.98%
 549  G8YJN4_Millerozyma                3.83%    passed     75.14%
 550  H8WVI4_Candida                    4.78%    passed     98.60%
 551  K0KZ61_Wickerhamomyces            2.39%    passed     99.79%
 552  Q6BNW6_Debaryomyces               4.31%    passed     99.56%
 553  W1QFA7_Ogataea                    3.35%    passed     91.45%
 554  A0A060SM94_Trametes               1.44%    passed    100.00%
 555  A0A074S1G0_Rhizoctonia            0.48%    passed     72.02%
 556  A0A0D1DZD7_Mycosarcoma            0.96%    passed     99.77%
 557  A0A0K6G7K7_Rhizoctonia            2.39%    passed     99.53%
 558  A0A0L6V131_Puccinia               1.91%    passed     98.02%
 559  A0A0P1BIQ6_Ceraceosorus           1.44%    passed     96.08%
 560  A0A1B9HTQ2_Kwoniella              0.96%    passed     98.37%
 561  A0A1C7MA88_Grifola                0.96%    passed     99.99%
 562  A0A1E3HRY9_Cryptococcus           1.44%    passed     99.99%
 563  A0A1K0G3T0_Ustilago               0.96%    passed     99.27%
 564  A0A1M2VF04_Trametes               2.39%    passed     79.48%
 565  A0A1Q3EGR3_Lentinula              1.91%    passed     99.89%
 566  A0A238F8L5_Microbotryum           1.91%    passed     98.85%
 567  A0A284R575_Armillaria             2.87%    passed     98.94%
 568  A0A2R6NMH7_Hermanssonia           0.96%    passed     99.87%
 569  A0A2R6NTT4_Hermanssonia           1.44%    passed     99.96%
 570  A0A2X0KA56_Microbotryum           1.91%    passed     99.99%
 571  A0A409W7F6_Gymnopilus             0.96%    passed     97.51%
 572  A0A4Q1BV97_Tremella               0.96%    passed     99.91%
 573  A0A4S4KLM9_Hermanssonia           1.44%    passed     99.99%
 574  A0A4S4MT59_Antrodiella            0.96%    passed     99.97%
 575  A0A4T0FNF2_Wallemia               2.39%    passed     99.92%
 576  A0A4Y9YC71_Dentipellis            0.96%    passed     99.86%
 577  A0A5B0N1Q3_Puccinia               1.91%    passed     93.92%
 578  A0A5C3E4B2_Ustilago               0.96%    passed     99.99%
 579  A0A5C3E832_Ustilago               1.44%    passed     99.93%
 580  A0A5C3FLB2_Moesziomyces           0.96%    passed     99.99%
 581  A0A5M6C3F7_Kwoniella              1.44%    passed     99.75%
 582  A0A5N5QIV7_Ceratobasidium         2.87%    passed     79.04%
 583  A0A5N5QSQ7_Ceratobasidium         2.39%    passed     99.98%
 584  A0A8H5D9L0_Leucocoprinus          2.87%    passed     99.66%
 585  A0A8H5FIS4_Ephemerocybe           1.91%    passed    100.00%
 586  A0A8H5HYM6_Collybiopsis           1.91%    passed     85.93%
 587  A0A8H5LZH5_Tetrapyrgos            4.78%    passed     97.45%
 588  A0A8H7CZF7_Mycena                 0.96%    passed     99.48%
 589  A0A8X7NC76_Tilletia               1.44%    passed     97.01%
 590  A0A8X7SWK2_Tilletia               1.44%    passed     97.89%
 591  A0A9N8MAE1_Tilletia               1.44%    passed     91.78%
 592  A0A9P3G5D9_Phanerochaete          4.78%    passed     96.27%
 593  A0A9P3G9Z6_Phanerochaete          2.39%    passed     99.98%
 594  A0A9P3GEL8_Phanerochaete          0.96%    passed     99.04%
 595  A0A9P3UJ47_Lyophyllum             4.31%    passed     98.14%
 596  A0A9Q3CGN2_Austropuccinia         2.87%    passed     94.57%
 597  A0A9Q3DCC3_Austropuccinia         5.26%    passed     82.83%
 598  A0AA38HDX6_Dioszegia              1.44%    passed     95.54%
 599  A0AA48QVP0_Cutaneotrichosporon    0.96%    passed     99.77%
 600  A0AAD3TY69_Cutaneotrichosporon    0.96%    passed     98.83%
 601  A0AAD7TST6_Trametes               0.96%    passed     99.23%
 602  A0AAD7TZE9_Trametes               2.39%    passed     85.25%
 603  A0AAF0Y8C4_Vanrija                1.91%    passed     99.97%
 604  A0AAJ4XLQ0_Melanopsichium         0.96%    passed     99.93%
 605  A0AAW0E6V9_Favolaschia            1.91%    passed     99.73%
 606  A0AAW0YJW9_Kwoniella              1.44%    passed     94.20%
 607  A0AAX4K6B3_Kwoniella              0.96%    passed     98.18%
 608  A0AAX4KL96_Kwoniella              1.44%    passed     97.28%
 609  A0ABP1DQJ8_Somion                 0.96%    passed     99.92%
 610  A0ABP1E5U3_Somion                 1.91%    passed     98.29%
 611  A0ABP1E5U8_Somion                 1.91%    passed     98.62%
 612  A0ABP1E5X9_Somion                 1.91%    passed     98.65%
 613  A0ABR3BXI1_Cryptococcus           1.44%    passed     99.79%
 614  A0ABR3JDG0_Hohenbuehelia          1.44%    passed     99.86%
 615  A0ABR5C231_Cryptococcus           1.44%    passed     99.53%
 616  A0ABY7D8X9_Puccinia               2.39%    passed     99.33%
 617  A0ABZ2AN38_Cryptococcus           1.44%    passed     99.09%
 618  A8N288_Coprinopsis                1.91%    passed     98.70%
 619  A8N8Y7_Coprinopsis                1.91%    passed     97.03%
 620  D6RJX6_Coprinopsis                5.74%    passed     70.90%
 621  E3LA34_Puccinia                   1.91%    passed     97.07%
 622  E7A0V7_Sporisorium                0.96%    passed     98.81%
 623  G4TC19_Serendipita                3.35%    passed     97.07%
 624  G4TCR9_Serendipita                2.87%    passed     92.30%
 625  G7DW85_Mixia                      2.39%    passed     99.67%
 626  J4G0H3_Fibroporia                 2.39%    passed     99.73%
 627  J9VZB8_Cryptococcus               1.44%    passed     99.95%
 628  M7X6D4_Rhodotorula                0.96%    passed     97.21%
 629  R7RYN2_Stereum                    0.96%    passed     98.26%
 630  R9NXM4_Pseudozyma                 0.96%    passed     99.38%
 631  V2Z1H8_Moniliophthora             0.48%    passed     99.73%
 632  W3VVA0_Moesziomyces               0.96%    passed     99.98%
 633  A0A060SCN9_Trametes               0.96%    passed     99.46%
 634  A0A067Q5M5_Jaapia                 1.44%    passed     99.95%
 635  A0A095CAP8_Cryptococcus           1.44%    passed     99.83%
 636  A0A0D7BMU1_Cylindrobasidium       1.91%    passed     95.95%
 637  A0A0F7RVL5_Sporisorium            0.96%    passed     99.96%
 638  A0A0K6G747_Rhizoctonia            1.91%    passed     81.69%
 639  A0A0L0V172_Puccinia               2.39%    passed     85.64%
 640  A0A177TH00_Tilletia               1.44%    passed     97.15%
 641  A0A177V7P0_Tilletia               1.44%    passed     97.31%
 642  A0A180GTA2_Puccinia               2.39%    passed     92.15%
 643  A0A1A5ZVX6_Kwoniella              0.96%    passed     95.94%
 644  A0A1B9GYC6_Kwoniella              1.44%    passed     98.77%
 645  A0A1B9IG44_Kwoniella              0.96%    passed     97.99%
 646  A0A1E3I3G1_Cryptococcus           1.91%    passed     97.85%
 647  A0A1E3JFJ4_Cryptococcus           1.91%    passed     91.60%
 648  A0A1M2VTG0_Trametes              11.48%    passed     73.86%
 649  A0A1M8AB69_Malassezia             1.44%    passed     98.07%
 650  A0A1Q3E1Z4_Lentinula              2.39%    passed     99.51%
 651  A0A284RQ68_Armillaria             1.91%    passed     81.55%
 652  A0A286UKZ0_Pyrrhoderma            1.91%    passed     99.50%
 653  A0A2S4URQ4_Puccinia               2.39%    passed     94.31%
 654  A0A369K4X4_Hypsizygus             3.83%    passed     71.53%
 655  A0A369KAK7_Hypsizygus             3.83%    passed     93.38%
 656  A0A3G2S9J2_Malassezia             1.44%    passed     90.17%
 657  A0A401H636_Sparassis              0.96%    passed     97.50%
 658  A0A409Y7J2_Panaeolus              1.44%    passed     85.51%
 659  A0A4Q2DRZ9_Candolleomyces         1.44%    passed     99.38%
 660  A0A4S4LHT0_Phellinidium           1.44%    passed     99.97%
 661  A0A4U7KPQ9_Sporisorium            0.96%    passed     99.93%
 662  A0A4V3XJE3_Antrodiella            0.96%    passed     99.99%
 663  A0A5B0N0I5_Puccinia               1.91%    passed     98.19%
 664  A0A5C3EZA1_Pseudozyma             2.39%    passed     89.37%
 665  A0A5D3AUK3_Cryptococcus           1.91%    passed     87.07%
 666  A0A8H4VJS1_Agrocybe               1.44%    passed     97.60%
 667  A0A8H5B4L3_Psilocybe              1.44%    passed     99.30%
 668  A0A8H5HQ47_Collybiopsis           2.39%    passed     98.66%
 669  A0A8H6T2J5_Mycena                 1.44%    passed     99.98%
 670  A0A8H6WB99_Mycena                 1.44%    passed     98.36%
 671  A0A8H6WYH6_Mycena                 1.91%    passed     98.97%
 672  A0A8H6Z6T2_Mycena                 0.96%    passed     99.89%
 673  A0A9P3US95_Lyophyllum             1.44%    passed     99.80%
 674  A0A9Q5HZ83_Sanghuangporus         1.91%    passed     99.98%
 675  A0AAD2HQZ9_Mycena                 2.87%    passed     79.41%
 676  A0AAD5VEU9_Meripilus              0.96%    passed     97.75%
 677  A0AAD5W3A8_Leucocoprinus          2.87%    passed     98.66%
 678  A0AAD7TYJ6_Trametes               1.44%    passed    100.00%
 679  A0ABP1DQU6_Somion                 5.74%    passed     81.90%
 680  A0ABP1DT00_Somion                 0.96%    passed     96.77%
 681  A0ABR5BG99_Cryptococcus           1.44%    passed     99.71%
 682  E6R3E7_Cryptococcus               1.44%    passed     98.97%
 683  G7DW84_Mixia                      2.39%    passed     99.42%
 684  I2G1B8_Ustilago                   0.96%    passed     99.16%
 685  J4I8G7_Fibroporia                 0.96%    passed     97.87%
 686  Q5KKJ1_Cryptococcus               1.44%    passed     99.85%
 687  R9AGB8_Wallemia                   2.39%    passed     99.81%
 688  V5GHH8_Kalmanozyma                0.96%    passed     99.66%
 689  A0A0B7G341_Rhizoctonia            7.18%    passed     60.53%
 690  A0A1Y2IYW8_Trametes               2.39%    passed     84.90%
 691  A0A284RAN9_Armillaria             3.35%    passed     99.76%
 692  A0A286UR16_Pyrrhoderma            3.35%    passed     97.56%
 693  A0A4Y9YSR9_Dentipellis            0.96%    passed     70.14%
 694  A0A8H5M0W8_Tricholomella          4.31%    passed     95.73%
 695  A0A8H6YXU7_Mycena                 3.35%    passed     99.90%
 696  A0A8H7DCL8_Mycena                 2.39%    passed     87.50%
 697  A0A9P8AFL8_Marasmius              0.96%    passed     51.97%
 698  A0A9W8ML86_Candolleomyces         1.44%    passed     97.78%
 699  A0AAD5UZ43_Meripilus              1.44%    passed    100.00%
 700  A0ABQ0KXJ8_Mycena                 3.83%    passed     45.92%
 701  V2XWW7_Moniliophthora             4.31%    passed     99.92%
 702  I1BKX4_Rhizopus                   4.31%    passed     99.83%
 703  Q9H611_Homo                       6.22%    passed     15.34%
 704  A0A015N2M8_Rhizophagus            3.35%    passed     98.99%
 705  A0A0B7N3L9_Parasitella            3.83%    passed     98.02%
 706  A0A0B7NVF9_Parasitella            1.91%    passed     59.18%
 707  A0A0L0HTH8_Spizellomyces          3.35%    passed     88.07%
 708  A0A168NJR9_Absidia                4.31%    passed     99.50%
 709  A0A1C7NKC8_Choanephora            4.31%    passed     94.46%
 710  A0A1C7NS85_Choanephora            4.31%    passed     95.27%
 711  A0A2Z6Q637_Rhizophagus            3.35%    passed     99.62%
 712  A0A507E7A0_Powellomyces           3.35%    passed     98.28%
 713  A0A507FMG7_Chytriomyces           2.87%    passed     98.99%
 714  A0A8H4A8B1_Gigaspora              1.44%    passed     88.30%
 715  A0A8H7Q426_Umbelopsis             3.83%    passed     96.81%
 716  A0A8H7QRS8_Mucor                  4.31%    passed     99.98%
 717  A0A8H7RPV3_Mucor                  1.91%    passed     67.07%
 718  A0A8H7S720_Circinella             4.31%    passed     97.21%
 719  A0A9N8Z8P5_Diversispora           3.35%    passed     81.52%
 720  A0A9N8ZA40_Funneliformis          3.83%    passed     98.17%
 721  A0A9N8ZJ08_Ambispora              4.31%    passed     99.75%
 722  A0A9N9HM59_Dentiscutata           1.44%    passed     96.97%
 723  A0A9P3HK44_Entomortierella        3.35%    passed     83.82%
 724  A0A9P6YYP4_Rhizopus               4.31%    passed     99.77%
 725  A0A9P7BV71_Rhizopus               4.31%    passed     99.21%
 726  A0A9W4WTA5_Funneliformis          3.83%    passed     94.67%
 727  A0AAD7XWI0_Lichtheimia            2.39%    passed     99.88%
 728  A0AAN7D3L5_Mucor                  4.78%    passed     99.37%
 729  A0AAN7D484_Mucor                  4.31%    passed     70.59%
 730  A0ABQ8ESF1_Batrachochytrium       7.18%    passed     98.33%
 731  A0A015KD19_Rhizophagus            4.78%    passed     85.10%
 732  A0A1M2VH00_Trametes               0.96%    passed     97.61%
 733  A0A1Q3E2E1_Lentinula              2.87%    passed     96.19%
 734  A0A8H5FHN3_Ephemerocybe           4.31%    passed     89.78%
 735  A0A8H7Q1B8_Umbelopsis             3.83%    passed     99.99%
 736  A0A9N9IT00_Cetraspora             1.44%    passed     90.45%
 737  A0A9P3UKB6_Lyophyllum             3.83%    passed     90.55%
 738  A0ACC1QDJ0_Trametes              51.44%    failed      0.00%
 739  A0ACC1T620_Phlebia                0.96%    passed     78.55%
 740  A8PUE9_Malassezia                 1.44%    passed     87.02%
 741  A0A0C3AWH9_Serendipita            3.83%    passed     95.85%
 742  A0A0D7ANQ6_Fistulina              1.91%    passed     99.89%
 743  A0A0H2RNB9_Schizopora             1.91%    passed     99.04%
 744  A0A0H2S6Y4_Schizopora             4.31%    passed     87.73%
 745  A0A2A9NU72_Amanita                1.44%    passed     97.57%
 746  A0A4S8MSI0_Dendrothele            3.83%    passed     89.55%
 747  A0A9N9DSD6_Ambispora              4.78%    passed     84.94%
 748  A0ACA9NG08_Acaulospora            3.35%    passed     99.95%
WARNING: 3 sequences contain more than 50% gaps/ambiguity
****  TOTAL                             1.52%  3 sequences failed composition chi2 test (p-value<5%; df=19)

Loading 2 partitions...
Identifying sites to remove: done in 0.00116992 secs using 1158% CPU
Subset	Type	Seqs	Sites	Infor	Invar	Model	Name
1	AA	748	209	178	22	LG+G	AA
2		745	209	177	22	data/3di/3di_substmat.txt+G	TDi
Degree of missing data: 0.002

WARNING: State(s) I, K, M, W rarely appear in partition 2 and may cause numerical problems

Create initial parsimony tree by phylogenetic likelihood library (PLL)... 0.359 seconds
Reading model parameters from file data/3di/3di_substmat.txt

NOTE: 204 MB RAM (0 GB) is required!
Measuring multi-threading efficiency up to 32 CPU cores
Increase to 10 rounds for branch lengths
7 trees examined
Threads: 1 / Time: 33.859 sec / Speedup: 1.000 / Efficiency: 100% / LogL: -268315
Threads: 2 / Time: 19.735 sec / Speedup: 1.716 / Efficiency: 86% / LogL: -268315
Threads: 3 / Time: 16.517 sec / Speedup: 2.050 / Efficiency: 68% / LogL: -268315
Threads: 4 / Time: 14.734 sec / Speedup: 2.298 / Efficiency: 57% / LogL: -268315
Threads: 5 / Time: 13.248 sec / Speedup: 2.556 / Efficiency: 51% / LogL: -268315
Threads: 6 / Time: 12.268 sec / Speedup: 2.760 / Efficiency: 46% / LogL: -268315
Determining AUTO threadcount: done in 110.369 secs using 286.3% CPU
BEST NUMBER OF THREADS: 5

Estimate model parameters (epsilon = 0.100)
Initial log-likelihood: -145074.794
Current log-likelihood at step 1: -143733.008
Current log-likelihood at step 2: -143609.596
Current log-likelihood at step 3: -143608.915
Current log-likelihood at step 4: -143608.878
Partition-specific rates:  1.273 0.727
Parameters optimization took 3 rounds (4.116 sec)

Wrote distance file to... 
Computing ML distances based on estimated model parameters...
Calculating distance matrix: done in 0.00417089 secs using 515.4% CPU
Computing ML distances took 0.006548 sec (of wall-clock time) 0.032454 sec (of CPU time)
WARNING: Some pairwise ML distances are too long (saturated)
Setting up auxiliary I and S matrices: done in 0.000742912 secs using 489.6% CPU
Constructing RapidNJ tree: done in 0.0227079 secs using 580% CPU
Computing RapidNJ tree took 0.023507 sec (of wall-clock time) 0.136706 sec (of CPU time)
Log-likelihood of RapidNJ tree: -259500.186
--------------------------------------------------------------------
|             INITIALIZING CANDIDATE TREE SET                      |
--------------------------------------------------------------------
Generating 98 parsimony trees... 26.562 second
Computing log-likelihood of 98 initial trees ... 23.255 seconds
Current best score: -143479.053

Do NNI search on 20 best initial trees
Estimate model parameters (epsilon = 0.100)
Initial log-likelihood: -142948.834
Current log-likelihood at step 1: -142947.277
Current log-likelihood at step 2: -142947.215
Parameters optimization took 1 rounds (1.364 sec)

BETTER TREE FOUND at iteration 1: -142947.215
Iteration 10 / LogL: -143034.642 / Time: 0h:3m:21s
Iteration 20 / LogL: -143217.957 / Time: 0h:3m:54s
Finish initializing candidate tree set (20)
Current best tree score: -142947.215 / CPU time: 117.023
Number of iterations: 20
--------------------------------------------------------------------
|               OPTIMIZING CANDIDATE TREE SET                      |
--------------------------------------------------------------------
Estimate model parameters (epsilon = 0.100)
Initial log-likelihood: -142937.414
Current log-likelihood at step 1: -142936.697
Current log-likelihood at step 2: -142936.596
Current log-likelihood at step 3: -142936.595
Parameters optimization took 2 rounds (1.788 sec)

BETTER TREE FOUND at iteration 23: -142936.595
Iteration 30 / LogL: -142944.919 / Time: 0h:4m:40s (0h:14m:59s left)
Estimate model parameters (epsilon = 0.100)
Initial log-likelihood: -142913.470
Current log-likelihood at step 1: -142913.247
Current log-likelihood at step 2: -142913.227
Parameters optimization took 1 rounds (1.153 sec)

BETTER TREE FOUND at iteration 33: -142913.227
Estimate model parameters (epsilon = 0.100)
Initial log-likelihood: -142890.566
Current log-likelihood at step 1: -142890.541
Parameters optimization took 0 rounds (0.559 sec)

BETTER TREE FOUND at iteration 36: -142890.541
Estimate model parameters (epsilon = 0.100)
Initial log-likelihood: -142883.655
Current log-likelihood at step 1: -142883.565
Parameters optimization took 0 rounds (0.599 sec)

BETTER TREE FOUND at iteration 39: -142883.565
Iteration 40 / LogL: -142891.253 / Time: 0h:5m:32s (0h:14m:1s left)
Estimate model parameters (epsilon = 0.100)
Initial log-likelihood: -142853.024
Current log-likelihood at step 1: -142852.978
Parameters optimization took 0 rounds (0.577 sec)

BETTER TREE FOUND at iteration 47: -142852.978
Iteration 50 / LogL: -142894.702 / Time: 0h:6m:19s (0h:12m:29s left)
Estimate model parameters (epsilon = 0.100)
Initial log-likelihood: -142844.072
Current log-likelihood at step 1: -142843.975
Parameters optimization took 0 rounds (0.592 sec)

BETTER TREE FOUND at iteration 53: -142843.975
Estimate model parameters (epsilon = 0.100)
Initial log-likelihood: -142842.603
Current log-likelihood at step 1: -142842.392
Current log-likelihood at step 2: -142842.386
Parameters optimization took 1 rounds (1.219 sec)

BETTER TREE FOUND at iteration 59: -142842.386
Iteration 60 / LogL: -142861.728 / Time: 0h:7m:5s (0h:11m:53s left)
Estimate model parameters (epsilon = 0.100)
Initial log-likelihood: -142824.405
Current log-likelihood at step 1: -142823.946
Current log-likelihood at step 2: -142823.936
Parameters optimization took 1 rounds (1.167 sec)

BETTER TREE FOUND at iteration 65: -142823.936
Iteration 70 / LogL: -142865.238 / Time: 0h:7m:51s (0h:10m:48s left)
Iteration 80 / LogL: -142826.223 / Time: 0h:8m:36s (0h:9m:15s left)
Estimate model parameters (epsilon = 0.100)
Initial log-likelihood: -142814.499
Current log-likelihood at step 1: -142814.335
Current log-likelihood at step 2: -142814.323
Parameters optimization took 1 rounds (1.123 sec)

BETTER TREE FOUND at iteration 84: -142814.323
Estimate model parameters (epsilon = 0.100)
Initial log-likelihood: -142801.104
Current log-likelihood at step 1: -142801.076
Parameters optimization took 0 rounds (0.551 sec)

BETTER TREE FOUND at iteration 87: -142801.076
Iteration 90 / LogL: -142933.197 / Time: 0h:9m:23s (0h:10m:14s left)
Iteration 100 / LogL: -142840.338 / Time: 0h:10m:11s (0h:8m:57s left)
Estimate model parameters (epsilon = 0.100)
Initial log-likelihood: -142790.708
Current log-likelihood at step 1: -142790.616
Parameters optimization took 0 rounds (0.605 sec)

BETTER TREE FOUND at iteration 103: -142790.616
Estimate model parameters (epsilon = 0.100)
Initial log-likelihood: -142778.537
Current log-likelihood at step 1: -142778.213
Current log-likelihood at step 2: -142778.199
Parameters optimization took 1 rounds (1.109 sec)

BETTER TREE FOUND at iteration 108: -142778.199
Iteration 110 / LogL: -142780.792 / Time: 0h:11m:0s (0h:9m:53s left)
Iteration 120 / LogL: -142784.640 / Time: 0h:11m:46s (0h:8m:42s left)
Estimate model parameters (epsilon = 0.100)
Initial log-likelihood: -142773.529
Current log-likelihood at step 1: -142773.373
Current log-likelihood at step 2: -142773.373
Parameters optimization took 1 rounds (1.121 sec)

BETTER TREE FOUND at iteration 126: -142773.373
Estimate model parameters (epsilon = 0.100)
Initial log-likelihood: -142760.946
Current log-likelihood at step 1: -142760.440
Current log-likelihood at step 2: -142760.430
Parameters optimization took 1 rounds (1.206 sec)

BETTER TREE FOUND at iteration 128: -142760.430
Estimate model parameters (epsilon = 0.100)
Initial log-likelihood: -142753.605
Current log-likelihood at step 1: -142753.277
Current log-likelihood at step 2: -142753.245
Parameters optimization took 1 rounds (1.200 sec)

BETTER TREE FOUND at iteration 129: -142753.245
Iteration 130 / LogL: -142788.968 / Time: 0h:12m:34s (0h:9m:38s left)
Estimate model parameters (epsilon = 0.100)
Initial log-likelihood: -142748.488
Current log-likelihood at step 1: -142748.278
Current log-likelihood at step 2: -142748.266
Parameters optimization took 1 rounds (1.163 sec)

BETTER TREE FOUND at iteration 133: -142748.266
Iteration 140 / LogL: -142826.790 / Time: 0h:13m:20s (0h:8m:55s left)
Estimate model parameters (epsilon = 0.100)
Initial log-likelihood: -142729.874
Current log-likelihood at step 1: -142729.788
Parameters optimization took 0 rounds (0.581 sec)

BETTER TREE FOUND at iteration 149: -142729.788
Iteration 150 / LogL: -142773.150 / Time: 0h:14m:6s (0h:9m:22s left)
Iteration 160 / LogL: -142759.886 / Time: 0h:14m:51s (0h:8m:18s left)
Iteration 170 / LogL: -142794.512 / Time: 0h:15m:37s (0h:7m:17s left)
Iteration 180 / LogL: -142794.988 / Time: 0h:16m:23s (0h:6m:19s left)
Iteration 190 / LogL: -142792.433 / Time: 0h:17m:9s (0h:5m:21s left)
Iteration 200 / LogL: -142825.834 / Time: 0h:17m:55s (0h:4m:24s left)
Iteration 210 / LogL: -142790.745 / Time: 0h:18m:40s (0h:3m:29s left)
Iteration 220 / LogL: -142770.221 / Time: 0h:19m:27s (0h:2m:34s left)
Iteration 230 / LogL: -142930.077 / Time: 0h:20m:13s (0h:1m:40s left)
Iteration 240 / LogL: -142763.941 / Time: 0h:21m:0s (0h:0m:47s left)
Iteration 250 / LogL: -142750.384 / Time: 0h:21m:46s (0h:0m:-6s left)
TREE SEARCH COMPLETED AFTER 250 ITERATIONS / Time: 0h:21m:46s

--------------------------------------------------------------------
|                    FINALIZING TREE SEARCH                        |
--------------------------------------------------------------------
Performs final model parameters optimization
Estimate model parameters (epsilon = 0.010)
Initial log-likelihood: -142729.788
Current log-likelihood at step 1: -142729.785
Partition-specific rates:  1.278 0.722
Parameters optimization took 0 rounds (0.573 sec)

Partition information was printed to results/reviewer/R2_plddt87.best_model.nex
BEST SCORE FOUND : -142729.785

Testing tree branches by SH-like aLRT with 1000 replicates...
Alternative NNI shows better log-likelihood -142729.245 > -142729.785
Alternative NNI shows better log-likelihood -142729.464 > -142729.785
Alternative NNI shows better log-likelihood -142729.302 > -142729.785
Alternative NNI shows better log-likelihood -142729.757 > -142729.785
1.410 sec.
Total tree length: 83.163

Total number of iterations: 250
CPU time used for tree search: 5773.374 sec (1h:36m:13s)
Wall-clock time used for tree search: 1189.287 sec (0h:19m:49s)
Total CPU time used: 6137.166 sec (1h:42m:17s)
Total wall-clock time used: 1308.434 sec (0h:21m:48s)
Identifying sites to remove: done in 0.000604153 secs using 482.5% CPU

Analysis results written to: 
  IQ-TREE report:                results/reviewer/R2_plddt87.iqtree
  Maximum-likelihood tree:       results/reviewer/R2_plddt87.treefile
  Likelihood distances:          results/reviewer/R2_plddt87.mldist
  Screen log file:               results/reviewer/R2_plddt87.log

Date and Time: Tue Jul  7 14:29:24 2026
===== [R2_plddt87] PREP + GENERAX Tue Jul  7 14:29:24 EDT 2026 =====
[14] rev_R2_plddt87: pruned tree 736 tips, aln 736 seqs (dropped 12 unmapped) -> results/reconciliation/rev_R2_plddt87
[14] GeneRax (on WSL2):
     generax -f results/reconciliation/rev_R2_plddt87/families.txt -s data/species_tree/ncbi_species.nwk \
        -r UndatedDL --unrooted-gene-tree --strategy SPR -p results/reconciliation/rev_R2_plddt87/run
[YeastComp:395271] mca_base_component_repository_open: unable to open mca_btl_openib: librdmacm.so.1: cannot open shared object file: No such file or directory (ignored)
[00:00:00] GeneRax 2.0.4
Logs will also be printed into results/reconciliation/rev_R2_plddt87/run/generax.log
GeneRax was called as follow:
/home/spencer/miniforge3/envs/gx204/bin/generax -f results/reconciliation/rev_R2_plddt87/families.txt -s data/species_tree/grafted_species.binary.nwk -r UndatedDL --unrooted-gene-tree --strategy EVAL -p results/reconciliation/rev_R2_plddt87/run 

General information:
- Output prefix: results/reconciliation/rev_R2_plddt87/run
- Families information: results/reconciliation/rev_R2_plddt87/families.txt
- Species tree: data/species_tree/grafted_species.binary.nwk
- MPI Ranks: 1
- Random seed: 123
- Reconciliation model: UndatedDL
- DTL rates: global rates
- Infer ML reconciliation: ON
- Unrooted reconciliation likelihood: ON
- Prune species tree mode: OFF

Gene tree correction information:
- Gene tree strategy: EVAL
- Max gene SPR radius: 0

[00:00:00] Filtering invalid families...
[Error] Invalid mapping A0A022Y865_Trichophyton<->1215331: can't find the gene A0A022Y865_Trichophyton in the gene tree
[Error] Invalid mapping A0A084GDF4_Scedosporium<->563466: can't find the gene A0A084GDF4_Scedosporium in the gene tree
[Error] Invalid mapping A0A0A8L495_Kluyveromyces<->1427455: can't find the gene A0A0A8L495_Kluyveromyces in the gene tree
[Error] Invalid mapping A0A0C9MZV3_Mucor<->91626: can't find the gene A0A0C9MZV3_Mucor in the gene tree
[Error] Invalid mapping A0A0D6ENE9_Sporobolomyces<->5005: can't find the gene A0A0D6ENE9_Sporobolomyces in the gene tree
[Error] Invalid mapping A0A0F4YPA8_Rasamsonia<->1408163: can't find the gene A0A0F4YPA8_Rasamsonia in the gene tree
[Error] Invalid mapping A0A0F7TPW7_Penicillium<->104259: can't find the gene A0A0F7TPW7_Penicillium in the gene tree
[Error] Invalid mapping A0A0J9X617_Geotrichum<->1173061: can't find the gene A0A0J9X617_Geotrichum in the gene tree
[Error] Invalid mapping A0A0J9XD28_Geotrichum<->1173061: can't find the gene A0A0J9XD28_Geotrichum in the gene tree
[Error] Invalid mapping A0A0L1J6G6_Aspergillus<->1509407: can't find the gene A0A0L1J6G6_Aspergillus in the gene tree
[Error] Invalid mapping A0A0V1Q2Z0_Debaryomyces<->58627: can't find the gene A0A0V1Q2Z0_Debaryomyces in the gene tree
[Error] Invalid mapping A0A166U4T1_Moelleriella<->1081109: can't find the gene A0A166U4T1_Moelleriella in the gene tree
[Error] Invalid mapping A0A168CGZ8_Cordyceps<->1081104: can't find the gene A0A168CGZ8_Cordyceps in the gene tree
[Error] Invalid mapping A0A194VFA7_Cytospora<->578113: can't find the gene A0A194VFA7_Cytospora in the gene tree
[Error] Invalid mapping A0A1B9FTK0_Kwoniella<->1296100: can't find the gene A0A1B9FTK0_Kwoniella in the gene tree
[Error] Invalid mapping A0A1B9GQY0_Kwoniella<->1296120: can't find the gene A0A1B9GQY0_Kwoniella in the gene tree
[Error] Invalid mapping A0A1E1KHD1_Rhynchosporium<->2792576: can't find the gene A0A1E1KHD1_Rhynchosporium in the gene tree
[Error] Invalid mapping A0A1E1KSW3_Rhynchosporium<->914238: can't find the gene A0A1E1KSW3_Rhynchosporium in the gene tree
[Error] Invalid mapping A0A1E5RH49_Hanseniaspora<->56408: can't find the gene A0A1E5RH49_Hanseniaspora in the gene tree
[Error] Invalid mapping A0A1F8AAX5_Aspergillus<->109264: can't find the gene A0A1F8AAX5_Aspergillus in the gene tree
[Error] Invalid mapping A0A1J8Q9H0_Rhizopogon<->180088: can't find the gene A0A1J8Q9H0_Rhizopogon in the gene tree
[Error] Invalid mapping A0A1J9QQT4_Diplodia<->236234: can't find the gene A0A1J9QQT4_Diplodia in the gene tree
[Error] Invalid mapping A0A1L0BLG4_Sungouiella<->45354: can't find the gene A0A1L0BLG4_Sungouiella in the gene tree
[Error] Invalid mapping A0A1L7WWW9_Phialocephala<->576137: can't find the gene A0A1L7WWW9_Phialocephala in the gene tree
[Error] Invalid mapping A0A1U7LSY4_Neolecta<->1198029: can't find the gene A0A1U7LSY4_Neolecta in the gene tree
[Error] Invalid mapping A0A1V6V0V5_Penicillium<->36646: can't find the gene A0A1V6V0V5_Penicillium in the gene tree
[Error] Invalid mapping A0A1X7R554_Maudiozyma<->1789683: can't find the gene A0A1X7R554_Maudiozyma in the gene tree
[Error] Invalid mapping A0A218YVE5_Diplocarpon<->2795749: can't find the gene A0A218YVE5_Diplocarpon in the gene tree
[Error] Invalid mapping A0A225ACG2_Talaromyces<->1441469: can't find the gene A0A225ACG2_Talaromyces in the gene tree
[Error] Invalid mapping A0A232LWR6_Elaphomyces<->519963: can't find the gene A0A232LWR6_Elaphomyces in the gene tree
[Error] Invalid mapping A0A261Y8L7_Bifiguratus<->1938954: can't find the gene A0A261Y8L7_Bifiguratus in the gene tree
[Error] Invalid mapping A0A292Q3K7_Tuber<->59557: can't find the gene A0A292Q3K7_Tuber in the gene tree
[Error] Invalid mapping A0A2K3Q965_Tolypocladium<->45235: can't find the gene A0A2K3Q965_Tolypocladium in the gene tree
[Error] Invalid mapping A0A2N3NCB3_Lomentospora<->41688: can't find the gene A0A2N3NCB3_Lomentospora in the gene tree
[Error] Invalid mapping A0A2P7YYZ7_Candidozyma<->418784: can't find the gene A0A2P7YYZ7_Candidozyma in the gene tree
[Error] Invalid mapping A0A2S5BEQ4_Rhodotorula<->741276: can't find the gene A0A2S5BEQ4_Rhodotorula in the gene tree
[Error] Invalid mapping A0A2V1AIT0_Candidozyma<->1231522: can't find the gene A0A2V1AIT0_Candidozyma in the gene tree
[Error] Invalid mapping A0A2V1AQV1_Candidozyma<->45357: can't find the gene A0A2V1AQV1_Candidozyma in the gene tree
[Error] Invalid mapping A0A2X0LW32_Microbotryum<->796604: can't find the gene A0A2X0LW32_Microbotryum in the gene tree
[Error] Invalid mapping A0A367L4D8_Ophiocordyceps<->1330021: can't find the gene A0A367L4D8_Ophiocordyceps in the gene tree
[Error] Invalid mapping A0A395J7K7_Monilinia<->38457: can't find the gene A0A395J7K7_Monilinia in the gene tree
[Error] Invalid mapping A0A3A2ZL16_Aspergillus<->2070753: can't find the gene A0A3A2ZL16_Aspergillus in the gene tree
[Error] Invalid mapping A0A3E2GT96_Scytalidium<->5539: can't find the gene A0A3E2GT96_Scytalidium in the gene tree
[Error] Invalid mapping A0A401G8C9_Sparassis<->139825: can't find the gene A0A401G8C9_Sparassis in the gene tree
[Error] Invalid mapping A0A409VCH1_Gymnopilus<->231916: can't find the gene A0A409VCH1_Gymnopilus in the gene tree
[Error] Invalid mapping A0A420Y4N6_Coniochaeta<->177199: can't find the gene A0A420Y4N6_Coniochaeta in the gene tree
[Error] Invalid mapping A0A4S4LN17_Bondarzewia<->1095465: can't find the gene A0A4S4LN17_Bondarzewia in the gene tree
[Error] Invalid mapping A0A4S4LSC0_Bondarzewia<->1095465: can't find the gene A0A4S4LSC0_Bondarzewia in the gene tree
[Error] Invalid mapping A0A4S4MSG5_Antrodiella<->2447956: can't find the gene A0A4S4MSG5_Antrodiella in the gene tree
[Error] Invalid mapping A0A4S8RIP6_Botrytis<->278940: can't find the gene A0A4S8RIP6_Botrytis in the gene tree
[Error] Invalid mapping A0A4V3UMW7_Aspergillus<->1220188: can't find the gene A0A4V3UMW7_Aspergillus in the gene tree
[Error] Invalid mapping A0A4Y8D3B0_Botryotinia<->38488: can't find the gene A0A4Y8D3B0_Botryotinia in the gene tree
[Error] Invalid mapping A0A4Y9YGX5_Dentipellis<->205917: can't find the gene A0A4Y9YGX5_Dentipellis in the gene tree
[Error] Invalid mapping A0A4Z1EL52_Botrytis<->87230: can't find the gene A0A4Z1EL52_Botrytis in the gene tree
[Error] Invalid mapping A0A4Z1I1P6_Botryotinia<->278944: can't find the gene A0A4Z1I1P6_Botryotinia in the gene tree
[Error] Invalid mapping A0A4Z1L1J9_Botrytis<->87229: can't find the gene A0A4Z1L1J9_Botrytis in the gene tree
[Error] Invalid mapping A0A4Z1NVH7_Venturia<->86259: can't find the gene A0A4Z1NVH7_Venturia in the gene tree
[Error] Invalid mapping A0A553I2H5_Xylaria<->2512241: can't find the gene A0A553I2H5_Xylaria in the gene tree
[Error] Invalid mapping A0A5C3EV21_Pseudozyma<->84751: can't find the gene A0A5C3EV21_Pseudozyma in the gene tree
[Error] Invalid mapping A0A5E8BI10_Magnusiomyces<->2606893: can't find the gene A0A5E8BI10_Magnusiomyces in the gene tree
[Error] Invalid mapping A0A5M6C8X0_Kwoniella<->1734106: can't find the gene A0A5M6C8X0_Kwoniella in the gene tree
[Error] Invalid mapping A0A5M9JJ09_Monilinia<->38448: can't find the gene A0A5M9JJ09_Monilinia in the gene tree
[Error] Invalid mapping A0A5N5QIE1_Ceratobasidium<->1582974: can't find the gene A0A5N5QIE1_Ceratobasidium in the gene tree
[Error] Invalid mapping A0A642UJS9_Trichomonascus<->44093: can't find the gene A0A642UJS9_Trichomonascus in the gene tree
[Error] Invalid mapping A0A7D9D0S1_Brettanomyces<->5007: can't find the gene A0A7D9D0S1_Brettanomyces in the gene tree
[Error] Invalid mapping A0A7G3ZIW5_Torulaspora<->48254: can't find the gene A0A7G3ZIW5_Torulaspora in the gene tree
[Error] Invalid mapping A0A7H9AW24_Zygotorulaspora<->42260: can't find the gene A0A7H9AW24_Zygotorulaspora in the gene tree
[Error] Invalid mapping A0A8H4T4I9_Fusarium<->282569: can't find the gene A0A8H4T4I9_Fusarium in the gene tree
[Error] Invalid mapping A0A8H4XL08_Fusarium<->1053134: can't find the gene A0A8H4XL08_Fusarium in the gene tree
[Error] Invalid mapping A0A8H5CYE4_Tetrapyrgos<->182062: can't find the gene A0A8H5CYE4_Tetrapyrgos in the gene tree
[Error] Invalid mapping A0A8H5GCJ7_Leucocoprinus<->201217: can't find the gene A0A8H5GCJ7_Leucocoprinus in the gene tree
[Error] Invalid mapping A0A8H5H1J4_Tetrapyrgos<->182062: can't find the gene A0A8H5H1J4_Tetrapyrgos in the gene tree
[Error] Invalid mapping A0A8H5HHS9_Tricholomella<->117010: can't find the gene A0A8H5HHS9_Tricholomella in the gene tree
[Error] Invalid mapping A0A8H5M8P6_Collybiopsis<->2823264: can't find the gene A0A8H5M8P6_Collybiopsis in the gene tree
[Error] Invalid mapping A0A8H5UR89_Fusarium<->56676: can't find the gene A0A8H5UR89_Fusarium in the gene tree
[Error] Invalid mapping A0A8H5WXE6_Fusarium<->42747: can't find the gene A0A8H5WXE6_Fusarium in the gene tree
[Error] Invalid mapping A0A8H6P867_Aspergillus<->1194566: can't find the gene A0A8H6P867_Aspergillus in the gene tree
[Error] Invalid mapping A0A8H6X7X8_Mycena<->230812: can't find the gene A0A8H6X7X8_Mycena in the gene tree
[Error] Invalid mapping A0A8H7V8V8_Mucor<->64648: can't find the gene A0A8H7V8V8_Mucor in the gene tree
[Error] Invalid mapping A0A9N8P4J7_Aureobasidium<->2773715: can't find the gene A0A9N8P4J7_Aureobasidium in the gene tree
[Error] Invalid mapping A0A9N8P9K6_Aureobasidium<->2773714: can't find the gene A0A9N8P9K6_Aureobasidium in the gene tree
[Error] Invalid mapping A0A9N8PPA1_Aureobasidium<->2773716: can't find the gene A0A9N8PPA1_Aureobasidium in the gene tree
[Error] Invalid mapping A0A9P0QRK9_Kurtzmaniella<->45579: can't find the gene A0A9P0QRK9_Kurtzmaniella in the gene tree
[Error] Invalid mapping A0A9P3G2I0_Phanerochaete<->48140: can't find the gene A0A9P3G2I0_Phanerochaete in the gene tree
[Error] Invalid mapping A0A9P3G3Y6_Phanerochaete<->48140: can't find the gene A0A9P3G3Y6_Phanerochaete in the gene tree
[Error] Invalid mapping A0A9P3G4R7_Phanerochaete<->48140: can't find the gene A0A9P3G4R7_Phanerochaete in the gene tree
[Error] Invalid mapping A0A9P3HAH0_Entomortierella<->205924: can't find the gene A0A9P3HAH0_Entomortierella in the gene tree
[Error] Invalid mapping A0A9P3HF53_Entomortierella<->205924: can't find the gene A0A9P3HF53_Entomortierella in the gene tree
[Error] Invalid mapping A0A9P3HK37_Entomortierella<->205924: can't find the gene A0A9P3HK37_Entomortierella in the gene tree
[Error] Invalid mapping A0A9P3HKJ7_Entomortierella<->205924: can't find the gene A0A9P3HKJ7_Entomortierella in the gene tree
[Error] Invalid mapping A0A9P5HJJ0_Cylindrodendrum<->595255: can't find the gene A0A9P5HJJ0_Cylindrodendrum in the gene tree
[Error] Invalid mapping A0A9P5IFU8_Botrytis<->139641: can't find the gene A0A9P5IFU8_Botrytis in the gene tree
[Error] Invalid mapping A0A9P6VJM9_Hyphodiscus<->353542: can't find the gene A0A9P6VJM9_Hyphodiscus in the gene tree
[Error] Invalid mapping A0A9P8AFI1_Marasmius<->181124: can't find the gene A0A9P8AFI1_Marasmius in the gene tree
[Error] Invalid mapping A0A9P8PN42_Wickerhamomyces<->1378264: can't find the gene A0A9P8PN42_Wickerhamomyces in the gene tree
[Error] Invalid mapping A0A9W9M2N2_Penicillium<->2972119: can't find the gene A0A9W9M2N2_Penicillium in the gene tree
[Error] Invalid mapping A0A9W9XDN3_Penicillium<->2819901: can't find the gene A0A9W9XDN3_Penicillium in the gene tree
[Error] Invalid mapping A0AAD2HTN7_Mycena<->2018698: can't find the gene A0AAD2HTN7_Mycena in the gene tree
[Error] Invalid mapping A0AAD5VW10_Leucocoprinus<->56174: can't find the gene A0AAD5VW10_Leucocoprinus in the gene tree
[Error] Invalid mapping A0AAD5YMS7_Meripilus<->2056292: can't find the gene A0AAD5YMS7_Meripilus in the gene tree
[Error] Invalid mapping A0AAD6GIB4_Penicillium<->3151616: can't find the gene A0AAD6GIB4_Penicillium in the gene tree
[Error] Invalid mapping A0AAD9T215_Diplocarpon<->946125: can't find the gene A0AAD9T215_Diplocarpon in the gene tree
[Error] Invalid mapping A0AAJ8KXR9_Kwoniella<->1296121: can't find the gene A0AAJ8KXR9_Kwoniella in the gene tree
[Error] Invalid mapping A0AAJ8M2S8_Cryptococcus<->1295531: can't find the gene A0AAJ8M2S8_Cryptococcus in the gene tree
[Error] Invalid mapping A0AAN6NX75_Pseudoneurospora<->241081: can't find the gene A0AAN6NX75_Pseudoneurospora in the gene tree
[Error] Invalid mapping A0AAN6PR26_Parachaetomium<->2588326: can't find the gene A0AAN6PR26_Parachaetomium in the gene tree
[Error] Invalid mapping A0AAV5RMN1_Starmerella<->1247836: can't find the gene A0AAV5RMN1_Starmerella in the gene tree
[Error] Invalid mapping A0AAV5RS12_Starmerella<->1247836: can't find the gene A0AAV5RS12_Starmerella in the gene tree
[Error] Invalid mapping A0AAV5S599_Maudiozyma<->51915: can't find the gene A0AAV5S599_Maudiozyma in the gene tree
[Error] Invalid mapping A0AAW0BFE3_Favolaschia<->2862362: can't find the gene A0AAW0BFE3_Favolaschia in the gene tree
[Error] Invalid mapping A0AAW0R3B8_Apiospora<->1337665: can't find the gene A0AAW0R3B8_Apiospora in the gene tree
[Error] Invalid mapping A0AAW0YQW8_Kwoniella<->1651941: can't find the gene A0AAW0YQW8_Kwoniella in the gene tree
[Error] Invalid mapping A0AAX4K8N5_Kwoniella<->1295534: can't find the gene A0AAX4K8N5_Kwoniella in the gene tree
[Error] Invalid mapping A0AB34G0U3_Purpureocillium<->1247861: can't find the gene A0AB34G0U3_Purpureocillium in the gene tree
[Error] Invalid mapping A0ABN8VEY2_Saccharomyces<->1080349: can't find the gene A0ABN8VEY2_Saccharomyces in the gene tree
[Error] Invalid mapping A0ABN8VSG3_Saccharomyces<->1080349: can't find the gene A0ABN8VSG3_Saccharomyces in the gene tree
[Error] Invalid mapping A0ABN8WKL1_Saccharomyces<->230603: can't find the gene A0ABN8WKL1_Saccharomyces in the gene tree
[Error] Invalid mapping A0ABN8WPA3_Saccharomyces<->230603: can't find the gene A0ABN8WPA3_Saccharomyces in the gene tree
[Error] Invalid mapping A0ABP0EFL8_Kurtzmaniella<->148631: can't find the gene A0ABP0EFL8_Kurtzmaniella in the gene tree
[Error] Invalid mapping A0ABP0ZHK7_Lodderomyces<->1775926: can't find the gene A0ABP0ZHK7_Lodderomyces in the gene tree
[Error] Invalid mapping A0ABP1CKG3_Somion<->3059160: can't find the gene A0ABP1CKG3_Somion in the gene tree
[Error] Invalid mapping A0ABP1CKG6_Somion<->3059160: can't find the gene A0ABP1CKG6_Somion in the gene tree
[Error] Invalid mapping A0ABP1CNA1_Somion<->3059160: can't find the gene A0ABP1CNA1_Somion in the gene tree
[Error] Invalid mapping A0ABP1CNE3_Somion<->3059160: can't find the gene A0ABP1CNE3_Somion in the gene tree
[Error] Invalid mapping A0ABP2EZZ6_Blastomyces<->559297: can't find the gene A0ABP2EZZ6_Blastomyces in the gene tree
[Error] Invalid mapping A0ABQ0CIR6_Epichloe<->79588: can't find the gene A0ABQ0CIR6_Epichloe in the gene tree
[Error] Invalid mapping A0ABQ0GRH5_Madurella<->1157608: can't find the gene A0ABQ0GRH5_Madurella in the gene tree
[Error] Invalid mapping A0ABQ0L4N8_Mycena<->658473: can't find the gene A0ABQ0L4N8_Mycena in the gene tree
[Error] Invalid mapping A0ABQ0M0T4_Mycena<->658473: can't find the gene A0ABQ0M0T4_Mycena in the gene tree
[Error] Invalid mapping A0ABQ1A1P2_Aspergillus<->91492: can't find the gene A0ABQ1A1P2_Aspergillus in the gene tree
[Error] Invalid mapping A0ABQ7IPQ8_Botrytis<->2478750: can't find the gene A0ABQ7IPQ8_Botrytis in the gene tree
[Error] Invalid mapping A0ABQ8N742_Pyricularia<->148305: can't find the gene A0ABQ8N742_Pyricularia in the gene tree
[Error] Invalid mapping A0ABQ9SFB4_Colletotrichum<->1914294: can't find the gene A0ABQ9SFB4_Colletotrichum in the gene tree
[Error] Invalid mapping A0ABR0SAG8_Cladobotryum<->491253: can't find the gene A0ABR0SAG8_Cladobotryum in the gene tree
[Error] Invalid mapping A0ABR1PTT1_Apiospora<->335848: can't find the gene A0ABR1PTT1_Apiospora in the gene tree
[Error] Invalid mapping A0ABR1RLE4_Apiospora<->335849: can't find the gene A0ABR1RLE4_Apiospora in the gene tree
[Error] Invalid mapping A0ABR1RWV5_Apiospora<->990691: can't find the gene A0ABR1RWV5_Apiospora in the gene tree
[Error] Invalid mapping A0ABR1UF14_Apiospora<->335842: can't find the gene A0ABR1UF14_Apiospora in the gene tree
[Error] Invalid mapping A0ABR1X8Q2_Apiospora<->1337664: can't find the gene A0ABR1X8Q2_Apiospora in the gene tree
[Error] Invalid mapping A0ABR2HLJ4_Apiospora<->335852: can't find the gene A0ABR2HLJ4_Apiospora in the gene tree
[Error] Invalid mapping A0ABR3BM64_Cryptococcus<->1296105: can't find the gene A0ABR3BM64_Cryptococcus in the gene tree
[Error] Invalid mapping A0ABR3DMS4_Neurospora<->5142: can't find the gene A0ABR3DMS4_Neurospora in the gene tree
[Error] Invalid mapping A0ABR3P4W3_Neodothiora<->2781224: can't find the gene A0ABR3P4W3_Neodothiora in the gene tree
[Error] Invalid mapping A0ABR3VRV6_Mycothermus<->85995: can't find the gene A0ABR3VRV6_Mycothermus in the gene tree
[Error] Invalid mapping A0ABR3Y3X8_Phialemonium<->223376: can't find the gene A0ABR3Y3X8_Phialemonium in the gene tree
[Error] Invalid mapping A0ABR4D136_Oculimacula<->86028: can't find the gene A0ABR4D136_Oculimacula in the gene tree
[Error] Invalid mapping A0ABR4DNY3_Remersonia<->72144: can't find the gene A0ABR4DNY3_Remersonia in the gene tree
[Error] Invalid mapping A0ABR4NXG5_Nakaseomyces<->273131: can't find the gene A0ABR4NXG5_Nakaseomyces in the gene tree
[Error] Invalid mapping A0ABR4P0R8_Nakaseomyces<->273131: can't find the gene A0ABR4P0R8_Nakaseomyces in the gene tree
[Error] Invalid mapping A0ABR5B432_Cryptococcus<->1296111: can't find the gene A0ABR5B432_Cryptococcus in the gene tree
[Error] Invalid mapping A0ABR5BLN6_Cryptococcus<->1296103: can't find the gene A0ABR5BLN6_Cryptococcus in the gene tree
[Error] Invalid mapping A0ABX8I2X5_Candidozyma<->45357: can't find the gene A0ABX8I2X5_Candidozyma in the gene tree
[Error] Invalid mapping A0ABY0HA38_Monosporascus<->155416: can't find the gene A0ABY0HA38_Monosporascus in the gene tree
[Error] Invalid mapping A0ABZ1DBQ0_Kwoniella<->564305: can't find the gene A0ABZ1DBQ0_Kwoniella in the gene tree
[Error] Invalid mapping A0ABZ2B030_Cryptococcus<->1859122: can't find the gene A0ABZ2B030_Cryptococcus in the gene tree
[Error] Invalid mapping A0ABZ2WRY7_Fusarium<->5515: can't find the gene A0ABZ2WRY7_Fusarium in the gene tree
[Error] Invalid mapping A0ACA9TUV3_Clonostachys<->1349383: can't find the gene A0ACA9TUV3_Clonostachys in the gene tree
[Error] Invalid mapping A0ACA9Y7U7_Yamadazyma<->467808: can't find the gene A0ACA9Y7U7_Yamadazyma in the gene tree
[Error] Invalid mapping A0ACB6V604_Geotrichum<->27317: can't find the gene A0ACB6V604_Geotrichum in the gene tree
[Error] Invalid mapping A0ACB6V835_Geotrichum<->27317: can't find the gene A0ACB6V835_Geotrichum in the gene tree
[Error] Invalid mapping A0ACB7IKH0_Pleurotus<->5321: can't find the gene A0ACB7IKH0_Pleurotus in the gene tree
[Error] Invalid mapping A0ACB7J0F3_Pleurotus<->5321: can't find the gene A0ACB7J0F3_Pleurotus in the gene tree
[Error] Invalid mapping A0ACC0QR54_Fusarium<->1328300: can't find the gene A0ACC0QR54_Fusarium in the gene tree
[Error] Invalid mapping A0ACC1N0K5_Zarea<->93591: can't find the gene A0ACC1N0K5_Zarea in the gene tree
[Error] Invalid mapping A0ACC1P622_Trametes<->158606: can't find the gene A0ACC1P622_Trametes in the gene tree
[Error] Invalid mapping A0ACC1PT71_Xylaria<->42375: can't find the gene A0ACC1PT71_Xylaria in the gene tree
[Error] Invalid mapping A0ACC1RAE9_Lecanicillium<->468837: can't find the gene A0ACC1RAE9_Lecanicillium in the gene tree
[Error] Invalid mapping A0ACC1RL04_Fusarium<->57161: can't find the gene A0ACC1RL04_Fusarium in the gene tree
[Error] Invalid mapping A0ACC1T3Q8_Phlebia<->194682: can't find the gene A0ACC1T3Q8_Phlebia in the gene tree
[Error] Invalid mapping A0ACC2HQW4_Boeremia<->749465: can't find the gene A0ACC2HQW4_Boeremia in the gene tree
[Error] Invalid mapping A0ACD3Z1H8_Fusarium<->2747967: can't find the gene A0ACD3Z1H8_Fusarium in the gene tree
[Error] Invalid mapping A1DDJ4_Aspergillus<->331117: can't find the gene A1DDJ4_Aspergillus in the gene tree
[Error] Invalid mapping A7EDF0_Sclerotinia<->665079: can't find the gene A7EDF0_Sclerotinia in the gene tree
[Error] Invalid mapping B6Q6C2_Talaromyces<->441960: can't find the gene B6Q6C2_Talaromyces in the gene tree
[Error] Invalid mapping B8LYE9_Talaromyces<->441959: can't find the gene B8LYE9_Talaromyces in the gene tree
[Error] Invalid mapping B9WMD7_Candida<->573826: can't find the gene B9WMD7_Candida in the gene tree
[Error] Invalid mapping C4JUZ0_Uncinocarpus<->336963: can't find the gene C4JUZ0_Uncinocarpus in the gene tree
[Error] Invalid mapping C5FMN5_Microsporum<->554155: can't find the gene C5FMN5_Microsporum in the gene tree
[Error] Invalid mapping D4B4E8_Trichophyton<->663331: can't find the gene D4B4E8_Trichophyton in the gene tree
[Error] Invalid mapping D4DAK6_Trichophyton<->663202: can't find the gene D4DAK6_Trichophyton in the gene tree
[Error] Invalid mapping E6RE98_Cryptococcus<->367775: can't find the gene E6RE98_Cryptococcus in the gene tree
[Error] Invalid mapping E9ETX6_Metarhizium<->655844: can't find the gene E9ETX6_Metarhizium in the gene tree
[Error] Invalid mapping F0XHJ8_Leptographium<->655863: can't find the gene F0XHJ8_Leptographium in the gene tree
[Error] Invalid mapping F2PR25_Trichophyton<->559882: can't find the gene F2PR25_Trichophyton in the gene tree
[Error] Invalid mapping F2S1K4_Trichophyton<->647933: can't find the gene F2S1K4_Trichophyton in the gene tree
[Error] Invalid mapping F2T115_Trichophyton<->559305: can't find the gene F2T115_Trichophyton in the gene tree
[Error] Invalid mapping F7VS34_Sordaria<->771870: can't find the gene F7VS34_Sordaria in the gene tree
[Error] Invalid mapping G3JM88_Cordyceps<->983644: can't find the gene G3JM88_Cordyceps in the gene tree
[Error] Invalid mapping G8ZVF0_Torulaspora<->4950: can't find the gene G8ZVF0_Torulaspora in the gene tree
[Error] Invalid mapping H0GLS5_Saccharomyces<->1095631: can't find the gene H0GLS5_Saccharomyces in the gene tree
[Error] Invalid mapping I2H165_Henningerozyma<->1071380: can't find the gene I2H165_Henningerozyma in the gene tree
[Error] Invalid mapping J4H1T8_Fibroporia<->599839: can't find the gene J4H1T8_Fibroporia in the gene tree
[Error] Invalid mapping J9W1Z3_Cryptococcus<->235443: can't find the gene J9W1Z3_Cryptococcus in the gene tree
[Error] Invalid mapping K1WDM8_Trichosporon<->1220162: can't find the gene K1WDM8_Trichosporon in the gene tree
[Error] Invalid mapping M3IP21_Candida<->1245528: can't find the gene M3IP21_Candida in the gene tree
[Error] Invalid mapping Q5AXT5_Aspergillus<->227321: can't find the gene Q5AXT5_Aspergillus in the gene tree
[Error] Invalid mapping Q5KCW7_Cryptococcus<->214684: can't find the gene Q5KCW7_Cryptococcus in the gene tree
[Error] Invalid mapping Q6CEU3_Yarrowia<->284591: can't find the gene Q6CEU3_Yarrowia in the gene tree
[Error] Invalid mapping Q6CQY1_Kluyveromyces<->284590: can't find the gene Q6CQY1_Kluyveromyces in the gene tree
[Error] Invalid mapping Q6FPW0_Nakaseomyces<->284593: can't find the gene Q6FPW0_Nakaseomyces in the gene tree
[Error] Invalid mapping Q756Y6_Eremothecium<->284811: can't find the gene Q756Y6_Eremothecium in the gene tree
[Error] Invalid mapping Q7RXT1_Neurospora<->367110: can't find the gene Q7RXT1_Neurospora in the gene tree
[Error] Invalid mapping S3DLT2_Glarea<->1116229: can't find the gene S3DLT2_Glarea in the gene tree
[Error] Invalid mapping U5H9L9_Microbotryum<->683840: can't find the gene U5H9L9_Microbotryum in the gene tree
[Error] Invalid mapping V2XGD7_Moniliophthora<->1381753: can't find the gene V2XGD7_Moniliophthora in the gene tree

Error in family pif1: Failed to map genes and species
WARNING!!! Found 1 invalid families (they will be discarded from the analysis)
[Error] No valid families! Aborting GeneRax
----- [R2_plddt87] event totals -----
cat: results/reconciliation/rev_R2_plddt87/run/reconciliations/pif1_eventCounts.txt: No such file or directory
----- [R2_plddt87] MRCA deepdive -----
tips: total=748  ScPif1=P07271_Saccharomyces  ScRrm3=P38766_Saccharomyces  Pfh1=Q9UUA2_Schizosaccharomyces  human=Q9H611_Homo

=== Q1: duplication node = MRCA(ScPif1,ScRrm3) ===
  subtends 157 genes / 94 species

  -- Pif1(P07271) clade: 78 genes / 74 species --
     Saccharomycotina sub-lineages present (78 genes):
         35  Saccharomycetaceae
         17  Pichiaceae
         16  Debaryomycetaceae
          6  Metschnikowiaceae
          2  Wickerhamomycetaceae
          1  Saccharomycopsidaceae
          1  Saccharomycodaceae

  -- Rrm3(P38766) clade: 79 genes / 77 species --
     Saccharomycotina sub-lineages present (79 genes):
         29  Saccharomycetaceae
         23  Debaryomycetaceae
         12  Pichiaceae
          5  Saccharomycodaceae
          5  Metschnikowiaceae
          3  Wickerhamomycetaceae
          1  Saccharomycopsidaceae
          1  Trichomonascaceae

  Saccharomycotina sub-lineages in BOTH paralog clades (7): ['Debaryomycetaceae', 'Metschnikowiaceae', 'Pichiaceae', 'Saccharomycetaceae', 'Saccharomycodaceae', 'Saccharomycopsidaceae', 'Wickerhamomycetaceae']
  only in Pif1 clade: []
  only in Rrm3 clade: ['Trichomonascaceae']
===== [R2_plddt87] DONE Tue Jul  7 14:29:25 EDT 2026 =====
R2ALLDONE Tue Jul  7 14:29:25 EDT 2026
